--
-- PostgreSQL database dump
--

SET statement_timeout = 0;
SET client_encoding = 'UTF8';
SET standard_conforming_strings = on;
SET check_function_bodies = false;
SET client_min_messages = warning;

SET search_path = public, pg_catalog;

ALTER TABLE ONLY public.user_role_map DROP CONSTRAINT user_role_map_fk_2;
ALTER TABLE ONLY public.user_role_map DROP CONSTRAINT user_role_map_fk_1;
ALTER TABLE ONLY public.role DROP CONSTRAINT role_entity_id_fk;
ALTER TABLE ONLY public.report_parameter DROP CONSTRAINT report_parameter_fk_1;
ALTER TABLE ONLY public.report DROP CONSTRAINT report_fk_1;
ALTER TABLE ONLY public.purchase_order_master DROP CONSTRAINT purchase_order_master_order_id_fkey;
ALTER TABLE ONLY public.purchase_order DROP CONSTRAINT purchase_order_fk_6;
ALTER TABLE ONLY public.purchase_order DROP CONSTRAINT purchase_order_fk_5;
ALTER TABLE ONLY public.purchase_order DROP CONSTRAINT purchase_order_fk_4;
ALTER TABLE ONLY public.purchase_order DROP CONSTRAINT purchase_order_fk_3;
ALTER TABLE ONLY public.purchase_order DROP CONSTRAINT purchase_order_fk_2;
ALTER TABLE ONLY public.purchase_order DROP CONSTRAINT purchase_order_fk_1;
ALTER TABLE ONLY public.promotion DROP CONSTRAINT promotion_fk_1;
ALTER TABLE ONLY public.process_run_user DROP CONSTRAINT process_run_user_fk_2;
ALTER TABLE ONLY public.process_run_user DROP CONSTRAINT process_run_user_fk_1;
ALTER TABLE ONLY public.process_run_total_pm DROP CONSTRAINT process_run_total_pm_fk_1;
ALTER TABLE ONLY public.process_run_total DROP CONSTRAINT process_run_total_fk_2;
ALTER TABLE ONLY public.process_run_total DROP CONSTRAINT process_run_total_fk_1;
ALTER TABLE ONLY public.process_run DROP CONSTRAINT process_run_fk_2;
ALTER TABLE ONLY public.process_run DROP CONSTRAINT process_run_fk_1;
ALTER TABLE ONLY public.preference DROP CONSTRAINT preference_fk_2;
ALTER TABLE ONLY public.preference DROP CONSTRAINT preference_fk_1;
ALTER TABLE ONLY public.pluggable_task_type DROP CONSTRAINT pluggable_task_type_fk_1;
ALTER TABLE ONLY public.pluggable_task_parameter DROP CONSTRAINT pluggable_task_parameter_fk_1;
ALTER TABLE ONLY public.pluggable_task DROP CONSTRAINT pluggable_task_fk_2;
ALTER TABLE ONLY public.pluggable_task DROP CONSTRAINT pluggable_task_fk_1;
ALTER TABLE ONLY public.permission_user DROP CONSTRAINT permission_user_fk_2;
ALTER TABLE ONLY public.permission_user DROP CONSTRAINT permission_user_fk_1;
ALTER TABLE ONLY public.permission_role_map DROP CONSTRAINT permission_role_map_fk_2;
ALTER TABLE ONLY public.permission_role_map DROP CONSTRAINT permission_role_map_fk_1;
ALTER TABLE ONLY public.permission DROP CONSTRAINT permission_fk_1;
ALTER TABLE ONLY public.payment_invoice DROP CONSTRAINT payment_invoice_fk_2;
ALTER TABLE ONLY public.payment_invoice DROP CONSTRAINT payment_invoice_fk_1;
ALTER TABLE ONLY public.payment_info_cheque DROP CONSTRAINT payment_info_cheque_fk_1;
ALTER TABLE ONLY public.payment DROP CONSTRAINT payment_fk_6;
ALTER TABLE ONLY public.payment DROP CONSTRAINT payment_fk_5;
ALTER TABLE ONLY public.payment DROP CONSTRAINT payment_fk_4;
ALTER TABLE ONLY public.payment DROP CONSTRAINT payment_fk_3;
ALTER TABLE ONLY public.payment DROP CONSTRAINT payment_fk_2;
ALTER TABLE ONLY public.payment DROP CONSTRAINT payment_fk_1;
ALTER TABLE ONLY public.payment_authorization DROP CONSTRAINT payment_authorization_fk_1;
ALTER TABLE ONLY public.partner_payout DROP CONSTRAINT partner_payout_fk_1;
ALTER TABLE ONLY public.partner DROP CONSTRAINT partner_fk_4;
ALTER TABLE ONLY public.partner DROP CONSTRAINT partner_fk_3;
ALTER TABLE ONLY public.partner DROP CONSTRAINT partner_fk_2;
ALTER TABLE ONLY public.partner DROP CONSTRAINT partner_fk_1;
ALTER TABLE ONLY public.order_process DROP CONSTRAINT order_process_fk_1;
ALTER TABLE ONLY public.order_period DROP CONSTRAINT order_period_fk_2;
ALTER TABLE ONLY public.order_period DROP CONSTRAINT order_period_fk_1;
ALTER TABLE ONLY public.order_line DROP CONSTRAINT order_line_fk_3;
ALTER TABLE ONLY public.order_line DROP CONSTRAINT order_line_fk_2;
ALTER TABLE ONLY public.order_line DROP CONSTRAINT order_line_fk_1;
ALTER TABLE ONLY public.notification_message_type DROP CONSTRAINT notification_message_type_fk_1;
ALTER TABLE ONLY public.notification_message_section DROP CONSTRAINT notification_message_section_fk_1;
ALTER TABLE ONLY public.notification_message_line DROP CONSTRAINT notification_message_line_fk_1;
ALTER TABLE ONLY public.notification_message DROP CONSTRAINT notification_message_fk_3;
ALTER TABLE ONLY public.notification_message DROP CONSTRAINT notification_message_fk_2;
ALTER TABLE ONLY public.notification_message DROP CONSTRAINT notification_message_fk_1;
ALTER TABLE ONLY public.notification_message_arch_line DROP CONSTRAINT notif_mess_arch_line_fk_1;
ALTER TABLE ONLY public.mediation_record_line DROP CONSTRAINT mediation_record_line_fk_2;
ALTER TABLE ONLY public.mediation_record_line DROP CONSTRAINT mediation_record_line_fk_1;
ALTER TABLE ONLY public.mediation_record DROP CONSTRAINT mediation_record_fk_2;
ALTER TABLE ONLY public.mediation_record DROP CONSTRAINT mediation_record_fk_1;
ALTER TABLE ONLY public.mediation_process DROP CONSTRAINT mediation_process_fk_1;
ALTER TABLE ONLY public.mediation_order_map DROP CONSTRAINT mediation_order_map_fk_2;
ALTER TABLE ONLY public.mediation_order_map DROP CONSTRAINT mediation_order_map_fk_1;
ALTER TABLE ONLY public.mediation_cfg DROP CONSTRAINT mediation_cfg_fk_1;
ALTER TABLE ONLY public.item_users DROP CONSTRAINT item_users_user_id_fkey;
ALTER TABLE ONLY public.item_users DROP CONSTRAINT item_users_item_id_fkey;
ALTER TABLE ONLY public.item_type_map DROP CONSTRAINT item_type_map_fk_2;
ALTER TABLE ONLY public.item_type_map DROP CONSTRAINT item_type_map_fk_1;
ALTER TABLE ONLY public.item_type DROP CONSTRAINT item_type_fk_1;
ALTER TABLE ONLY public.item_type_exclude_map DROP CONSTRAINT item_type_exclude_map_fk_2;
ALTER TABLE ONLY public.item_type_exclude_map DROP CONSTRAINT item_type_exclude_map_fk_1;
ALTER TABLE ONLY public.item_price DROP CONSTRAINT item_price_fk_2;
ALTER TABLE ONLY public.item_price DROP CONSTRAINT item_price_fk_1;
ALTER TABLE ONLY public.item DROP CONSTRAINT item_fk_1;
ALTER TABLE ONLY public.item_dependency DROP CONSTRAINT item_dependency_item_id_fkey;
ALTER TABLE ONLY public.item_dependency DROP CONSTRAINT item_dependency_child_item_id_fkey;
ALTER TABLE ONLY public.invoice_line DROP CONSTRAINT invoice_line_fk_3;
ALTER TABLE ONLY public.invoice_line DROP CONSTRAINT invoice_line_fk_2;
ALTER TABLE ONLY public.invoice_line DROP CONSTRAINT invoice_line_fk_1;
ALTER TABLE ONLY public.invoice DROP CONSTRAINT invoice_fk_5;
ALTER TABLE ONLY public.invoice DROP CONSTRAINT invoice_fk_4;
ALTER TABLE ONLY public.invoice DROP CONSTRAINT invoice_fk_3;
ALTER TABLE ONLY public.invoice DROP CONSTRAINT invoice_fk_2;
ALTER TABLE ONLY public.invoice DROP CONSTRAINT invoice_fk_1;
ALTER TABLE ONLY public.international_description DROP CONSTRAINT international_description_fk_2;
ALTER TABLE ONLY public.generic_status DROP CONSTRAINT generic_status_fk_1;
ALTER TABLE ONLY public.filter DROP CONSTRAINT filter_fk_1;
ALTER TABLE ONLY public.event_log DROP CONSTRAINT event_log_fk_6;
ALTER TABLE ONLY public.event_log DROP CONSTRAINT event_log_fk_5;
ALTER TABLE ONLY public.event_log DROP CONSTRAINT event_log_fk_4;
ALTER TABLE ONLY public.event_log DROP CONSTRAINT event_log_fk_3;
ALTER TABLE ONLY public.event_log DROP CONSTRAINT event_log_fk_2;
ALTER TABLE ONLY public.event_log DROP CONSTRAINT event_log_fk_1;
ALTER TABLE ONLY public.entity_report_map DROP CONSTRAINT entity_report_map_fk_2;
ALTER TABLE ONLY public.entity_report_map DROP CONSTRAINT entity_report_map_fk_1;
ALTER TABLE ONLY public.entity_payment_method_map DROP CONSTRAINT entity_payment_method_map_fk_2;
ALTER TABLE ONLY public.entity_payment_method_map DROP CONSTRAINT entity_payment_method_map_fk_1;
ALTER TABLE ONLY public.entity DROP CONSTRAINT entity_fk_2;
ALTER TABLE ONLY public.entity DROP CONSTRAINT entity_fk_1;
ALTER TABLE ONLY public.entity_delivery_method_map DROP CONSTRAINT entity_delivery_method_map_fk_2;
ALTER TABLE ONLY public.entity_delivery_method_map DROP CONSTRAINT entity_delivery_method_map_fk_1;
ALTER TABLE ONLY public.customer DROP CONSTRAINT customer_fk_3;
ALTER TABLE ONLY public.customer DROP CONSTRAINT customer_fk_2;
ALTER TABLE ONLY public.customer DROP CONSTRAINT customer_fk_1;
ALTER TABLE ONLY public.currency_exchange DROP CONSTRAINT currency_exchange_fk_1;
ALTER TABLE ONLY public.currency_entity_map DROP CONSTRAINT currency_entity_map_fk_2;
ALTER TABLE ONLY public.currency_entity_map DROP CONSTRAINT currency_entity_map_fk_1;
ALTER TABLE ONLY public.contact_type DROP CONSTRAINT contact_type_fk_1;
ALTER TABLE ONLY public.contact_map DROP CONSTRAINT contact_map_fk_3;
ALTER TABLE ONLY public.contact_map DROP CONSTRAINT contact_map_fk_2;
ALTER TABLE ONLY public.contact_map DROP CONSTRAINT contact_map_fk_1;
ALTER TABLE ONLY public.contact_field_type DROP CONSTRAINT contact_field_type_fk_1;
ALTER TABLE ONLY public.contact_field DROP CONSTRAINT contact_field_fk_2;
ALTER TABLE ONLY public.contact_field DROP CONSTRAINT contact_field_fk_1;
ALTER TABLE ONLY public.blacklist DROP CONSTRAINT blacklist_fk_2;
ALTER TABLE ONLY public.blacklist DROP CONSTRAINT blacklist_fk_1;
ALTER TABLE ONLY public.billing_process DROP CONSTRAINT billing_process_fk_3;
ALTER TABLE ONLY public.billing_process DROP CONSTRAINT billing_process_fk_2;
ALTER TABLE ONLY public.billing_process DROP CONSTRAINT billing_process_fk_1;
ALTER TABLE ONLY public.billing_process_configuration DROP CONSTRAINT billing_process_configuration_fk_2;
ALTER TABLE ONLY public.billing_process_configuration DROP CONSTRAINT billing_process_configuration_fk_1;
ALTER TABLE ONLY public.base_user DROP CONSTRAINT base_user_fk_5;
ALTER TABLE ONLY public.base_user DROP CONSTRAINT base_user_fk_4;
ALTER TABLE ONLY public.base_user DROP CONSTRAINT base_user_fk_3;
ALTER TABLE ONLY public.base_user DROP CONSTRAINT base_user_fk_2;
ALTER TABLE ONLY public.base_user DROP CONSTRAINT base_user_fk_1;
ALTER TABLE ONLY public.ageing_entity_step DROP CONSTRAINT ageing_entity_step_fk_2;
ALTER TABLE ONLY public.ageing_entity_step DROP CONSTRAINT ageing_entity_step_fk_1;
ALTER TABLE ONLY public.ach DROP CONSTRAINT ach_fk_1;
DROP INDEX public.user_role_map_i_role;
DROP INDEX public.user_role_map_i_2;
DROP INDEX public.user_credit_card_map_i_2;
DROP INDEX public.transaction_id;
DROP INDEX public.purchase_order_i_user;
DROP INDEX public.purchase_order_i_notif;
DROP INDEX public.permission_user_map_i_2;
DROP INDEX public.permission_role_map_i_2;
DROP INDEX public.payment_i_3;
DROP INDEX public.payment_i_2;
DROP INDEX public.partner_range_p;
DROP INDEX public.partner_payout_i_2;
DROP INDEX public.partner_i_3;
DROP INDEX public.mediation_record_i;
DROP INDEX public.ix_user;
DROP INDEX public.ix_uq_payment_inv_map_pa_in;
DROP INDEX public.ix_uq_order_process_or_in;
DROP INDEX public.ix_uq_order_process_or_bp;
DROP INDEX public.ix_purchase_order_date;
DROP INDEX public.ix_promotion_code;
DROP INDEX public.ix_pa_payment;
DROP INDEX public.ix_order_process_in;
DROP INDEX public.ix_order_line_order_id;
DROP INDEX public.ix_order_line_item_id;
DROP INDEX public.ix_mrl_order_line;
DROP INDEX public.ix_item_ent;
DROP INDEX public.ix_invoice_user_id;
DROP INDEX public.ix_invoice_ts;
DROP INDEX public.ix_invoice_process;
DROP INDEX public.ix_invoice_number;
DROP INDEX public.ix_invoice_line_invoice_id;
DROP INDEX public.ix_invoice_due_date;
DROP INDEX public.ix_invoice_date;
DROP INDEX public.ix_el_main;
DROP INDEX public.ix_contact_phone;
DROP INDEX public.ix_contact_orgname;
DROP INDEX public.ix_contact_lname;
DROP INDEX public.ix_contact_fname_lname;
DROP INDEX public.ix_contact_fname;
DROP INDEX public.ix_contact_field_content;
DROP INDEX public.ix_contact_field_cid;
DROP INDEX public.ix_contact_address;
DROP INDEX public.ix_cf_type_entity;
DROP INDEX public.ix_cc_number_encrypted;
DROP INDEX public.ix_cc_number;
DROP INDEX public.ix_blacklist_user_type;
DROP INDEX public.ix_blacklist_entity_type;
DROP INDEX public.ix_base_user_un;
DROP INDEX public.international_description_i_2;
DROP INDEX public.int_description_i_lan;
DROP INDEX public.customer_i_2;
DROP INDEX public.currency_entity_map_i_2;
DROP INDEX public.create_datetime;
DROP INDEX public.contact_map_i_3;
DROP INDEX public.contact_map_i_1;
DROP INDEX public.contact_i_del;
DROP INDEX public.bp_run_user_run_ix;
DROP INDEX public.bp_run_total_run_ix;
DROP INDEX public.bp_run_process_ix;
DROP INDEX public.bp_pm_index_total;
DROP INDEX public.ach_i_2;
ALTER TABLE ONLY public.base_user DROP CONSTRAINT unique_username;
ALTER TABLE ONLY public.shortcut DROP CONSTRAINT shortcut_pkey;
ALTER TABLE ONLY public.role DROP CONSTRAINT role_pkey;
ALTER TABLE ONLY public.report_type DROP CONSTRAINT report_type_pkey;
ALTER TABLE ONLY public.report DROP CONSTRAINT report_pkey;
ALTER TABLE ONLY public.report_parameter DROP CONSTRAINT report_parameter_pkey;
ALTER TABLE ONLY public.recent_item DROP CONSTRAINT recent_item_pkey;
ALTER TABLE ONLY public.purchase_order DROP CONSTRAINT purchase_order_pkey;
ALTER TABLE ONLY public.purchase_order_master DROP CONSTRAINT purchase_order_master_pkey;
ALTER TABLE ONLY public.promotion DROP CONSTRAINT promotion_pkey;
ALTER TABLE ONLY public.process_run_user DROP CONSTRAINT process_run_user_pkey;
ALTER TABLE ONLY public.process_run_total_pm DROP CONSTRAINT process_run_total_pm_pkey;
ALTER TABLE ONLY public.process_run_total DROP CONSTRAINT process_run_total_pkey;
ALTER TABLE ONLY public.process_run DROP CONSTRAINT process_run_pkey;
ALTER TABLE ONLY public.preference_type DROP CONSTRAINT preference_type_pkey;
ALTER TABLE ONLY public.preference DROP CONSTRAINT preference_pkey;
ALTER TABLE ONLY public.pluggable_task_type DROP CONSTRAINT pluggable_task_type_pkey;
ALTER TABLE ONLY public.pluggable_task_type_category DROP CONSTRAINT pluggable_task_type_category_pkey;
ALTER TABLE ONLY public.pluggable_task DROP CONSTRAINT pluggable_task_pkey;
ALTER TABLE ONLY public.pluggable_task_parameter DROP CONSTRAINT pluggable_task_parameter_pkey;
ALTER TABLE ONLY public.permission_user DROP CONSTRAINT permission_user_pkey;
ALTER TABLE ONLY public.permission_type DROP CONSTRAINT permission_type_pkey;
ALTER TABLE ONLY public.permission DROP CONSTRAINT permission_pkey;
ALTER TABLE ONLY public.period_unit DROP CONSTRAINT period_unit_pkey;
ALTER TABLE ONLY public.payment_result DROP CONSTRAINT payment_result_pkey;
ALTER TABLE ONLY public.payment DROP CONSTRAINT payment_pkey;
ALTER TABLE ONLY public.payment_method DROP CONSTRAINT payment_method_pkey;
ALTER TABLE ONLY public.payment_invoice DROP CONSTRAINT payment_invoice_pkey;
ALTER TABLE ONLY public.payment_info_cheque DROP CONSTRAINT payment_info_cheque_pkey;
ALTER TABLE ONLY public.payment_authorization DROP CONSTRAINT payment_authorization_pkey;
ALTER TABLE ONLY public.partner_range DROP CONSTRAINT partner_range_pkey;
ALTER TABLE ONLY public.partner DROP CONSTRAINT partner_pkey;
ALTER TABLE ONLY public.partner_payout DROP CONSTRAINT partner_payout_pkey;
ALTER TABLE ONLY public.paper_invoice_batch DROP CONSTRAINT paper_invoice_batch_pkey;
ALTER TABLE ONLY public.order_process DROP CONSTRAINT order_process_pkey;
ALTER TABLE ONLY public.order_period DROP CONSTRAINT order_period_pkey;
ALTER TABLE ONLY public.order_line_type DROP CONSTRAINT order_line_type_pkey;
ALTER TABLE ONLY public.order_line DROP CONSTRAINT order_line_pkey;
ALTER TABLE ONLY public.order_billing_type DROP CONSTRAINT order_billing_type_pkey;
ALTER TABLE ONLY public.notification_message_type DROP CONSTRAINT notification_message_type_pkey;
ALTER TABLE ONLY public.notification_message_section DROP CONSTRAINT notification_message_section_pkey;
ALTER TABLE ONLY public.notification_message DROP CONSTRAINT notification_message_pkey;
ALTER TABLE ONLY public.notification_message_line DROP CONSTRAINT notification_message_line_pkey;
ALTER TABLE ONLY public.notification_message_arch DROP CONSTRAINT notification_message_arch_pkey;
ALTER TABLE ONLY public.notification_message_arch_line DROP CONSTRAINT notification_message_arch_line_pkey;
ALTER TABLE ONLY public.notification_category DROP CONSTRAINT notification_category_pkey;
ALTER TABLE ONLY public.mediation_record DROP CONSTRAINT mediation_record_pkey;
ALTER TABLE ONLY public.mediation_record_line DROP CONSTRAINT mediation_record_line_pkey;
ALTER TABLE ONLY public.mediation_process DROP CONSTRAINT mediation_process_pkey;
ALTER TABLE ONLY public.mediation_cfg DROP CONSTRAINT mediation_cfg_pkey;
ALTER TABLE ONLY public.language DROP CONSTRAINT language_pkey;
ALTER TABLE ONLY public.jbilling_table DROP CONSTRAINT jbilling_table_pkey;
ALTER TABLE ONLY public.item_dependency DROP CONSTRAINT item_user_dependency;
ALTER TABLE ONLY public.item_users DROP CONSTRAINT item_user;
ALTER TABLE ONLY public.item_type DROP CONSTRAINT item_type_pkey;
ALTER TABLE ONLY public.item_price DROP CONSTRAINT item_price_pkey;
ALTER TABLE ONLY public.item DROP CONSTRAINT item_pkey;
ALTER TABLE ONLY public.item_period DROP CONSTRAINT item_period_pkey;
ALTER TABLE ONLY public.invoice DROP CONSTRAINT invoice_pkey;
ALTER TABLE ONLY public.invoice_line_type DROP CONSTRAINT invoice_line_type_pkey;
ALTER TABLE ONLY public.invoice_line DROP CONSTRAINT invoice_line_pkey;
ALTER TABLE ONLY public.invoice_delivery_method DROP CONSTRAINT invoice_delivery_method_pkey;
ALTER TABLE ONLY public.international_description DROP CONSTRAINT international_description_pkey;
ALTER TABLE ONLY public.generic_status_type DROP CONSTRAINT generic_status_type_pkey;
ALTER TABLE ONLY public.generic_status DROP CONSTRAINT generic_status_pkey;
ALTER TABLE ONLY public.filter_set DROP CONSTRAINT filter_set_pkey;
ALTER TABLE ONLY public.filter DROP CONSTRAINT filter_pkey;
ALTER TABLE ONLY public.event_log DROP CONSTRAINT event_log_pkey;
ALTER TABLE ONLY public.event_log_module DROP CONSTRAINT event_log_module_pkey;
ALTER TABLE ONLY public.event_log_message DROP CONSTRAINT event_log_message_pkey;
ALTER TABLE ONLY public.entity_report_map DROP CONSTRAINT entity_report_map_pkey;
ALTER TABLE ONLY public.entity DROP CONSTRAINT entity_pkey;
ALTER TABLE ONLY public.customer DROP CONSTRAINT customer_pkey;
ALTER TABLE ONLY public.currency DROP CONSTRAINT currency_pkey;
ALTER TABLE ONLY public.currency_exchange DROP CONSTRAINT currency_exchange_pkey;
ALTER TABLE ONLY public.credit_card DROP CONSTRAINT credit_card_pkey;
ALTER TABLE ONLY public.country DROP CONSTRAINT country_pkey;
ALTER TABLE ONLY public.contact_type DROP CONSTRAINT contact_type_pkey;
ALTER TABLE ONLY public.contact DROP CONSTRAINT contact_pkey;
ALTER TABLE ONLY public.contact_map DROP CONSTRAINT contact_map_pkey;
ALTER TABLE ONLY public.contact_field_type DROP CONSTRAINT contact_field_type_pkey;
ALTER TABLE ONLY public.contact_field DROP CONSTRAINT contact_field_pkey;
ALTER TABLE ONLY public.breadcrumb DROP CONSTRAINT breadcrumb_pkey;
ALTER TABLE ONLY public.blacklist DROP CONSTRAINT blacklist_pkey;
ALTER TABLE ONLY public.billing_process DROP CONSTRAINT billing_process_pkey;
ALTER TABLE ONLY public.billing_process_configuration DROP CONSTRAINT billing_process_configuration_pkey;
ALTER TABLE ONLY public.base_user DROP CONSTRAINT base_user_pkey;
ALTER TABLE ONLY public.ageing_entity_step DROP CONSTRAINT ageing_entity_step_pkey;
ALTER TABLE ONLY public.ach DROP CONSTRAINT ach_pkey;
DROP TABLE public.user_role_map;
DROP TABLE public.user_credit_card_map;
DROP TABLE public.shortcut;
DROP TABLE public.role;
DROP TABLE public.report_type;
DROP TABLE public.report_parameter;
DROP TABLE public.report;
DROP TABLE public.recent_item;
DROP TABLE public.purchase_order_master;
DROP TABLE public.purchase_order;
DROP TABLE public.promotion;
DROP TABLE public.process_run_user;
DROP TABLE public.process_run_total_pm;
DROP TABLE public.process_run_total;
DROP TABLE public.process_run;
DROP TABLE public.preference_type;
DROP TABLE public.preference;
DROP TABLE public.pluggable_task_type_category;
DROP TABLE public.pluggable_task_type;
DROP TABLE public.pluggable_task_parameter;
DROP TABLE public.pluggable_task;
DROP TABLE public.permission_user;
DROP TABLE public.permission_type;
DROP TABLE public.permission_role_map;
DROP TABLE public.permission;
DROP TABLE public.period_unit;
DROP TABLE public.payment_result;
DROP TABLE public.payment_method;
DROP TABLE public.payment_invoice;
DROP TABLE public.payment_info_cheque;
DROP TABLE public.payment_authorization;
DROP TABLE public.payment;
DROP TABLE public.partner_range;
DROP TABLE public.partner_payout;
DROP TABLE public.partner;
DROP TABLE public.paper_invoice_batch;
DROP TABLE public.order_process;
DROP TABLE public.order_period;
DROP TABLE public.order_line_type;
DROP TABLE public.order_line;
DROP TABLE public.order_billing_type;
DROP TABLE public.notification_message_type;
DROP TABLE public.notification_message_section;
DROP TABLE public.notification_message_line;
DROP TABLE public.notification_message_arch_line;
DROP TABLE public.notification_message_arch;
DROP TABLE public.notification_message;
DROP TABLE public.notification_category;
DROP TABLE public.mediation_record_line;
DROP TABLE public.mediation_record;
DROP TABLE public.mediation_process;
DROP TABLE public.mediation_order_map;
DROP TABLE public.mediation_cfg;
DROP TABLE public.language;
DROP TABLE public.jbilling_table;
DROP TABLE public.jbilling_seqs;
DROP TABLE public.item_users;
DROP TABLE public.item_type_map;
DROP TABLE public.item_type_exclude_map;
DROP TABLE public.item_type;
DROP TABLE public.item_price;
DROP TABLE public.item_period;
DROP TABLE public.item_dependency;
DROP TABLE public.item;
DROP TABLE public.invoice_line_type;
DROP TABLE public.invoice_line;
DROP TABLE public.invoice_delivery_method;
DROP TABLE public.invoice;
DROP TABLE public.international_description;
DROP TABLE public.generic_status_type;
DROP TABLE public.generic_status;
DROP TABLE public.filter_set;
DROP TABLE public.filter;
DROP TABLE public.event_log_module;
DROP TABLE public.event_log_message;
DROP TABLE public.event_log;
DROP TABLE public.entity_report_map;
DROP TABLE public.entity_payment_method_map;
DROP TABLE public.entity_delivery_method_map;
DROP TABLE public.entity;
DROP TABLE public.customer;
DROP TABLE public.currency_exchange;
DROP TABLE public.currency_entity_map;
DROP TABLE public.currency;
DROP TABLE public.credit_card;
DROP TABLE public.country;
DROP TABLE public.contact_type;
DROP TABLE public.contact_map;
DROP TABLE public.contact_field_type;
DROP TABLE public.contact_field;
DROP TABLE public.contact;
DROP TABLE public.breadcrumb;
DROP TABLE public.blacklist;
DROP TABLE public.billing_process_configuration;
DROP TABLE public.billing_process;
DROP TABLE public.base_user;
DROP TABLE public.ageing_entity_step;
DROP TABLE public.ach;
DROP EXTENSION plpgsql;
DROP SCHEMA public;
--
-- Name: public; Type: SCHEMA; Schema: -; Owner: postgres
--

CREATE SCHEMA public;


ALTER SCHEMA public OWNER TO postgres;

--
-- Name: SCHEMA public; Type: COMMENT; Schema: -; Owner: postgres
--

COMMENT ON SCHEMA public IS 'standard public schema';


--
-- Name: plpgsql; Type: EXTENSION; Schema: -; Owner: 
--

CREATE EXTENSION IF NOT EXISTS plpgsql WITH SCHEMA pg_catalog;


--
-- Name: EXTENSION plpgsql; Type: COMMENT; Schema: -; Owner: 
--

COMMENT ON EXTENSION plpgsql IS 'PL/pgSQL procedural language';


SET search_path = public, pg_catalog;

SET default_tablespace = '';

SET default_with_oids = false;

--
-- Name: ach; Type: TABLE; Schema: public; Owner: jbilling; Tablespace: 
--

CREATE TABLE ach (
    id integer NOT NULL,
    user_id integer,
    aba_routing character varying(40) NOT NULL,
    bank_account character varying(60) NOT NULL,
    account_type integer NOT NULL,
    bank_name character varying(50) NOT NULL,
    account_name character varying(100) NOT NULL,
    gateway_key character varying(100),
    optlock integer NOT NULL
);


ALTER TABLE public.ach OWNER TO jbilling;

--
-- Name: ageing_entity_step; Type: TABLE; Schema: public; Owner: jbilling; Tablespace: 
--

CREATE TABLE ageing_entity_step (
    id integer NOT NULL,
    entity_id integer,
    status_id integer,
    days integer NOT NULL,
    optlock integer NOT NULL
);


ALTER TABLE public.ageing_entity_step OWNER TO jbilling;

--
-- Name: base_user; Type: TABLE; Schema: public; Owner: jbilling; Tablespace: 
--

CREATE TABLE base_user (
    id integer NOT NULL,
    entity_id integer,
    password character varying(40),
    deleted smallint DEFAULT 0 NOT NULL,
    language_id integer,
    status_id integer,
    subscriber_status integer DEFAULT 1,
    currency_id integer,
    create_datetime timestamp without time zone NOT NULL,
    last_status_change timestamp without time zone,
    last_login timestamp without time zone,
    user_name character varying(50),
    failed_attempts integer DEFAULT 0 NOT NULL,
    optlock integer NOT NULL
);


ALTER TABLE public.base_user OWNER TO jbilling;

--
-- Name: billing_process; Type: TABLE; Schema: public; Owner: jbilling; Tablespace: 
--

CREATE TABLE billing_process (
    id integer NOT NULL,
    entity_id integer NOT NULL,
    billing_date date NOT NULL,
    period_unit_id integer NOT NULL,
    period_value integer NOT NULL,
    is_review integer NOT NULL,
    paper_invoice_batch_id integer,
    retries_to_do integer DEFAULT 0 NOT NULL,
    optlock integer NOT NULL
);


ALTER TABLE public.billing_process OWNER TO jbilling;

--
-- Name: billing_process_configuration; Type: TABLE; Schema: public; Owner: jbilling; Tablespace: 
--

CREATE TABLE billing_process_configuration (
    id integer NOT NULL,
    entity_id integer,
    next_run_date date NOT NULL,
    generate_report smallint NOT NULL,
    retries integer,
    days_for_retry integer,
    days_for_report integer,
    review_status integer NOT NULL,
    period_unit_id integer NOT NULL,
    period_value integer NOT NULL,
    due_date_unit_id integer NOT NULL,
    due_date_value integer NOT NULL,
    df_fm smallint,
    only_recurring smallint DEFAULT 1 NOT NULL,
    invoice_date_process smallint NOT NULL,
    optlock integer NOT NULL,
    auto_payment smallint DEFAULT 0 NOT NULL,
    maximum_periods integer DEFAULT 1 NOT NULL,
    auto_payment_application integer DEFAULT 0 NOT NULL
);


ALTER TABLE public.billing_process_configuration OWNER TO jbilling;

--
-- Name: blacklist; Type: TABLE; Schema: public; Owner: jbilling; Tablespace: 
--

CREATE TABLE blacklist (
    id integer NOT NULL,
    entity_id integer NOT NULL,
    create_datetime timestamp without time zone NOT NULL,
    type integer NOT NULL,
    source integer NOT NULL,
    credit_card integer,
    credit_card_id integer,
    contact_id integer,
    user_id integer,
    optlock integer NOT NULL
);


ALTER TABLE public.blacklist OWNER TO jbilling;

--
-- Name: breadcrumb; Type: TABLE; Schema: public; Owner: jbilling; Tablespace: 
--

CREATE TABLE breadcrumb (
    id integer NOT NULL,
    user_id integer NOT NULL,
    controller character varying(255) NOT NULL,
    action character varying(255),
    name character varying(255),
    object_id integer,
    description character varying(255),
    version integer NOT NULL
);


ALTER TABLE public.breadcrumb OWNER TO jbilling;

--
-- Name: contact; Type: TABLE; Schema: public; Owner: jbilling; Tablespace: 
--

CREATE TABLE contact (
    id integer NOT NULL,
    organization_name character varying(200),
    street_addres1 character varying(100),
    street_addres2 character varying(100),
    city character varying(50),
    state_province character varying(30),
    postal_code character varying(15),
    country_code character varying(2),
    last_name character varying(30),
    first_name character varying(30),
    person_initial character varying(5),
    person_title character varying(40),
    phone_country_code integer,
    phone_area_code integer,
    phone_phone_number character varying(20),
    fax_country_code integer,
    fax_area_code integer,
    fax_phone_number character varying(20),
    email character varying(200),
    create_datetime timestamp without time zone NOT NULL,
    deleted smallint DEFAULT 0 NOT NULL,
    notification_include smallint DEFAULT 1,
    user_id integer,
    optlock integer NOT NULL
);


ALTER TABLE public.contact OWNER TO jbilling;

--
-- Name: contact_field; Type: TABLE; Schema: public; Owner: jbilling; Tablespace: 
--

CREATE TABLE contact_field (
    id integer NOT NULL,
    type_id integer,
    contact_id integer,
    content character varying(100) NOT NULL,
    optlock integer NOT NULL
);


ALTER TABLE public.contact_field OWNER TO jbilling;

--
-- Name: contact_field_type; Type: TABLE; Schema: public; Owner: jbilling; Tablespace: 
--

CREATE TABLE contact_field_type (
    id integer NOT NULL,
    entity_id integer,
    prompt_key character varying(50) NOT NULL,
    data_type character varying(10) NOT NULL,
    customer_readonly smallint,
    optlock integer NOT NULL
);


ALTER TABLE public.contact_field_type OWNER TO jbilling;

--
-- Name: contact_map; Type: TABLE; Schema: public; Owner: jbilling; Tablespace: 
--

CREATE TABLE contact_map (
    id integer NOT NULL,
    contact_id integer,
    type_id integer NOT NULL,
    table_id integer NOT NULL,
    foreign_id integer NOT NULL,
    optlock integer NOT NULL
);


ALTER TABLE public.contact_map OWNER TO jbilling;

--
-- Name: contact_type; Type: TABLE; Schema: public; Owner: jbilling; Tablespace: 
--

CREATE TABLE contact_type (
    id integer NOT NULL,
    entity_id integer,
    is_primary smallint,
    optlock integer NOT NULL
);


ALTER TABLE public.contact_type OWNER TO jbilling;

--
-- Name: country; Type: TABLE; Schema: public; Owner: jbilling; Tablespace: 
--

CREATE TABLE country (
    id integer NOT NULL,
    code character varying(2) NOT NULL
);


ALTER TABLE public.country OWNER TO jbilling;

--
-- Name: credit_card; Type: TABLE; Schema: public; Owner: jbilling; Tablespace: 
--

CREATE TABLE credit_card (
    id integer NOT NULL,
    cc_number character varying(100) NOT NULL,
    cc_number_plain character varying(20),
    cc_expiry date NOT NULL,
    name character varying(150),
    cc_type integer NOT NULL,
    deleted smallint DEFAULT 0 NOT NULL,
    gateway_key character varying(100),
    optlock integer NOT NULL
);


ALTER TABLE public.credit_card OWNER TO jbilling;

--
-- Name: currency; Type: TABLE; Schema: public; Owner: jbilling; Tablespace: 
--

CREATE TABLE currency (
    id integer NOT NULL,
    symbol character varying(10) NOT NULL,
    code character varying(3) NOT NULL,
    country_code character varying(2) NOT NULL,
    optlock integer NOT NULL
);


ALTER TABLE public.currency OWNER TO jbilling;

--
-- Name: currency_entity_map; Type: TABLE; Schema: public; Owner: jbilling; Tablespace: 
--

CREATE TABLE currency_entity_map (
    currency_id integer,
    entity_id integer
);


ALTER TABLE public.currency_entity_map OWNER TO jbilling;

--
-- Name: currency_exchange; Type: TABLE; Schema: public; Owner: jbilling; Tablespace: 
--

CREATE TABLE currency_exchange (
    id integer NOT NULL,
    entity_id integer,
    currency_id integer,
    rate numeric(22,10) NOT NULL,
    create_datetime timestamp without time zone NOT NULL,
    optlock integer NOT NULL
);


ALTER TABLE public.currency_exchange OWNER TO jbilling;

--
-- Name: customer; Type: TABLE; Schema: public; Owner: jbilling; Tablespace: 
--

CREATE TABLE customer (
    id integer NOT NULL,
    user_id integer,
    partner_id integer,
    referral_fee_paid smallint,
    invoice_delivery_method_id integer NOT NULL,
    notes character varying(1000),
    auto_payment_type integer,
    due_date_unit_id integer,
    due_date_value integer,
    df_fm smallint,
    parent_id integer,
    is_parent smallint,
    exclude_aging smallint DEFAULT 0 NOT NULL,
    invoice_child smallint,
    current_order_id integer,
    balance_type integer DEFAULT 1 NOT NULL,
    dynamic_balance numeric(22,10),
    credit_limit numeric(22,10),
    auto_recharge numeric(22,10),
    optlock integer NOT NULL
);


ALTER TABLE public.customer OWNER TO jbilling;

--
-- Name: entity; Type: TABLE; Schema: public; Owner: jbilling; Tablespace: 
--

CREATE TABLE entity (
    id integer NOT NULL,
    external_id character varying(20),
    description character varying(100) NOT NULL,
    create_datetime timestamp without time zone NOT NULL,
    language_id integer NOT NULL,
    currency_id integer NOT NULL,
    optlock integer NOT NULL
);


ALTER TABLE public.entity OWNER TO jbilling;

--
-- Name: entity_delivery_method_map; Type: TABLE; Schema: public; Owner: jbilling; Tablespace: 
--

CREATE TABLE entity_delivery_method_map (
    method_id integer,
    entity_id integer
);


ALTER TABLE public.entity_delivery_method_map OWNER TO jbilling;

--
-- Name: entity_payment_method_map; Type: TABLE; Schema: public; Owner: jbilling; Tablespace: 
--

CREATE TABLE entity_payment_method_map (
    entity_id integer,
    payment_method_id integer
);


ALTER TABLE public.entity_payment_method_map OWNER TO jbilling;

--
-- Name: entity_report_map; Type: TABLE; Schema: public; Owner: jbilling; Tablespace: 
--

CREATE TABLE entity_report_map (
    report_id integer NOT NULL,
    entity_id integer NOT NULL
);


ALTER TABLE public.entity_report_map OWNER TO jbilling;

--
-- Name: event_log; Type: TABLE; Schema: public; Owner: jbilling; Tablespace: 
--

CREATE TABLE event_log (
    id integer NOT NULL,
    entity_id integer,
    user_id integer,
    affected_user_id integer,
    table_id integer,
    foreign_id integer NOT NULL,
    create_datetime timestamp without time zone NOT NULL,
    level_field integer NOT NULL,
    module_id integer NOT NULL,
    message_id integer NOT NULL,
    old_num integer,
    old_str character varying(1000),
    old_date timestamp without time zone,
    optlock integer NOT NULL
);


ALTER TABLE public.event_log OWNER TO jbilling;

--
-- Name: event_log_message; Type: TABLE; Schema: public; Owner: jbilling; Tablespace: 
--

CREATE TABLE event_log_message (
    id integer NOT NULL
);


ALTER TABLE public.event_log_message OWNER TO jbilling;

--
-- Name: event_log_module; Type: TABLE; Schema: public; Owner: jbilling; Tablespace: 
--

CREATE TABLE event_log_module (
    id integer NOT NULL
);


ALTER TABLE public.event_log_module OWNER TO jbilling;

--
-- Name: filter; Type: TABLE; Schema: public; Owner: jbilling; Tablespace: 
--

CREATE TABLE filter (
    id integer NOT NULL,
    filter_set_id integer NOT NULL,
    type character varying(255) NOT NULL,
    constraint_type character varying(255) NOT NULL,
    field character varying(255) NOT NULL,
    template character varying(255) NOT NULL,
    visible boolean NOT NULL,
    integer_value integer,
    string_value character varying(255),
    start_date_value timestamp without time zone,
    end_date_value timestamp without time zone,
    boolean_value boolean,
    decimal_value numeric(22,10),
    decimal_high_value numeric(22,10),
    version integer NOT NULL
);


ALTER TABLE public.filter OWNER TO jbilling;

--
-- Name: filter_set; Type: TABLE; Schema: public; Owner: jbilling; Tablespace: 
--

CREATE TABLE filter_set (
    id integer NOT NULL,
    name character varying(255) NOT NULL,
    user_id integer NOT NULL,
    version integer NOT NULL
);


ALTER TABLE public.filter_set OWNER TO jbilling;

--
-- Name: generic_status; Type: TABLE; Schema: public; Owner: jbilling; Tablespace: 
--

CREATE TABLE generic_status (
    id integer NOT NULL,
    dtype character varying(40) NOT NULL,
    status_value integer NOT NULL,
    can_login smallint
);


ALTER TABLE public.generic_status OWNER TO jbilling;

--
-- Name: generic_status_type; Type: TABLE; Schema: public; Owner: jbilling; Tablespace: 
--

CREATE TABLE generic_status_type (
    id character varying(40) NOT NULL
);


ALTER TABLE public.generic_status_type OWNER TO jbilling;

--
-- Name: international_description; Type: TABLE; Schema: public; Owner: jbilling; Tablespace: 
--

CREATE TABLE international_description (
    table_id integer NOT NULL,
    foreign_id integer NOT NULL,
    psudo_column character varying(20) NOT NULL,
    language_id integer NOT NULL,
    content character varying(4000) NOT NULL
);


ALTER TABLE public.international_description OWNER TO jbilling;

--
-- Name: invoice; Type: TABLE; Schema: public; Owner: jbilling; Tablespace: 
--

CREATE TABLE invoice (
    id integer NOT NULL,
    create_datetime timestamp without time zone NOT NULL,
    billing_process_id integer,
    user_id integer,
    status_id integer NOT NULL,
    delegated_invoice_id integer,
    due_date date NOT NULL,
    total numeric(22,10) NOT NULL,
    payment_attempts integer DEFAULT 0 NOT NULL,
    balance numeric(22,10),
    carried_balance numeric(22,10) NOT NULL,
    in_process_payment smallint DEFAULT 1 NOT NULL,
    is_review integer NOT NULL,
    currency_id integer NOT NULL,
    deleted smallint DEFAULT 0 NOT NULL,
    paper_invoice_batch_id integer,
    customer_notes character varying(1000),
    public_number character varying(40),
    last_reminder date,
    overdue_step integer,
    create_timestamp timestamp without time zone NOT NULL,
    optlock integer NOT NULL
);


ALTER TABLE public.invoice OWNER TO jbilling;

--
-- Name: invoice_delivery_method; Type: TABLE; Schema: public; Owner: jbilling; Tablespace: 
--

CREATE TABLE invoice_delivery_method (
    id integer NOT NULL
);


ALTER TABLE public.invoice_delivery_method OWNER TO jbilling;

--
-- Name: invoice_line; Type: TABLE; Schema: public; Owner: jbilling; Tablespace: 
--

CREATE TABLE invoice_line (
    id integer NOT NULL,
    invoice_id integer,
    type_id integer,
    amount numeric(22,10) NOT NULL,
    quantity numeric(22,10),
    price numeric(22,10),
    deleted smallint DEFAULT 0 NOT NULL,
    item_id integer,
    description character varying(1000),
    source_user_id integer,
    is_percentage smallint DEFAULT 0 NOT NULL,
    optlock integer NOT NULL
);


ALTER TABLE public.invoice_line OWNER TO jbilling;

--
-- Name: invoice_line_type; Type: TABLE; Schema: public; Owner: jbilling; Tablespace: 
--

CREATE TABLE invoice_line_type (
    id integer NOT NULL,
    description character varying(50) NOT NULL,
    order_position integer NOT NULL
);


ALTER TABLE public.invoice_line_type OWNER TO jbilling;

--
-- Name: item; Type: TABLE; Schema: public; Owner: jbilling; Tablespace: 
--

CREATE TABLE item (
    id integer NOT NULL,
    internal_number character varying(50),
    entity_id integer,
    percentage numeric(22,10),
    price_manual smallint NOT NULL,
    deleted smallint DEFAULT 0 NOT NULL,
    has_decimals smallint DEFAULT 0 NOT NULL,
    gl_code character varying(50),
    optlock integer NOT NULL
);


ALTER TABLE public.item OWNER TO jbilling;

--
-- Name: item_dependency; Type: TABLE; Schema: public; Owner: jbilling; Tablespace: 
--

CREATE TABLE item_dependency (
    item_id integer NOT NULL,
    child_item_id integer NOT NULL,
    double_linked integer,
    min_items integer
);


ALTER TABLE public.item_dependency OWNER TO jbilling;

--
-- Name: item_period; Type: TABLE; Schema: public; Owner: postgres; Tablespace: 
--

CREATE TABLE item_period (
    item_id integer NOT NULL,
    period character varying(30),
    quantity_invoice_one integer
);


ALTER TABLE public.item_period OWNER TO postgres;

--
-- Name: item_price; Type: TABLE; Schema: public; Owner: jbilling; Tablespace: 
--

CREATE TABLE item_price (
    id integer NOT NULL,
    item_id integer,
    currency_id integer,
    price double precision NOT NULL,
    optlock integer NOT NULL
);


ALTER TABLE public.item_price OWNER TO jbilling;

--
-- Name: item_type; Type: TABLE; Schema: public; Owner: jbilling; Tablespace: 
--

CREATE TABLE item_type (
    id integer NOT NULL,
    entity_id integer NOT NULL,
    description character varying(100),
    order_line_type_id integer NOT NULL,
    optlock integer NOT NULL
);


ALTER TABLE public.item_type OWNER TO jbilling;

--
-- Name: item_type_exclude_map; Type: TABLE; Schema: public; Owner: jbilling; Tablespace: 
--

CREATE TABLE item_type_exclude_map (
    item_id integer,
    type_id integer
);


ALTER TABLE public.item_type_exclude_map OWNER TO jbilling;

--
-- Name: item_type_map; Type: TABLE; Schema: public; Owner: jbilling; Tablespace: 
--

CREATE TABLE item_type_map (
    item_id integer,
    type_id integer
);


ALTER TABLE public.item_type_map OWNER TO jbilling;

--
-- Name: item_users; Type: TABLE; Schema: public; Owner: jbilling; Tablespace: 
--

CREATE TABLE item_users (
    item_id integer NOT NULL,
    user_id integer NOT NULL,
    users integer
);


ALTER TABLE public.item_users OWNER TO jbilling;

--
-- Name: jbilling_seqs; Type: TABLE; Schema: public; Owner: jbilling; Tablespace: 
--

CREATE TABLE jbilling_seqs (
    name character varying(50) NOT NULL,
    next_id integer DEFAULT 0 NOT NULL
);


ALTER TABLE public.jbilling_seqs OWNER TO jbilling;

--
-- Name: jbilling_table; Type: TABLE; Schema: public; Owner: jbilling; Tablespace: 
--

CREATE TABLE jbilling_table (
    id integer NOT NULL,
    name character varying(50) NOT NULL
);


ALTER TABLE public.jbilling_table OWNER TO jbilling;

--
-- Name: language; Type: TABLE; Schema: public; Owner: jbilling; Tablespace: 
--

CREATE TABLE language (
    id integer NOT NULL,
    code character varying(2) NOT NULL,
    description character varying(50) NOT NULL
);


ALTER TABLE public.language OWNER TO jbilling;

--
-- Name: mediation_cfg; Type: TABLE; Schema: public; Owner: jbilling; Tablespace: 
--

CREATE TABLE mediation_cfg (
    id integer NOT NULL,
    entity_id integer NOT NULL,
    create_datetime timestamp without time zone NOT NULL,
    name character varying(50) NOT NULL,
    order_value integer NOT NULL,
    pluggable_task_id integer NOT NULL,
    optlock integer NOT NULL
);


ALTER TABLE public.mediation_cfg OWNER TO jbilling;

--
-- Name: mediation_order_map; Type: TABLE; Schema: public; Owner: jbilling; Tablespace: 
--

CREATE TABLE mediation_order_map (
    mediation_process_id integer NOT NULL,
    order_id integer NOT NULL
);


ALTER TABLE public.mediation_order_map OWNER TO jbilling;

--
-- Name: mediation_process; Type: TABLE; Schema: public; Owner: jbilling; Tablespace: 
--

CREATE TABLE mediation_process (
    id integer NOT NULL,
    configuration_id integer NOT NULL,
    start_datetime timestamp without time zone NOT NULL,
    end_datetime timestamp without time zone,
    orders_affected integer NOT NULL,
    optlock integer NOT NULL
);


ALTER TABLE public.mediation_process OWNER TO jbilling;

--
-- Name: mediation_record; Type: TABLE; Schema: public; Owner: jbilling; Tablespace: 
--

CREATE TABLE mediation_record (
    id integer NOT NULL,
    id_key character varying(100) NOT NULL,
    start_datetime timestamp without time zone NOT NULL,
    mediation_process_id integer,
    status_id integer NOT NULL,
    optlock integer NOT NULL
);


ALTER TABLE public.mediation_record OWNER TO jbilling;

--
-- Name: mediation_record_line; Type: TABLE; Schema: public; Owner: jbilling; Tablespace: 
--

CREATE TABLE mediation_record_line (
    id integer NOT NULL,
    mediation_record_id integer NOT NULL,
    order_line_id integer NOT NULL,
    event_date timestamp without time zone NOT NULL,
    amount numeric(22,10) NOT NULL,
    quantity numeric(22,10) NOT NULL,
    description character varying(200),
    optlock integer NOT NULL
);


ALTER TABLE public.mediation_record_line OWNER TO jbilling;

--
-- Name: notification_category; Type: TABLE; Schema: public; Owner: jbilling; Tablespace: 
--

CREATE TABLE notification_category (
    id integer NOT NULL
);


ALTER TABLE public.notification_category OWNER TO jbilling;

--
-- Name: notification_message; Type: TABLE; Schema: public; Owner: jbilling; Tablespace: 
--

CREATE TABLE notification_message (
    id integer NOT NULL,
    type_id integer,
    entity_id integer NOT NULL,
    language_id integer NOT NULL,
    use_flag smallint DEFAULT 1 NOT NULL,
    optlock integer NOT NULL
);


ALTER TABLE public.notification_message OWNER TO jbilling;

--
-- Name: notification_message_arch; Type: TABLE; Schema: public; Owner: jbilling; Tablespace: 
--

CREATE TABLE notification_message_arch (
    id integer NOT NULL,
    type_id integer,
    create_datetime timestamp without time zone NOT NULL,
    user_id integer,
    result_message character varying(200),
    optlock integer NOT NULL
);


ALTER TABLE public.notification_message_arch OWNER TO jbilling;

--
-- Name: notification_message_arch_line; Type: TABLE; Schema: public; Owner: jbilling; Tablespace: 
--

CREATE TABLE notification_message_arch_line (
    id integer NOT NULL,
    message_archive_id integer,
    section integer NOT NULL,
    content character varying(1000) NOT NULL,
    optlock integer NOT NULL
);


ALTER TABLE public.notification_message_arch_line OWNER TO jbilling;

--
-- Name: notification_message_line; Type: TABLE; Schema: public; Owner: jbilling; Tablespace: 
--

CREATE TABLE notification_message_line (
    id integer NOT NULL,
    message_section_id integer,
    content character varying(1000) NOT NULL,
    optlock integer NOT NULL
);


ALTER TABLE public.notification_message_line OWNER TO jbilling;

--
-- Name: notification_message_section; Type: TABLE; Schema: public; Owner: jbilling; Tablespace: 
--

CREATE TABLE notification_message_section (
    id integer NOT NULL,
    message_id integer,
    section integer,
    optlock integer NOT NULL
);


ALTER TABLE public.notification_message_section OWNER TO jbilling;

--
-- Name: notification_message_type; Type: TABLE; Schema: public; Owner: jbilling; Tablespace: 
--

CREATE TABLE notification_message_type (
    id integer NOT NULL,
    category_id integer NOT NULL,
    optlock integer NOT NULL
);


ALTER TABLE public.notification_message_type OWNER TO jbilling;

--
-- Name: order_billing_type; Type: TABLE; Schema: public; Owner: jbilling; Tablespace: 
--

CREATE TABLE order_billing_type (
    id integer NOT NULL
);


ALTER TABLE public.order_billing_type OWNER TO jbilling;

--
-- Name: order_line; Type: TABLE; Schema: public; Owner: jbilling; Tablespace: 
--

CREATE TABLE order_line (
    id integer NOT NULL,
    order_id integer,
    item_id integer,
    type_id integer,
    amount numeric(22,10) NOT NULL,
    quantity numeric(22,10),
    price numeric(22,10),
    item_price smallint,
    create_datetime timestamp without time zone NOT NULL,
    deleted smallint DEFAULT 0 NOT NULL,
    use_item boolean NOT NULL,
    description character varying(1000),
    provisioning_status integer,
    provisioning_request_id character varying(50),
    optlock integer NOT NULL
);


ALTER TABLE public.order_line OWNER TO jbilling;

--
-- Name: order_line_type; Type: TABLE; Schema: public; Owner: jbilling; Tablespace: 
--

CREATE TABLE order_line_type (
    id integer NOT NULL,
    editable smallint NOT NULL
);


ALTER TABLE public.order_line_type OWNER TO jbilling;

--
-- Name: order_period; Type: TABLE; Schema: public; Owner: jbilling; Tablespace: 
--

CREATE TABLE order_period (
    id integer NOT NULL,
    entity_id integer,
    value integer,
    unit_id integer,
    optlock integer NOT NULL
);


ALTER TABLE public.order_period OWNER TO jbilling;

--
-- Name: order_process; Type: TABLE; Schema: public; Owner: jbilling; Tablespace: 
--

CREATE TABLE order_process (
    id integer NOT NULL,
    order_id integer,
    invoice_id integer,
    billing_process_id integer,
    periods_included integer,
    period_start date,
    period_end date,
    is_review integer NOT NULL,
    origin integer,
    optlock integer NOT NULL
);


ALTER TABLE public.order_process OWNER TO jbilling;

--
-- Name: paper_invoice_batch; Type: TABLE; Schema: public; Owner: jbilling; Tablespace: 
--

CREATE TABLE paper_invoice_batch (
    id integer NOT NULL,
    total_invoices integer NOT NULL,
    delivery_date date,
    is_self_managed smallint NOT NULL,
    optlock integer NOT NULL
);


ALTER TABLE public.paper_invoice_batch OWNER TO jbilling;

--
-- Name: partner; Type: TABLE; Schema: public; Owner: jbilling; Tablespace: 
--

CREATE TABLE partner (
    id integer NOT NULL,
    user_id integer,
    balance numeric(22,10) NOT NULL,
    total_payments numeric(22,10) NOT NULL,
    total_refunds numeric(22,10) NOT NULL,
    total_payouts numeric(22,10) NOT NULL,
    percentage_rate numeric(22,10),
    referral_fee numeric(22,10),
    fee_currency_id integer,
    one_time smallint NOT NULL,
    period_unit_id integer NOT NULL,
    period_value integer NOT NULL,
    next_payout_date date NOT NULL,
    due_payout numeric(22,10),
    automatic_process smallint NOT NULL,
    related_clerk integer,
    optlock integer NOT NULL
);


ALTER TABLE public.partner OWNER TO jbilling;

--
-- Name: partner_payout; Type: TABLE; Schema: public; Owner: jbilling; Tablespace: 
--

CREATE TABLE partner_payout (
    id integer NOT NULL,
    starting_date date NOT NULL,
    ending_date date NOT NULL,
    payments_amount numeric(22,10) NOT NULL,
    refunds_amount numeric(22,10) NOT NULL,
    balance_left numeric(22,10) NOT NULL,
    payment_id integer,
    partner_id integer,
    optlock integer NOT NULL
);


ALTER TABLE public.partner_payout OWNER TO jbilling;

--
-- Name: partner_range; Type: TABLE; Schema: public; Owner: jbilling; Tablespace: 
--

CREATE TABLE partner_range (
    id integer NOT NULL,
    partner_id integer,
    percentage_rate numeric(22,10),
    referral_fee numeric(22,10),
    range_from integer NOT NULL,
    range_to integer NOT NULL,
    optlock integer NOT NULL
);


ALTER TABLE public.partner_range OWNER TO jbilling;

--
-- Name: payment; Type: TABLE; Schema: public; Owner: jbilling; Tablespace: 
--

CREATE TABLE payment (
    id integer NOT NULL,
    user_id integer,
    attempt integer,
    result_id integer,
    amount numeric(22,10) NOT NULL,
    create_datetime timestamp without time zone NOT NULL,
    update_datetime timestamp without time zone,
    payment_date date,
    method_id integer NOT NULL,
    credit_card_id integer,
    deleted smallint DEFAULT 0 NOT NULL,
    is_refund smallint DEFAULT 0 NOT NULL,
    is_preauth smallint DEFAULT 0 NOT NULL,
    payment_id integer,
    currency_id integer NOT NULL,
    payout_id integer,
    ach_id integer,
    balance numeric(22,10),
    payment_period integer,
    payment_notes character varying(500),
    optlock integer NOT NULL
);


ALTER TABLE public.payment OWNER TO jbilling;

--
-- Name: payment_authorization; Type: TABLE; Schema: public; Owner: jbilling; Tablespace: 
--

CREATE TABLE payment_authorization (
    id integer NOT NULL,
    payment_id integer,
    processor character varying(40) NOT NULL,
    code1 character varying(40) NOT NULL,
    code2 character varying(40),
    code3 character varying(40),
    approval_code character varying(20),
    avs character varying(20),
    transaction_id character varying(40),
    md5 character varying(100),
    card_code character varying(100),
    create_datetime date NOT NULL,
    response_message character varying(200),
    optlock integer NOT NULL
);


ALTER TABLE public.payment_authorization OWNER TO jbilling;

--
-- Name: payment_info_cheque; Type: TABLE; Schema: public; Owner: jbilling; Tablespace: 
--

CREATE TABLE payment_info_cheque (
    id integer NOT NULL,
    payment_id integer,
    bank character varying(50),
    cheque_number character varying(50),
    cheque_date date,
    optlock integer NOT NULL
);


ALTER TABLE public.payment_info_cheque OWNER TO jbilling;

--
-- Name: payment_invoice; Type: TABLE; Schema: public; Owner: jbilling; Tablespace: 
--

CREATE TABLE payment_invoice (
    id integer NOT NULL,
    payment_id integer,
    invoice_id integer,
    amount numeric(22,10),
    create_datetime timestamp without time zone NOT NULL,
    optlock integer NOT NULL
);


ALTER TABLE public.payment_invoice OWNER TO jbilling;

--
-- Name: payment_method; Type: TABLE; Schema: public; Owner: jbilling; Tablespace: 
--

CREATE TABLE payment_method (
    id integer NOT NULL
);


ALTER TABLE public.payment_method OWNER TO jbilling;

--
-- Name: payment_result; Type: TABLE; Schema: public; Owner: jbilling; Tablespace: 
--

CREATE TABLE payment_result (
    id integer NOT NULL
);


ALTER TABLE public.payment_result OWNER TO jbilling;

--
-- Name: period_unit; Type: TABLE; Schema: public; Owner: jbilling; Tablespace: 
--

CREATE TABLE period_unit (
    id integer NOT NULL
);


ALTER TABLE public.period_unit OWNER TO jbilling;

--
-- Name: permission; Type: TABLE; Schema: public; Owner: jbilling; Tablespace: 
--

CREATE TABLE permission (
    id integer NOT NULL,
    type_id integer NOT NULL,
    foreign_id integer
);


ALTER TABLE public.permission OWNER TO jbilling;

--
-- Name: permission_role_map; Type: TABLE; Schema: public; Owner: jbilling; Tablespace: 
--

CREATE TABLE permission_role_map (
    permission_id integer,
    role_id integer
);


ALTER TABLE public.permission_role_map OWNER TO jbilling;

--
-- Name: permission_type; Type: TABLE; Schema: public; Owner: jbilling; Tablespace: 
--

CREATE TABLE permission_type (
    id integer NOT NULL,
    description character varying(30) NOT NULL
);


ALTER TABLE public.permission_type OWNER TO jbilling;

--
-- Name: permission_user; Type: TABLE; Schema: public; Owner: jbilling; Tablespace: 
--

CREATE TABLE permission_user (
    permission_id integer,
    user_id integer,
    is_grant smallint NOT NULL,
    id integer NOT NULL
);


ALTER TABLE public.permission_user OWNER TO jbilling;

--
-- Name: pluggable_task; Type: TABLE; Schema: public; Owner: jbilling; Tablespace: 
--

CREATE TABLE pluggable_task (
    id integer NOT NULL,
    entity_id integer NOT NULL,
    type_id integer,
    processing_order integer NOT NULL,
    notes character varying(1000),
    optlock integer NOT NULL
);


ALTER TABLE public.pluggable_task OWNER TO jbilling;

--
-- Name: pluggable_task_parameter; Type: TABLE; Schema: public; Owner: jbilling; Tablespace: 
--

CREATE TABLE pluggable_task_parameter (
    id integer NOT NULL,
    task_id integer,
    name character varying(50) NOT NULL,
    int_value integer,
    str_value character varying(500),
    float_value numeric(22,10),
    optlock integer NOT NULL
);


ALTER TABLE public.pluggable_task_parameter OWNER TO jbilling;

--
-- Name: pluggable_task_type; Type: TABLE; Schema: public; Owner: jbilling; Tablespace: 
--

CREATE TABLE pluggable_task_type (
    id integer NOT NULL,
    category_id integer NOT NULL,
    class_name character varying(200) NOT NULL,
    min_parameters integer NOT NULL
);


ALTER TABLE public.pluggable_task_type OWNER TO jbilling;

--
-- Name: pluggable_task_type_category; Type: TABLE; Schema: public; Owner: jbilling; Tablespace: 
--

CREATE TABLE pluggable_task_type_category (
    id integer NOT NULL,
    interface_name character varying(200) NOT NULL
);


ALTER TABLE public.pluggable_task_type_category OWNER TO jbilling;

--
-- Name: preference; Type: TABLE; Schema: public; Owner: jbilling; Tablespace: 
--

CREATE TABLE preference (
    id integer NOT NULL,
    type_id integer,
    table_id integer NOT NULL,
    foreign_id integer NOT NULL,
    value character varying(200)
);


ALTER TABLE public.preference OWNER TO jbilling;

--
-- Name: preference_type; Type: TABLE; Schema: public; Owner: jbilling; Tablespace: 
--

CREATE TABLE preference_type (
    id integer NOT NULL,
    def_value character varying(200)
);


ALTER TABLE public.preference_type OWNER TO jbilling;

--
-- Name: process_run; Type: TABLE; Schema: public; Owner: jbilling; Tablespace: 
--

CREATE TABLE process_run (
    id integer NOT NULL,
    process_id integer,
    run_date date NOT NULL,
    started timestamp without time zone NOT NULL,
    finished timestamp without time zone,
    payment_finished timestamp without time zone,
    invoices_generated integer,
    optlock integer NOT NULL,
    status_id integer NOT NULL
);


ALTER TABLE public.process_run OWNER TO jbilling;

--
-- Name: process_run_total; Type: TABLE; Schema: public; Owner: jbilling; Tablespace: 
--

CREATE TABLE process_run_total (
    id integer NOT NULL,
    process_run_id integer,
    currency_id integer NOT NULL,
    total_invoiced numeric(22,10),
    total_paid numeric(22,10),
    total_not_paid numeric(22,10),
    optlock integer NOT NULL
);


ALTER TABLE public.process_run_total OWNER TO jbilling;

--
-- Name: process_run_total_pm; Type: TABLE; Schema: public; Owner: jbilling; Tablespace: 
--

CREATE TABLE process_run_total_pm (
    id integer NOT NULL,
    process_run_total_id integer,
    payment_method_id integer,
    total numeric(22,10) NOT NULL,
    optlock integer NOT NULL
);


ALTER TABLE public.process_run_total_pm OWNER TO jbilling;

--
-- Name: process_run_user; Type: TABLE; Schema: public; Owner: jbilling; Tablespace: 
--

CREATE TABLE process_run_user (
    id integer NOT NULL,
    process_run_id integer NOT NULL,
    user_id integer NOT NULL,
    status integer NOT NULL,
    created date NOT NULL,
    optlock integer NOT NULL
);


ALTER TABLE public.process_run_user OWNER TO jbilling;

--
-- Name: promotion; Type: TABLE; Schema: public; Owner: jbilling; Tablespace: 
--

CREATE TABLE promotion (
    id integer NOT NULL,
    item_id integer,
    code character varying(50) NOT NULL,
    notes character varying(200),
    once smallint NOT NULL,
    since date,
    until date
);


ALTER TABLE public.promotion OWNER TO jbilling;

--
-- Name: purchase_order; Type: TABLE; Schema: public; Owner: jbilling; Tablespace: 
--

CREATE TABLE purchase_order (
    id integer NOT NULL,
    user_id integer,
    period_id integer,
    billing_type_id integer NOT NULL,
    active_since date,
    active_until date,
    cycle_start date,
    create_datetime timestamp without time zone NOT NULL,
    next_billable_day date,
    created_by integer,
    status_id integer NOT NULL,
    currency_id integer NOT NULL,
    deleted smallint DEFAULT 0 NOT NULL,
    notify smallint,
    last_notified timestamp without time zone,
    notification_step integer,
    due_date_unit_id integer,
    due_date_value integer,
    df_fm smallint,
    anticipate_periods integer,
    own_invoice smallint,
    notes character varying(200),
    notes_in_invoice smallint,
    is_current smallint,
    optlock integer NOT NULL,
    is_master smallint,
    add_to_master smallint,
    pay_plan character varying(30)
);


ALTER TABLE public.purchase_order OWNER TO jbilling;

--
-- Name: purchase_order_master; Type: TABLE; Schema: public; Owner: jbilling; Tablespace: 
--

CREATE TABLE purchase_order_master (
    order_id integer NOT NULL,
    master integer NOT NULL
);


ALTER TABLE public.purchase_order_master OWNER TO jbilling;

--
-- Name: recent_item; Type: TABLE; Schema: public; Owner: jbilling; Tablespace: 
--

CREATE TABLE recent_item (
    id integer NOT NULL,
    type character varying(255) NOT NULL,
    object_id integer NOT NULL,
    user_id integer NOT NULL,
    version integer NOT NULL
);


ALTER TABLE public.recent_item OWNER TO jbilling;

--
-- Name: report; Type: TABLE; Schema: public; Owner: jbilling; Tablespace: 
--

CREATE TABLE report (
    id integer NOT NULL,
    type_id integer NOT NULL,
    name character varying(255) NOT NULL,
    file_name character varying(255) NOT NULL,
    optlock integer NOT NULL
);


ALTER TABLE public.report OWNER TO jbilling;

--
-- Name: report_parameter; Type: TABLE; Schema: public; Owner: jbilling; Tablespace: 
--

CREATE TABLE report_parameter (
    id integer NOT NULL,
    report_id integer NOT NULL,
    dtype character varying(10) NOT NULL,
    name character varying(255) NOT NULL
);


ALTER TABLE public.report_parameter OWNER TO jbilling;

--
-- Name: report_type; Type: TABLE; Schema: public; Owner: jbilling; Tablespace: 
--

CREATE TABLE report_type (
    id integer NOT NULL,
    name character varying(255) NOT NULL,
    optlock integer NOT NULL
);


ALTER TABLE public.report_type OWNER TO jbilling;

--
-- Name: role; Type: TABLE; Schema: public; Owner: jbilling; Tablespace: 
--

CREATE TABLE role (
    id integer NOT NULL,
    entity_id integer,
    role_type_id integer
);


ALTER TABLE public.role OWNER TO jbilling;

--
-- Name: shortcut; Type: TABLE; Schema: public; Owner: jbilling; Tablespace: 
--

CREATE TABLE shortcut (
    id integer NOT NULL,
    user_id integer NOT NULL,
    controller character varying(255) NOT NULL,
    action character varying(255),
    name character varying(255),
    object_id integer,
    version integer NOT NULL
);


ALTER TABLE public.shortcut OWNER TO jbilling;

--
-- Name: user_credit_card_map; Type: TABLE; Schema: public; Owner: jbilling; Tablespace: 
--

CREATE TABLE user_credit_card_map (
    user_id integer,
    credit_card_id integer
);


ALTER TABLE public.user_credit_card_map OWNER TO jbilling;

--
-- Name: user_role_map; Type: TABLE; Schema: public; Owner: jbilling; Tablespace: 
--

CREATE TABLE user_role_map (
    user_id integer,
    role_id integer
);


ALTER TABLE public.user_role_map OWNER TO jbilling;

--
-- Data for Name: ach; Type: TABLE DATA; Schema: public; Owner: jbilling
--

COPY ach (id, user_id, aba_routing, bank_account, account_type, bank_name, account_name, gateway_key, optlock) FROM stdin;
\.


--
-- Data for Name: ageing_entity_step; Type: TABLE DATA; Schema: public; Owner: jbilling
--

COPY ageing_entity_step (id, entity_id, status_id, days, optlock) FROM stdin;
100	10	1	0	0
\.


--
-- Data for Name: base_user; Type: TABLE DATA; Schema: public; Owner: jbilling
--

COPY base_user (id, entity_id, password, deleted, language_id, status_id, subscriber_status, currency_id, create_datetime, last_status_change, last_login, user_name, failed_attempts, optlock) FROM stdin;
10	10	e807f1fcf82d132f9bb018ca6738a19f	0	1	1	9	3	2013-02-03 15:11:40.468	\N	\N	paulsmsm	0	0
50	10	25d55ad283aa400af464c76d713c07ad	0	1	1	9	110	2013-03-07 09:21:11.216	\N	\N	test1	0	1
30	10	de20cbe519cdd19c4cbb5e2386730a52	0	1	1	9	1	2013-02-05 15:22:14.559	\N	\N	polamaris	0	6
40	10	21232f297a57a5a743894a0e4a801fc3	0	1	1	9	110	2013-02-14 12:10:12.952	\N	\N	admin1	0	4
60	10	48bf7c556cde81937e66044fcede328f	0	1	1	9	110	2013-04-04 12:50:18.514	\N	\N	Seagull	0	1
\.


--
-- Data for Name: billing_process; Type: TABLE DATA; Schema: public; Owner: jbilling
--

COPY billing_process (id, entity_id, billing_date, period_unit_id, period_value, is_review, paper_invoice_batch_id, retries_to_do, optlock) FROM stdin;
\.


--
-- Data for Name: billing_process_configuration; Type: TABLE DATA; Schema: public; Owner: jbilling
--

COPY billing_process_configuration (id, entity_id, next_run_date, generate_report, retries, days_for_retry, days_for_report, review_status, period_unit_id, period_value, due_date_unit_id, due_date_value, df_fm, only_recurring, invoice_date_process, optlock, auto_payment, maximum_periods, auto_payment_application) FROM stdin;
100	10	2013-04-18	0	0	1	0	3	1	1	3	15	\N	1	0	33	0	1	1
\.


--
-- Data for Name: blacklist; Type: TABLE DATA; Schema: public; Owner: jbilling
--

COPY blacklist (id, entity_id, create_datetime, type, source, credit_card, credit_card_id, contact_id, user_id, optlock) FROM stdin;
\.


--
-- Data for Name: breadcrumb; Type: TABLE DATA; Schema: public; Owner: jbilling
--

COPY breadcrumb (id, user_id, controller, action, name, object_id, description, version) FROM stdin;
27	20	payment	list	\N	\N	\N	0
28	20	invoice	list	\N	\N	\N	0
29	20	payment	list	\N	\N	\N	0
30	20	order	list	\N	\N	\N	0
31	20	invoice	list	\N	\N	\N	0
32	20	payment	list	\N	\N	\N	0
33	20	invoice	list	\N	\N	\N	0
8192	10	order	list	\N	11604	\N	0
8193	10	order	list	\N	11603	\N	0
8194	10	order	list	\N	11604	\N	0
8195	10	order	list	\N	11605	\N	0
8196	10	order	list	\N	11606	\N	0
8197	10	customer	list	\N	\N	\N	0
8198	10	customer	list	\N	60	danny tran	0
\.


--
-- Data for Name: contact; Type: TABLE DATA; Schema: public; Owner: jbilling
--

COPY contact (id, organization_name, street_addres1, street_addres2, city, state_province, postal_code, country_code, last_name, first_name, person_initial, person_title, phone_country_code, phone_area_code, phone_phone_number, fax_country_code, fax_area_code, fax_phone_number, email, create_datetime, deleted, notification_include, user_id, optlock) FROM stdin;
100	Fantoft	Fantoftvegen 14, Postboks 1257		Bergen	Norge	5075	NO	Salaberria	Paul	\N	\N	\N	451	73413	\N	\N	\N	psalaberria002@gmail.com	2013-02-03 15:11:40.36	0	1	\N	0
101	Fantoft	Fantoftvegen 14, Postboks 1257		Bergen	Norge	5075	NO	Salaberria	Paul	\N	\N	\N	451	73413	\N	\N	\N	psalaberria002@gmail.com	2013-02-03 15:11:40.805	0	1	10	0
200	AS Klaveness	Fantoftvegen 14, Postboks 1257		Bergen	Norge	5075	NO	Monika	Monika	\N	\N	47	451	73413	\N	\N	\N	psalaberria002@gmail.com	2013-02-04 15:19:00.667	0	1	20	1
201						20280	ES			\N	\N	\N	\N		\N	\N	\N	paulsmsm@hotmail.com	2013-02-04 16:03:19.385	0	1	21	1
2401	OldPlan	Domkirkegaten 3		Bergen	Hordaland	5017	NO	Admin	Admin	\N	\N	\N	451	73413	\N	\N	\N	psalaberria002@gmail.com	2013-03-13 13:27:45.213	0	1	\N	0
2402	OldPlan	Domkirkegaten 3		Bergen	Hordaland	5017	NO	Admin	Admin	\N	\N	\N	451	73413	\N	\N	\N	psalaberria002@gmail.com	2013-03-13 13:29:20.87	0	1	\N	0
2700	Test	Fantoftvegen 14, Postboks 1257		Bergen	Hordaland	5017	NO	case	Test	\N	\N	47	451	73413	\N	\N	\N	psalaberria002@gmail.com	2013-03-13 14:13:10.766	0	1	\N	0
2701	Pola Maris NV	Noorderplaats 9		Antwerp		2000	BE			\N	\N	\N	\N		\N	\N	\N	psalaberria002@gmail.com	2013-03-13 14:34:12.556	0	1	\N	0
300	Pola Maris NV	Noorderplaats 9		Antwerp		2000	BE			\N	\N	\N	\N		\N	\N	\N	psalaberria002@gmail.com	2013-02-05 15:22:14.575	0	1	30	2
700	OldPlan	Domkirkegaten 3		Bergen	Hordaland	5017	NO	Admin	Admin	\N	\N	\N	451	73413	\N	\N	\N	psalaberria002@gmail.com	2013-02-14 12:10:13.006	0	1	40	2
2800	OldPlan	Domkirkegaten 3		Bergen	Hordaland	5017	NO	Admin	Admin	\N	\N	\N	451	73413	\N	\N	\N	psalaberria002@gmail.com	2013-03-13 14:53:42.47	0	1	\N	1
2801	Pola Maris NV	Noorderplaats 9		Antwerp		2000	BE			\N	\N	\N	\N		\N	\N	\N	psalaberria002@gmail.com	2013-03-13 14:55:58.183	0	1	\N	1
2900	Pola Maris NV	Noorderplaats 9		Antwerp		2000	BE			\N	\N	\N	\N		\N	\N	\N	psalaberria002@gmail.com	2013-03-13 15:43:56.936	0	1	\N	1
2902	OldPlan	Domkirkegaten 3		Bergen	Hordaland	5017	NO	Admin	Admin	\N	\N	\N	451	73413	\N	\N	\N	psalaberria002@gmail.com	2013-03-13 15:46:11.982	0	1	\N	1
1210	OldPlan	Domkirkegaten 3		Bergen	Hordaland	5017	NO	Admin	Admin	\N	\N	\N	451	73413	\N	\N	\N	psalaberria002@gmail.com	2013-02-25 14:49:18.285	0	1	\N	0
1211	OldPlan	Domkirkegaten 3		Bergen	Hordaland	5017	NO	Admin	Admin	\N	\N	\N	451	73413	\N	\N	\N	psalaberria002@gmail.com	2013-02-25 14:53:22.866	0	1	\N	0
1300	Test	Fantoftvegen 14, Postboks 1257		Bergen	Hordaland	5017	NO	case	Test	\N	\N	47	451	73413	\N	\N	\N	psalaberria002@gmail.com	2013-03-07 09:21:11.312	0	1	50	1
4100	Pola Maris NV	Noorderplaats 9		Antwerp		2000	BE			\N	\N	\N	\N		\N	\N	\N	psalaberria002@gmail.com	2013-03-15 14:42:07.74	0	1	\N	0
4101	Pola Maris NV	Noorderplaats 9		Antwerp		2000	BE			\N	\N	\N	\N		\N	\N	\N	psalaberria002@gmail.com	2013-03-15 14:43:49.187	0	1	\N	0
4200	OldPlan	Domkirkegaten 3		Bergen	Hordaland	5017	NO	Admin	Admin	\N	\N	\N	451	73413	\N	\N	\N	psalaberria002@gmail.com	2013-03-15 14:54:34.85	0	1	\N	0
4800	Test	Fantoftvegen 14, Postboks 1257		Bergen	Hordaland	5017	NO	case	Test	\N	\N	47	451	73413	\N	\N	\N	psalaberria002@gmail.com	2013-03-19 11:12:39.867	0	1	\N	0
4801	Test	Fantoftvegen 14, Postboks 1257		Bergen	Hordaland	5017	NO	case	Test	\N	\N	47	451	73413	\N	\N	\N	psalaberria002@gmail.com	2013-03-19 11:24:12.575	0	1	\N	0
4802	Test	Fantoftvegen 14, Postboks 1257		Bergen	Hordaland	5017	NO	case	Test	\N	\N	47	451	73413	\N	\N	\N	psalaberria002@gmail.com	2013-03-19 11:27:52.345	0	1	\N	0
4803	Test	Fantoftvegen 14, Postboks 1257		Bergen	Hordaland	5017	NO	case	Test	\N	\N	47	451	73413	\N	\N	\N	psalaberria002@gmail.com	2013-03-19 11:38:47.131	0	1	\N	0
4900	Test	Fantoftvegen 14, Postboks 1257		Bergen	Hordaland	5017	NO	case	Test	\N	\N	47	451	73413	\N	\N	\N	psalaberria002@gmail.com	2013-03-19 11:54:49.404	0	1	\N	0
4901	Test	Fantoftvegen 14, Postboks 1257		Bergen	Hordaland	5017	NO	case	Test	\N	\N	47	451	73413	\N	\N	\N	psalaberria002@gmail.com	2013-03-19 11:58:51.221	0	1	\N	0
4902	Test	Fantoftvegen 14, Postboks 1257		Bergen	Hordaland	5017	NO	case	Test	\N	\N	47	451	73413	\N	\N	\N	psalaberria002@gmail.com	2013-03-19 12:01:17.822	0	1	\N	0
4903	Test	Fantoftvegen 14, Postboks 1257		Bergen	Hordaland	5017	NO	case	Test	\N	\N	47	451	73413	\N	\N	\N	psalaberria002@gmail.com	2013-03-19 12:11:28.015	0	1	\N	0
4904	Test	Fantoftvegen 14, Postboks 1257		Bergen	Hordaland	5017	NO	case	Test	\N	\N	47	451	73413	\N	\N	\N	psalaberria002@gmail.com	2013-03-19 12:30:30.815	0	1	\N	0
5000	Test	Fantoftvegen 14, Postboks 1257		Bergen	Hordaland	5017	NO	case	Test	\N	\N	47	451	73413	\N	\N	\N	psalaberria002@gmail.com	2013-03-19 13:15:46.616	0	1	\N	0
5100	Test	Fantoftvegen 14, Postboks 1257		Bergen	Hordaland	5017	NO	case	Test	\N	\N	47	451	73413	\N	\N	\N	psalaberria002@gmail.com	2013-03-19 17:27:12.309	0	1	\N	0
5700	Test	Fantoftvegen 14, Postboks 1257		Bergen	Hordaland	5017	NO	case	Test	\N	\N	47	451	73413	\N	\N	\N	psalaberria002@gmail.com	2013-04-03 06:05:53.116	0	1	\N	0
5701	Test	Fantoftvegen 14, Postboks 1257		Bergen	Hordaland	5017	NO	case	Test	\N	\N	47	451	73413	\N	\N	\N	psalaberria002@gmail.com	2013-04-03 06:25:18.589	0	1	\N	0
5702	Pola Maris NV	Noorderplaats 9		Antwerp		2000	BE			\N	\N	\N	\N		\N	\N	\N	psalaberria002@gmail.com	2013-04-03 06:37:56.14	0	1	\N	0
5703	Pola Maris NV	Noorderplaats 9		Antwerp		2000	BE			\N	\N	\N	\N		\N	\N	\N	psalaberria002@gmail.com	2013-04-03 06:39:49.582	0	1	\N	0
5704	Pola Maris NV	Noorderplaats 9		Antwerp		2000	BE			\N	\N	\N	\N		\N	\N	\N	psalaberria002@gmail.com	2013-04-03 06:42:30.171	0	1	\N	0
5800	Test	Fantoftvegen 14, Postboks 1257		Bergen	Hordaland	5017	NO	case	Test	\N	\N	47	451	73413	\N	\N	\N	psalaberria002@gmail.com	2013-04-03 20:42:57.903	0	1	\N	0
5902	OldPlan	Domkirkegaten 3		Bergen	Hordaland	5017	NO	Admin	Admin	\N	\N	\N	451	73413	\N	\N	\N	psalaberria002@gmail.com	2013-04-03 22:22:10.615	0	1	\N	0
5904	Test	Fantoftvegen 14, Postboks 1257		Bergen	Hordaland	5017	NO	case	Test	\N	\N	47	451	73413	\N	\N	\N	psalaberria002@gmail.com	2013-04-03 23:10:08.714	0	1	\N	0
6000	Seagull Corporation	Domkirkegaten 3		Bergen	Hordaland	5017	VN	tran	danny	\N	\N	47	9702	8777	\N	\N	\N	hj@dataloy.com	2013-04-04 12:50:18.537	0	0	60	1
6001	Seagull Corporation	Domkirkegaten 3		Bergen	Hordaland	5017	VN	tran	danny	\N	\N	47	9702	8777	\N	\N	\N	hj@dataloy.com	2013-04-04 12:53:37.004	0	0	\N	0
6002	Seagull Corporation	Domkirkegaten 3		Bergen	Hordaland	5017	VN	tran	danny	\N	\N	47	9702	8777	\N	\N	\N	hj@dataloy.com	2013-04-04 13:02:29.304	0	0	\N	0
6100	Test	Fantoftvegen 14, Postboks 1257		Bergen	Hordaland	5017	NO	case	Test	\N	\N	47	451	73413	\N	\N	\N	psalaberria002@gmail.com	2013-04-08 12:36:56.028	0	1	\N	0
6200	OldPlan	Domkirkegaten 3		Bergen	Hordaland	5017	NO	Admin	Admin	\N	\N	\N	451	73413	\N	\N	\N	psalaberria002@gmail.com	2013-04-09 14:31:52.267	0	1	\N	0
6300	Seagull Corporation	Domkirkegaten 3		Bergen	Hordaland	5017	VN	tran	danny	\N	\N	47	9702	8777	\N	\N	\N	hj@dataloy.com	2013-04-09 14:56:12.375	0	0	\N	0
6400	OldPlan	Domkirkegaten 3		Bergen	Hordaland	5017	NO	Admin	Admin	\N	\N	\N	451	73413	\N	\N	\N	psalaberria002@gmail.com	2013-04-09 15:27:31.543	0	1	\N	0
6500	Pola Maris NV	Noorderplaats 9		Antwerp		2000	BE			\N	\N	\N	\N		\N	\N	\N	psalaberria002@gmail.com	2013-04-09 16:57:56.052	0	1	\N	0
6600	Pola Maris NV	Noorderplaats 9		Antwerp		2000	BE			\N	\N	\N	\N		\N	\N	\N	psalaberria002@gmail.com	2013-04-11 13:35:25.011	0	1	\N	0
6601	Pola Maris NV	Noorderplaats 9		Antwerp		2000	BE			\N	\N	\N	\N		\N	\N	\N	psalaberria002@gmail.com	2013-04-11 13:51:07.976	0	1	\N	0
6700	Seagull Corporation	Domkirkegaten 3		Bergen	Hordaland	5017	VN	tran	danny	\N	\N	47	9702	8777	\N	\N	\N	hj@dataloy.com	2013-04-11 14:05:36.559	0	0	\N	0
6800	Seagull Corporation	Domkirkegaten 3		Bergen	Hordaland	5017	VN	tran	danny	\N	\N	47	9702	8777	\N	\N	\N	hj@dataloy.com	2013-04-11 14:12:00.134	0	0	\N	0
7001	OldPlan	Domkirkegaten 3		Bergen	Hordaland	5017	NO	Admin	Admin	\N	\N	\N	451	73413	\N	\N	\N	psalaberria002@gmail.com	2013-04-12 14:26:22.62	0	1	\N	0
7004	Pola Maris NV	Noorderplaats 9		Antwerp		2000	BE			\N	\N	\N	\N		\N	\N	\N	psalaberria002@gmail.com	2013-04-12 14:30:14.96	0	1	\N	0
7005	Seagull Corporation	Domkirkegaten 3		Bergen	Hordaland	5017	VN	tran	danny	\N	\N	47	9702	8777	\N	\N	\N	hj@dataloy.com	2013-04-12 14:31:31.855	0	0	\N	0
7100	OldPlan	Domkirkegaten 3		Bergen	Hordaland	5017	NO	Admin	Admin	\N	\N	\N	451	73413	\N	\N	\N	psalaberria002@gmail.com	2013-04-16 10:13:57.373	0	1	\N	0
7200	Test	Fantoftvegen 14, Postboks 1257		Bergen	Hordaland	5017	NO	case	Test	\N	\N	47	451	73413	\N	\N	\N	psalaberria002@gmail.com	2013-04-16 11:15:37.992	0	1	\N	0
7201	Seagull Corporation	Domkirkegaten 3		Bergen	Hordaland	5017	VN	tran	danny	\N	\N	47	9702	8777	\N	\N	\N	hj@dataloy.com	2013-04-16 11:26:46.78	0	0	\N	0
\.


--
-- Data for Name: contact_field; Type: TABLE DATA; Schema: public; Owner: jbilling
--

COPY contact_field (id, type_id, contact_id, content, optlock) FROM stdin;
\.


--
-- Data for Name: contact_field_type; Type: TABLE DATA; Schema: public; Owner: jbilling
--

COPY contact_field_type (id, entity_id, prompt_key, data_type, customer_readonly, optlock) FROM stdin;
\.


--
-- Data for Name: contact_map; Type: TABLE DATA; Schema: public; Owner: jbilling
--

COPY contact_map (id, contact_id, type_id, table_id, foreign_id, optlock) FROM stdin;
678000	100	1	5	10	0
678001	101	20	10	10	0
678100	200	20	10	20	1
678101	201	20	10	21	1
678200	300	20	10	30	1
679110	1210	1	39	1010	1
679111	1211	1	39	1011	1
680301	2401	1	39	2101	1
680302	2402	1	39	2102	1
679200	1300	20	10	50	1
682000	4100	1	39	3800	1
682001	4101	1	39	3801	1
680600	2700	1	39	2400	1
682100	4200	1	39	3900	1
678600	700	20	10	40	1
680601	2701	1	39	2401	1
680700	2800	1	39	2500	1
680701	2801	1	39	2501	1
680800	2900	1	39	2600	1
680802	2902	1	39	2602	1
682700	4800	1	39	4500	1
682701	4801	1	39	4501	1
682702	4802	1	39	4502	1
682703	4803	1	39	4503	1
682800	4900	1	39	4600	1
682801	4901	1	39	4601	1
682802	4902	1	39	4602	1
682803	4903	1	39	4603	1
682804	4904	1	39	4604	1
682900	5000	1	39	4700	1
683000	5100	1	39	4800	1
683600	5700	1	39	5400	1
683601	5701	1	39	5401	1
683602	5702	1	39	5402	1
683603	5703	1	39	5403	1
683604	5704	1	39	5404	1
683700	5800	1	39	5500	1
683802	5902	1	39	5602	1
683804	5904	1	39	5604	1
683900	6000	20	10	60	1
683901	6001	1	39	5700	1
683902	6002	1	39	5701	1
684000	6100	1	39	5800	1
684100	6200	1	39	5900	1
684200	6300	1	39	6000	1
684300	6400	1	39	6100	1
684400	6500	1	39	6200	1
684500	6600	1	39	6300	1
684501	6601	1	39	6301	1
684600	6700	1	39	6400	1
684700	6800	1	39	6500	1
684901	7001	1	39	6701	1
684904	7004	1	39	6704	1
684905	7005	1	39	6705	1
685000	7100	1	39	6800	1
685100	7200	1	39	6900	1
685101	7201	1	39	6901	1
\.


--
-- Data for Name: contact_type; Type: TABLE DATA; Schema: public; Owner: jbilling
--

COPY contact_type (id, entity_id, is_primary, optlock) FROM stdin;
1	\N	\N	0
20	10	1	0
\.


--
-- Data for Name: country; Type: TABLE DATA; Schema: public; Owner: jbilling
--

COPY country (id, code) FROM stdin;
1	AF
2	AL
3	DZ
4	AS
5	AD
6	AO
7	AI
8	AQ
9	AG
10	AR
11	AM
12	AW
13	AU
14	AT
15	AZ
16	BS
17	BH
18	BD
19	BB
20	BY
21	BE
22	BZ
23	BJ
24	BM
25	BT
26	BO
27	BA
28	BW
29	BV
30	BR
31	IO
32	BN
33	BG
34	BF
35	BI
36	KH
37	CM
38	CA
39	CV
40	KY
41	CF
42	TD
43	CL
44	CN
45	CX
46	CC
47	CO
48	KM
49	CG
50	CK
51	CR
52	CI
53	HR
54	CU
55	CY
56	CZ
57	CD
58	DK
59	DJ
60	DM
61	DO
62	TP
63	EC
64	EG
65	SV
66	GQ
67	ER
68	EE
69	ET
70	FK
71	FO
72	FJ
73	FI
74	FR
75	GF
76	PF
77	TF
78	GA
79	GM
80	GE
81	DE
82	GH
83	GI
84	GR
85	GL
86	GD
87	GP
88	GU
89	GT
90	GN
91	GW
92	GY
93	HT
94	HM
95	HN
96	HK
97	HU
98	IS
99	IN
100	ID
101	IR
102	IQ
103	IE
104	IL
105	IT
106	JM
107	JP
108	JO
109	KZ
110	KE
111	KI
112	KR
113	KW
114	KG
115	LA
116	LV
117	LB
118	LS
119	LR
120	LY
121	LI
122	LT
123	LU
124	MO
125	MK
126	MG
127	MW
128	MY
129	MV
130	ML
131	MT
132	MH
133	MQ
134	MR
135	MU
136	YT
137	MX
138	FM
139	MD
140	MC
141	MN
142	MS
143	MA
144	MZ
145	MM
146	NA
147	NR
148	NP
149	NL
150	AN
151	NC
152	NZ
153	NI
154	NE
155	NG
156	NU
157	NF
158	KP
159	MP
160	NO
161	OM
162	PK
163	PW
164	PA
165	PG
166	PY
167	PE
168	PH
169	PN
170	PL
171	PT
172	PR
173	QA
174	RE
175	RO
176	RU
177	RW
178	WS
179	SM
180	ST
181	SA
182	SN
183	YU
184	SC
185	SL
186	SG
187	SK
188	SI
189	SB
190	SO
191	ZA
192	GS
193	ES
194	LK
195	SH
196	KN
197	LC
198	PM
199	VC
200	SD
201	SR
202	SJ
203	SZ
204	SE
205	CH
206	SY
207	TW
208	TJ
209	TZ
210	TH
211	TG
212	TK
213	TO
214	TT
215	TN
216	TR
217	TM
218	TC
219	TV
220	UG
221	UA
222	AE
223	UK
224	US
225	UM
226	UY
227	UZ
228	VU
229	VA
230	VE
231	VN
232	VG
233	VI
234	WF
235	YE
236	ZM
237	ZW
\.


--
-- Data for Name: credit_card; Type: TABLE DATA; Schema: public; Owner: jbilling
--

COPY credit_card (id, cc_number, cc_number_plain, cc_expiry, name, cc_type, deleted, gateway_key, optlock) FROM stdin;
\.


--
-- Data for Name: currency; Type: TABLE DATA; Schema: public; Owner: jbilling
--

COPY currency (id, symbol, code, country_code, optlock) FROM stdin;
3	&#8364;	EUR	EU	3
1	US$	USD	US	2
110	NOK	NOK	NO	1
2	C$	CAD	CA	2
7	Sf	CHF	CH	2
6	&#8361;	KRW	KR	2
5	&#163;	GBP	UK	2
4	&#165;	JPY	JP	2
9	S$	SGD	SG	2
8	SeK	SEK	SE	2
11	$	AUD	AU	2
10	M$	MYR	MY	2
\.


--
-- Data for Name: currency_entity_map; Type: TABLE DATA; Schema: public; Owner: jbilling
--

COPY currency_entity_map (currency_id, entity_id) FROM stdin;
3	10
1	10
110	10
\.


--
-- Data for Name: currency_exchange; Type: TABLE DATA; Schema: public; Owner: jbilling
--

COPY currency_exchange (id, entity_id, currency_id, rate, create_datetime, optlock) FROM stdin;
2514	0	1	1.0000000000	2013-02-05 15:11:46.059	0
2520	0	4	99.3963000000	2013-02-05 15:11:46.071	0
2516	0	2	1.0094000000	2013-02-05 15:11:46.057	0
2523	0	11	0.9461000000	2013-02-05 15:11:46.078	0
2519	0	5	0.6495000000	2013-02-05 15:11:46.069	0
2515	0	110	5.6997000000	2013-02-05 15:11:46.084	0
2517	0	7	0.9290000000	2013-02-05 15:11:46.061	0
2521	0	9	1.2367000000	2013-02-05 15:11:46.074	0
2524	0	10	3.0336000000	2013-02-05 15:11:46.081	0
2522	0	8	6.3376000000	2013-02-05 15:11:46.076	0
2513	0	3	0.7623000000	2013-02-05 15:11:46.052	0
2518	0	6	1129.2484000000	2013-02-05 15:11:46.064	0
\.


--
-- Data for Name: customer; Type: TABLE DATA; Schema: public; Owner: jbilling
--

COPY customer (id, user_id, partner_id, referral_fee_paid, invoice_delivery_method_id, notes, auto_payment_type, due_date_unit_id, due_date_value, df_fm, parent_id, is_parent, exclude_aging, invoice_child, current_order_id, balance_type, dynamic_balance, credit_limit, auto_recharge, optlock) FROM stdin;
200	30	\N	\N	1		1	3	\N	\N	\N	0	0	0	\N	1	-8950.0000000000	0.0000000000	0.0000000000	5
300	40	\N	\N	1		1	3	\N	\N	\N	0	0	0	\N	1	0.0000000000	0.0000000000	0.0000000000	3
400	50	\N	\N	1		1	\N	\N	\N	\N	0	0	\N	\N	1	0.0000000000	0.0000000000	0.0000000000	1
500	60	\N	\N	1		1	3	\N	\N	\N	0	0	\N	\N	1	0.0000000000	0.0000000000	0.0000000000	1
\.


--
-- Data for Name: entity; Type: TABLE DATA; Schema: public; Owner: jbilling
--

COPY entity (id, external_id, description, create_datetime, language_id, currency_id, optlock) FROM stdin;
10	\N	Fantoft	2013-02-03 15:11:40.263	1	110	4
\.


--
-- Data for Name: entity_delivery_method_map; Type: TABLE DATA; Schema: public; Owner: jbilling
--

COPY entity_delivery_method_map (method_id, entity_id) FROM stdin;
1	10
2	10
3	10
\.


--
-- Data for Name: entity_payment_method_map; Type: TABLE DATA; Schema: public; Owner: jbilling
--

COPY entity_payment_method_map (entity_id, payment_method_id) FROM stdin;
10	1
10	2
10	3
\.


--
-- Data for Name: entity_report_map; Type: TABLE DATA; Schema: public; Owner: jbilling
--

COPY entity_report_map (report_id, entity_id) FROM stdin;
3	10
8	10
6	10
5	10
4	10
9	10
1	10
2	10
7	10
\.


--
-- Data for Name: event_log; Type: TABLE DATA; Schema: public; Owner: jbilling
--

COPY event_log (id, entity_id, user_id, affected_user_id, table_id, foreign_id, create_datetime, level_field, module_id, message_id, old_num, old_str, old_date, optlock) FROM stdin;
1001	\N	\N	\N	27	200	2013-02-04 15:19:00.701	2	2	25	\N	\N	\N	0
1004	\N	\N	\N	27	201	2013-02-04 16:03:19.395	2	2	25	\N	\N	\N	0
2004	10	10	\N	14	100	2013-02-05 15:12:08.052	2	3	9	\N	\N	\N	0
2007	10	\N	30	10	30	2013-02-05 15:22:14.565	2	2	25	\N	\N	\N	0
2008	\N	\N	\N	27	300	2013-02-05 15:22:14.584	2	2	25	\N	\N	\N	0
2009	10	\N	30	27	300	2013-02-05 15:22:14.944	2	2	9	\N	\N	\N	0
2010	10	10	\N	14	100	2013-02-05 15:23:21.188	2	3	7	\N	\N	\N	0
2011	10	10	\N	13	100	2013-02-05 15:23:24.422	2	4	7	\N	\N	\N	0
2012	10	\N	30	21	100	2013-02-05 15:28:02.503	2	7	25	\N	\N	\N	0
2013	10	\N	30	21	101	2013-02-05 15:31:13.075	2	7	25	\N	\N	\N	0
2016	10	\N	30	39	100	2013-02-05 15:46:08.815	2	9	25	\N	\N	\N	0
2017	10	\N	30	21	100	2013-02-05 15:46:08.99	2	7	13	1	\N	\N	0
2018	10	10	30	21	101	2013-02-05 15:47:05.093	2	7	9	\N	\N	\N	0
2019	10	10	30	21	101	2013-02-05 15:47:05.126	2	7	9	\N	\N	\N	0
2021	10	10	30	21	101	2013-02-05 15:48:04.015	2	7	9	\N	\N	\N	0
2023	10	\N	30	21	102	2013-02-05 15:49:50.3	2	7	25	\N	\N	\N	0
2024	10	10	30	21	102	2013-02-05 15:50:11.491	2	7	7	\N	\N	\N	0
3003	10	10	30	21	101	2013-02-05 16:00:46.012	2	7	9	\N	\N	\N	0
3005	10	10	30	21	101	2013-02-05 16:02:55.689	2	7	9	300	\N	\N	0
3006	10	10	30	21	101	2013-02-05 16:02:55.715	2	7	9	\N	\N	\N	0
3007	10	\N	30	21	101	2013-02-05 16:03:10.735	2	7	13	1	\N	\N	0
3008	10	\N	30	39	100	2013-02-05 16:03:10.747	2	9	16	\N	\N	\N	0
4000	10	10	30	12	200	2013-02-06 10:09:17.447	2	2	34	0	\N	\N	0
4001	10	10	30	10	30	2013-02-06 10:09:17.474	2	2	9	\N	\N	\N	0
4002	10	\N	30	27	300	2013-02-06 10:09:17.664	2	2	9	\N	\N	\N	0
4003	10	\N	30	27	300	2013-02-06 10:09:18.201	2	2	9	\N	\N	\N	0
4004	10	\N	30	42	100	2013-02-06 10:14:14.564	2	10	25	\N	\N	\N	0
5000	10	10	\N	14	300	2013-02-07 10:02:52.695	2	3	7	\N	\N	\N	0
5001	10	10	\N	14	300	2013-02-07 10:07:59.482	2	3	7	\N	\N	\N	0
5002	10	\N	30	21	200	2013-02-07 10:19:15.517	2	7	25	\N	\N	\N	0
5003	10	\N	30	39	200	2013-02-07 10:19:45.072	2	9	25	\N	\N	\N	0
5004	10	\N	30	21	200	2013-02-07 10:19:45.429	2	7	13	1	\N	\N	0
5005	10	\N	30	21	201	2013-02-07 10:20:20.103	2	7	25	\N	\N	\N	0
5006	10	\N	30	39	200	2013-02-07 10:20:29.484	2	9	16	\N	\N	\N	0
5007	10	\N	30	42	200	2013-02-07 10:21:18.232	2	10	25	\N	\N	\N	0
5008	10	10	30	21	201	2013-02-07 10:22:10.04	2	7	9	\N	\N	\N	0
5009	10	10	30	21	201	2013-02-07 10:23:43.575	2	7	9	\N	\N	\N	0
5010	10	10	\N	14	200	2013-02-07 10:27:44.59	2	3	9	\N	\N	\N	0
5011	10	10	30	21	201	2013-02-07 10:29:03.666	2	7	9	\N	\N	\N	0
5012	10	\N	30	21	202	2013-02-07 10:40:44.983	2	7	25	\N	\N	\N	0
5013	10	10	30	21	202	2013-02-07 10:41:01.477	2	7	9	\N	\N	2013-02-07 00:00:00	0
5014	10	10	30	21	202	2013-02-07 10:41:01.48	2	7	9	\N	\N	\N	0
5015	10	\N	30	21	202	2013-02-07 10:41:04.857	3	1	1	\N	\N	\N	0
5016	10	\N	30	39	201	2013-02-07 10:41:04.927	2	9	25	\N	\N	\N	0
5017	10	10	\N	14	200	2013-02-07 10:42:07.791	2	3	9	\N	\N	\N	0
5018	10	\N	30	21	202	2013-02-07 10:42:58.813	3	1	1	\N	\N	\N	0
5019	10	\N	30	39	202	2013-02-07 10:42:58.881	2	9	25	\N	\N	\N	0
6000	10	10	\N	14	400	2013-02-07 13:58:20.567	2	3	7	\N	\N	\N	0
7000	10	10	\N	14	201	2013-02-07 15:38:33.877	2	3	9	\N	\N	\N	0
8000	10	10	\N	25	30	2013-02-11 13:45:22.071	2	11	25	\N	\N	\N	0
8001	10	10	\N	25	30	2013-02-11 13:48:21.872	2	11	7	\N	\N	\N	0
9000	10	10	\N	14	500	2013-02-11 14:21:00.759	2	3	7	\N	\N	\N	0
10000	10	\N	\N	27	402	2013-02-11 14:45:27.201	2	2	7	\N	\N	\N	0
10001	10	10	30	39	202	2013-02-11 14:45:27.24	2	9	7	\N	\N	\N	0
10002	10	\N	\N	27	401	2013-02-11 14:45:33.217	2	2	7	\N	\N	\N	0
10003	10	10	30	39	201	2013-02-11 14:45:33.226	2	9	7	\N	\N	\N	0
10004	10	\N	30	21	200	2013-02-11 14:45:40.342	2	7	13	2	\N	\N	0
10005	10	\N	\N	27	400	2013-02-11 14:45:40.453	2	2	7	\N	\N	\N	0
10006	10	\N	30	80	200	2013-02-11 14:45:40.471	2	10	7	\N	\N	\N	0
10007	10	10	30	39	200	2013-02-11 14:45:40.48	2	9	7	\N	\N	\N	0
10008	10	\N	30	21	101	2013-02-11 14:45:45.161	2	7	13	2	\N	\N	0
10009	10	\N	30	21	100	2013-02-11 14:45:45.167	2	7	13	2	\N	\N	0
10010	10	\N	\N	27	301	2013-02-11 14:45:45.181	2	2	7	\N	\N	\N	0
10011	10	\N	30	80	100	2013-02-11 14:45:45.186	2	10	7	\N	\N	\N	0
10012	10	10	30	39	100	2013-02-11 14:45:45.194	2	9	7	\N	\N	\N	0
10013	10	10	30	21	202	2013-02-11 14:45:57.653	2	7	7	\N	\N	\N	0
10014	10	10	30	21	201	2013-02-11 14:46:01.512	2	7	7	\N	\N	\N	0
10015	10	10	30	21	200	2013-02-11 14:46:04.888	2	7	7	\N	\N	\N	0
10016	10	10	30	21	101	2013-02-11 14:46:08.309	2	7	7	\N	\N	\N	0
10017	10	10	30	21	100	2013-02-11 14:46:13.725	2	7	7	\N	\N	\N	0
10018	10	10	\N	14	200	2013-02-11 14:46:56.657	2	3	9	\N	\N	\N	0
10019	10	10	\N	14	600	2013-02-11 14:48:06.118	2	3	9	\N	\N	\N	0
10020	10	10	\N	14	200	2013-02-11 14:48:11.377	2	3	9	\N	\N	\N	0
10021	10	\N	30	42	100	2013-02-11 14:48:47.813	2	10	7	\N	\N	\N	0
10022	10	\N	30	42	200	2013-02-11 14:48:51.462	2	10	7	\N	\N	\N	0
10023	10	\N	30	21	300	2013-02-11 14:49:27.342	2	7	25	\N	\N	\N	0
10024	10	10	30	21	300	2013-02-11 14:49:46.446	2	7	9	\N	\N	\N	0
10025	10	\N	30	21	301	2013-02-11 14:50:25.644	2	7	25	\N	\N	\N	0
10026	10	\N	30	39	300	2013-02-11 14:50:36.74	2	9	25	\N	\N	\N	0
10027	10	\N	30	21	300	2013-02-11 14:50:37.268	2	7	13	1	\N	\N	0
10028	10	\N	30	21	301	2013-02-11 14:50:48.544	3	1	1	\N	\N	\N	0
10029	10	\N	30	39	301	2013-02-11 14:50:48.642	2	9	25	\N	\N	\N	0
10030	10	\N	\N	27	501	2013-02-11 14:50:53.518	2	2	7	\N	\N	\N	0
10031	10	10	30	39	301	2013-02-11 14:50:53.527	2	9	7	\N	\N	\N	0
10032	10	\N	30	21	301	2013-02-11 14:51:05.775	3	1	1	\N	\N	\N	0
10033	10	\N	30	39	300	2013-02-11 14:51:05.809	2	9	16	\N	\N	\N	0
10034	10	\N	30	42	300	2013-02-11 14:51:48.335	2	10	25	\N	\N	\N	0
10035	10	10	30	21	301	2013-02-11 14:54:18.735	2	7	9	\N	\N	\N	0
10036	10	\N	30	21	302	2013-02-11 15:34:46.031	2	7	25	\N	\N	\N	0
10037	10	\N	30	39	302	2013-02-11 15:34:49.962	2	9	25	\N	\N	\N	0
10038	10	\N	30	21	302	2013-02-11 15:34:49.982	2	7	13	1	\N	\N	0
10039	10	\N	30	42	301	2013-02-11 15:35:15.923	2	10	25	\N	\N	\N	0
10040	10	10	30	21	301	2013-02-11 15:35:55.184	2	7	9	\N	\N	\N	0
10041	10	\N	30	21	303	2013-02-11 15:37:34.888	2	7	25	\N	\N	\N	0
10042	10	\N	30	39	303	2013-02-11 15:37:42.134	2	9	25	\N	\N	\N	0
10043	10	\N	30	21	303	2013-02-11 15:37:42.151	2	7	13	1	\N	\N	0
10044	10	10	30	21	301	2013-02-11 15:38:09.848	2	7	9	\N	\N	\N	0
10045	10	\N	30	42	302	2013-02-11 15:38:56.305	2	10	25	\N	\N	\N	0
10046	10	10	\N	14	600	2013-02-11 15:41:08.755	2	3	9	\N	\N	\N	0
10047	10	10	\N	14	200	2013-02-11 15:41:31.997	2	3	9	\N	\N	\N	0
10048	10	10	\N	14	201	2013-02-11 15:41:58.71	2	3	9	\N	\N	\N	0
10049	10	10	\N	14	201	2013-02-11 15:42:21.854	2	3	9	\N	\N	\N	0
10050	10	10	30	21	301	2013-02-11 15:43:08.138	2	7	9	\N	\N	\N	0
11000	10	10	30	21	301	2013-02-11 17:11:14.152	2	7	9	\N	\N	\N	0
12000	10	10	30	21	301	2013-02-11 17:24:21.765	2	7	9	\N	\N	\N	0
12001	10	10	30	21	301	2013-02-11 17:30:58.994	2	7	9	\N	\N	\N	0
12002	10	10	30	21	301	2013-02-11 17:31:19.864	2	7	9	\N	\N	\N	0
12003	10	10	30	21	301	2013-02-11 17:35:37.053	2	7	9	\N	\N	\N	0
13000	10	10	30	21	301	2013-02-11 17:39:56.578	2	7	9	\N	\N	\N	0
14000	10	10	30	21	301	2013-02-11 17:53:18.374	2	7	9	\N	\N	\N	0
14001	10	10	30	21	301	2013-02-11 17:53:42.22	2	7	9	\N	\N	\N	0
14002	10	10	30	21	301	2013-02-11 17:55:54.317	2	7	9	\N	\N	\N	0
14003	10	10	30	21	301	2013-02-11 17:56:02.607	2	7	9	\N	\N	\N	0
14004	10	10	30	21	301	2013-02-11 18:04:52.526	2	7	9	\N	\N	\N	0
14005	10	10	30	21	301	2013-02-11 18:05:04.212	2	7	9	\N	\N	\N	0
14006	10	10	30	21	301	2013-02-11 18:05:14.52	2	7	9	\N	\N	\N	0
15000	10	10	30	21	301	2013-02-12 09:40:56.731	2	7	9	\N	\N	\N	0
15001	10	10	30	21	301	2013-02-12 09:41:56.516	2	7	9	\N	\N	\N	0
15002	10	10	30	21	301	2013-02-12 09:42:06.567	2	7	9	\N	\N	\N	0
16000	10	10	30	21	302	2013-02-12 12:19:43.328	2	7	9	\N	\N	\N	0
17000	10	10	30	21	301	2013-02-12 12:43:25.695	2	7	9	\N	\N	\N	0
17001	10	10	30	21	301	2013-02-12 12:43:36.993	2	7	9	\N	\N	\N	0
17002	10	\N	30	21	400	2013-02-12 13:01:26.115	2	7	25	\N	\N	\N	0
17003	10	10	30	21	400	2013-02-12 13:01:34.118	2	7	7	\N	\N	\N	0
18000	10	\N	30	21	500	2013-02-13 11:25:12.511	2	7	25	\N	\N	\N	0
19000	10	\N	30	21	600	2013-02-13 13:50:44.153	2	7	25	\N	\N	\N	0
19001	10	10	30	21	600	2013-02-13 13:51:14.033	2	7	9	\N	\N	2013-02-13 00:00:00	0
19002	10	10	30	21	600	2013-02-13 13:51:14.037	2	7	9	\N	\N	\N	0
19003	10	10	30	21	500	2013-02-13 13:52:09.907	2	7	7	\N	\N	\N	0
19004	10	10	30	21	600	2013-02-13 13:52:16.28	2	7	7	\N	\N	\N	0
19005	10	\N	30	21	601	2013-02-13 13:52:30.182	2	7	25	\N	\N	\N	0
19006	10	10	30	21	601	2013-02-13 13:57:53.439	2	7	9	\N	\N	2013-02-13 00:00:00	0
19007	10	10	30	21	601	2013-02-13 13:57:53.44	2	7	9	\N	\N	\N	0
19008	10	\N	30	21	602	2013-02-13 13:59:25.845	2	7	25	\N	\N	\N	0
19009	10	10	30	21	601	2013-02-13 14:00:36.722	2	7	7	\N	\N	\N	0
19010	10	10	30	21	602	2013-02-13 14:00:42.197	2	7	7	\N	\N	\N	0
19011	10	\N	30	21	603	2013-02-13 14:00:53.139	2	7	25	\N	\N	\N	0
20000	10	10	30	21	603	2013-02-13 15:55:59.876	2	7	7	\N	\N	\N	0
20001	10	10	30	21	303	2013-02-13 15:56:05.374	2	7	7	\N	\N	\N	0
20002	10	10	30	21	302	2013-02-13 15:56:11.254	2	7	7	\N	\N	\N	0
20003	10	10	30	21	301	2013-02-13 15:56:16.049	2	7	7	\N	\N	\N	0
20004	10	\N	30	21	700	2013-02-13 15:57:03.391	2	7	25	\N	\N	\N	0
20005	10	\N	30	21	700	2013-02-13 15:59:46.003	3	1	1	\N	\N	\N	0
20006	10	\N	30	39	400	2013-02-13 15:59:46.166	2	9	25	\N	\N	\N	0
21000	10	10	30	21	700	2013-02-13 16:22:42.337	2	7	9	\N	\N	\N	0
21001	10	10	30	21	700	2013-02-13 16:29:08.77	2	7	9	\N	\N	\N	0
21002	10	10	30	21	700	2013-02-13 16:33:26.524	2	7	9	\N	\N	\N	0
21003	10	10	30	21	700	2013-02-13 16:34:28.341	2	7	9	\N	\N	\N	0
21004	10	10	30	21	700	2013-02-13 16:35:46.917	2	7	9	\N	\N	\N	0
22000	10	10	30	21	700	2013-02-13 16:39:44.686	2	7	9	\N	\N	\N	0
22001	10	10	30	21	700	2013-02-13 16:52:23.332	2	7	9	\N	\N	\N	0
22002	10	10	30	21	700	2013-02-13 17:03:43.665	2	7	9	\N	\N	\N	0
22003	10	10	30	21	700	2013-02-13 17:06:23.897	2	7	9	\N	\N	\N	0
23000	10	10	30	21	700	2013-02-13 17:09:06.018	2	7	9	\N	\N	\N	0
23001	10	10	30	21	700	2013-02-13 17:09:36.597	2	7	9	\N	\N	\N	0
23002	10	10	30	21	700	2013-02-13 17:28:00.931	2	7	9	\N	\N	\N	0
23003	10	10	30	21	700	2013-02-13 17:29:31.507	2	7	9	\N	\N	\N	0
24000	10	10	30	21	700	2013-02-14 10:38:44.637	2	7	9	\N	\N	\N	0
24001	10	10	30	21	700	2013-02-14 10:39:34.492	2	7	9	\N	\N	\N	0
24002	10	10	30	21	700	2013-02-14 10:45:21.122	2	7	9	\N	\N	\N	0
24003	10	\N	30	21	800	2013-02-14 10:45:21.307	2	7	25	\N	\N	\N	0
24004	10	\N	30	21	801	2013-02-14 10:46:38.347	2	7	25	\N	\N	\N	0
24005	10	10	30	21	700	2013-02-14 10:50:20.203	2	7	9	\N	\N	\N	0
24006	10	10	30	21	700	2013-02-14 11:07:06.986	2	7	9	\N	\N	\N	0
24007	10	10	30	21	700	2013-02-14 11:11:44.333	2	7	9	\N	\N	\N	0
24008	10	10	30	21	700	2013-02-14 11:14:27.16	2	7	9	\N	\N	\N	0
24009	10	10	30	21	700	2013-02-14 11:16:00.173	2	7	9	\N	\N	\N	0
25000	10	10	30	21	700	2013-02-14 11:30:21.317	2	7	9	\N	\N	\N	0
26000	10	10	30	21	700	2013-02-14 11:43:49.997	2	7	9	\N	\N	\N	0
26001	10	10	30	21	700	2013-02-14 11:46:19.162	2	7	9	\N	\N	\N	0
26002	10	10	30	21	700	2013-02-14 11:51:15.154	2	7	9	\N	\N	\N	0
26003	10	10	30	21	801	2013-02-14 11:54:56.229	2	7	7	\N	\N	\N	0
26004	10	10	30	21	800	2013-02-14 11:55:00.969	2	7	7	\N	\N	\N	0
26005	10	10	30	21	700	2013-02-14 11:55:06.05	2	7	7	\N	\N	\N	0
26006	10	10	30	21	300	2013-02-14 11:55:10.338	2	7	7	\N	\N	\N	0
26007	10	\N	40	10	40	2013-02-14 12:10:12.992	2	2	25	\N	\N	\N	0
26008	\N	\N	\N	27	700	2013-02-14 12:10:13.05	2	2	25	\N	\N	\N	0
26009	10	\N	40	27	700	2013-02-14 12:10:13.475	2	2	9	\N	\N	\N	0
26010	10	\N	40	21	900	2013-02-14 12:10:44.044	2	7	25	\N	\N	\N	0
26011	10	10	40	21	900	2013-02-14 12:18:14.228	2	7	9	\N	\N	\N	0
26012	10	\N	40	21	900	2013-02-14 12:21:23.957	3	1	1	\N	\N	\N	0
26013	10	\N	40	39	500	2013-02-14 12:21:24.129	2	9	25	\N	\N	\N	0
26014	10	\N	40	21	901	2013-02-14 12:22:21.136	2	7	25	\N	\N	\N	0
26015	10	\N	40	21	901	2013-02-14 12:22:44.211	2	7	13	1	\N	\N	0
26016	10	\N	40	39	500	2013-02-14 12:22:44.244	2	9	16	\N	\N	\N	0
26017	10	\N	40	42	400	2013-02-14 12:23:09.449	2	10	25	\N	\N	\N	0
26018	10	10	40	21	900	2013-02-14 12:24:18.942	2	7	9	\N	\N	\N	0
26019	10	10	40	21	900	2013-02-14 12:28:58.896	2	7	9	\N	\N	\N	0
26020	10	10	40	21	900	2013-02-14 12:31:09.495	2	7	9	\N	\N	\N	0
26021	10	10	40	21	900	2013-02-14 12:39:36.379	2	7	9	\N	\N	\N	0
26022	10	10	40	21	900	2013-02-14 12:53:59.969	2	7	9	\N	\N	\N	0
26023	10	10	40	21	900	2013-02-14 12:57:10.179	2	7	9	\N	\N	\N	0
26024	10	10	40	21	900	2013-02-14 13:00:07.266	2	7	9	\N	\N	\N	0
26025	10	\N	40	21	902	2013-02-14 14:04:42.939	2	7	25	\N	\N	\N	0
26026	10	\N	40	21	903	2013-02-14 14:17:35.138	2	7	25	\N	\N	\N	0
26027	10	10	40	21	903	2013-02-14 14:22:19.701	2	7	9	\N	\N	\N	0
26028	10	\N	40	21	904	2013-02-14 14:23:23.676	2	7	25	\N	\N	\N	0
26029	10	10	40	21	904	2013-02-14 14:30:43.18	2	7	9	\N	\N	\N	0
26030	10	10	40	21	904	2013-02-14 14:31:29.862	2	7	7	\N	\N	\N	0
26031	10	10	40	21	903	2013-02-14 14:31:40.887	2	7	7	\N	\N	\N	0
26032	10	10	40	21	902	2013-02-14 14:31:51.276	2	7	7	\N	\N	\N	0
26033	10	10	40	21	900	2013-02-14 14:32:58.019	2	7	9	\N	\N	\N	0
26034	10	\N	40	21	905	2013-02-14 15:22:53.255	2	7	25	\N	\N	\N	0
27000	10	\N	40	21	1000	2013-02-14 15:35:46.853	2	7	25	\N	\N	\N	0
27001	10	\N	40	21	1001	2013-02-14 15:59:21.086	2	7	25	\N	\N	\N	0
27002	10	\N	40	21	1002	2013-02-14 16:01:17.938	2	7	25	\N	\N	\N	0
27003	10	\N	40	21	1003	2013-02-14 16:09:34.943	2	7	25	\N	\N	\N	0
27004	10	\N	40	21	1004	2013-02-14 16:30:18.287	2	7	25	\N	\N	\N	0
27005	10	\N	40	21	1005	2013-02-14 16:37:24.702	2	7	25	\N	\N	\N	0
27006	10	\N	40	21	1006	2013-02-14 16:54:08.779	2	7	25	\N	\N	\N	0
28000	10	10	\N	14	200	2013-02-15 10:34:04.971	2	3	9	\N	\N	\N	0
28001	10	\N	30	21	1100	2013-02-15 10:34:35.811	2	7	25	\N	\N	\N	0
28002	10	10	30	21	1100	2013-02-15 10:35:10.738	2	7	9	\N	\N	\N	0
28003	10	\N	30	21	1100	2013-02-15 10:35:50.704	3	1	1	\N	\N	\N	0
28004	10	\N	30	39	600	2013-02-15 10:35:50.906	2	9	25	\N	\N	\N	0
28005	10	\N	\N	27	600	2013-02-15 10:39:01.118	2	2	7	\N	\N	\N	0
28006	10	10	30	39	400	2013-02-15 10:39:01.127	2	9	7	\N	\N	\N	0
28007	10	\N	30	42	500	2013-02-15 10:39:28.669	2	10	25	\N	\N	\N	0
29000	10	\N	30	21	1200	2013-02-15 11:06:35.754	2	7	25	\N	\N	\N	0
29001	10	10	30	21	1200	2013-02-15 11:08:20.63	2	7	7	\N	\N	\N	0
29002	10	10	30	21	1100	2013-02-15 11:09:10.46	2	7	9	\N	\N	\N	0
29003	10	\N	30	21	1201	2013-02-15 11:10:11.745	2	7	25	\N	\N	\N	0
29004	10	\N	30	21	1202	2013-02-15 11:14:04.378	2	7	25	\N	\N	\N	0
29005	10	\N	30	21	1203	2013-02-15 11:19:52.522	2	7	25	\N	\N	\N	0
29006	10	\N	30	21	1204	2013-02-15 11:22:32.613	2	7	25	\N	\N	\N	0
29007	10	10	30	21	1204	2013-02-15 11:37:25.637	2	7	7	\N	\N	\N	0
29008	10	10	30	21	1203	2013-02-15 11:37:35.638	2	7	7	\N	\N	\N	0
29009	10	10	30	21	1202	2013-02-15 11:37:40.752	2	7	7	\N	\N	\N	0
29010	10	10	30	21	1201	2013-02-15 11:37:45.899	2	7	7	\N	\N	\N	0
29011	10	10	30	21	1100	2013-02-15 12:44:00.189	2	7	9	\N	\N	\N	0
29012	10	10	30	21	1100	2013-02-15 12:51:45.691	2	7	9	\N	\N	\N	0
29013	10	\N	40	21	1205	2013-02-15 13:25:18.792	2	7	25	\N	\N	\N	0
29014	10	\N	30	21	1206	2013-02-15 13:29:28.177	2	7	25	\N	\N	\N	0
29015	10	\N	30	21	1207	2013-02-15 13:29:35.633	2	7	25	\N	\N	\N	0
29016	10	10	30	21	1207	2013-02-15 13:41:48.363	2	7	9	\N	\N	\N	0
29017	10	10	30	21	1100	2013-02-15 13:42:46.191	2	7	9	\N	\N	\N	0
29018	10	10	30	21	1206	2013-02-15 13:43:09.444	2	7	7	\N	\N	\N	0
29019	10	10	30	21	1207	2013-02-15 13:43:17.109	2	7	7	\N	\N	\N	0
29020	10	10	30	21	1100	2013-02-15 13:43:27.698	2	7	9	\N	\N	\N	0
29021	10	\N	30	21	1208	2013-02-15 13:43:56.751	2	7	25	\N	\N	\N	0
29023	10	10	30	21	1100	2013-02-15 13:44:26.517	2	7	9	\N	\N	\N	0
29025	10	\N	30	21	1209	2013-02-15 13:54:22.103	2	7	25	\N	\N	\N	0
29026	10	10	30	21	1209	2013-02-15 13:56:25.489	2	7	7	\N	\N	\N	0
29027	10	10	30	21	1208	2013-02-15 13:56:30.629	2	7	7	\N	\N	\N	0
29028	10	10	40	21	1205	2013-02-15 13:56:35.843	2	7	7	\N	\N	\N	0
29029	10	10	30	21	1100	2013-02-15 13:56:42.008	2	7	7	\N	\N	\N	0
29030	10	\N	\N	27	701	2013-02-15 13:56:55.729	2	2	7	\N	\N	\N	0
29031	10	\N	40	80	400	2013-02-15 13:56:55.737	2	10	7	\N	\N	\N	0
29032	10	10	40	39	500	2013-02-15 13:56:55.747	2	9	7	\N	\N	\N	0
29033	10	\N	\N	27	800	2013-02-15 13:57:01.351	2	2	7	\N	\N	\N	0
29034	10	\N	30	80	500	2013-02-15 13:57:01.355	2	10	7	\N	\N	\N	0
29035	10	10	30	39	600	2013-02-15 13:57:01.362	2	9	7	\N	\N	\N	0
29036	10	\N	\N	27	503	2013-02-15 13:57:06.543	2	2	7	\N	\N	\N	0
29037	10	\N	30	80	302	2013-02-15 13:57:06.546	2	10	7	\N	\N	\N	0
29038	10	10	30	39	303	2013-02-15 13:57:06.553	2	9	7	\N	\N	\N	0
29039	10	\N	\N	27	502	2013-02-15 13:57:11.566	2	2	7	\N	\N	\N	0
29040	10	\N	30	80	301	2013-02-15 13:57:11.569	2	10	7	\N	\N	\N	0
29041	10	10	30	39	302	2013-02-15 13:57:11.576	2	9	7	\N	\N	\N	0
29042	10	\N	\N	27	500	2013-02-15 13:57:17.45	2	2	7	\N	\N	\N	0
29043	10	\N	30	80	300	2013-02-15 13:57:17.453	2	10	7	\N	\N	\N	0
29044	10	10	30	39	300	2013-02-15 13:57:17.459	2	9	7	\N	\N	\N	0
29045	10	\N	30	21	1210	2013-02-15 13:58:56.152	2	7	25	\N	\N	\N	0
29046	10	10	30	21	1210	2013-02-15 13:59:48.138	2	7	7	\N	\N	\N	0
29047	10	\N	30	21	1211	2013-02-15 14:09:16.61	2	7	25	\N	\N	\N	0
29048	10	\N	30	39	700	2013-02-15 14:09:25.564	2	9	25	\N	\N	\N	0
29049	10	\N	30	21	1211	2013-02-15 14:09:25.597	2	7	13	1	\N	\N	0
29050	10	10	30	21	1211	2013-02-15 14:10:14.043	2	7	7	\N	\N	\N	0
29051	10	\N	40	21	1212	2013-02-15 14:47:45.796	2	7	25	\N	\N	\N	0
29052	10	\N	40	21	1212	2013-02-15 14:47:50.132	3	1	1	\N	\N	\N	0
29053	10	\N	40	39	701	2013-02-15 14:47:50.205	2	9	25	\N	\N	\N	0
29054	10	\N	40	21	1213	2013-02-15 14:49:37.055	2	7	25	\N	\N	\N	0
29055	10	\N	40	39	702	2013-02-15 14:49:50.806	2	9	25	\N	\N	\N	0
29056	10	\N	40	21	1213	2013-02-15 14:49:50.823	2	7	13	1	\N	\N	0
29057	10	\N	30	42	300	2013-02-15 14:50:45.432	2	10	7	\N	\N	\N	0
29058	10	\N	30	42	301	2013-02-15 14:50:50.86	2	10	7	\N	\N	\N	0
29059	10	\N	30	42	301	2013-02-15 14:50:54.765	2	10	7	\N	\N	\N	0
29060	10	\N	30	42	302	2013-02-15 14:51:02.535	2	10	7	\N	\N	\N	0
29061	10	\N	40	21	1213	2013-02-15 14:52:38.928	2	7	13	2	\N	\N	0
29062	10	\N	\N	27	902	2013-02-15 14:52:38.942	2	2	7	\N	\N	\N	0
29063	10	\N	40	80	602	2013-02-15 14:52:38.945	2	10	7	\N	\N	\N	0
29064	10	10	40	39	702	2013-02-15 14:52:38.954	2	9	7	\N	\N	\N	0
29065	10	\N	\N	27	901	2013-02-15 14:52:44.408	2	2	7	\N	\N	\N	0
29066	10	\N	40	80	601	2013-02-15 14:52:44.411	2	10	7	\N	\N	\N	0
29067	10	10	40	39	701	2013-02-15 14:52:44.418	2	9	7	\N	\N	\N	0
29068	10	\N	30	21	1211	2013-02-15 14:52:49.745	2	7	13	2	\N	\N	0
29069	10	\N	\N	27	900	2013-02-15 14:52:49.757	2	2	7	\N	\N	\N	0
29070	10	\N	30	80	600	2013-02-15 14:52:49.76	2	10	7	\N	\N	\N	0
29071	10	10	30	39	700	2013-02-15 14:52:49.766	2	9	7	\N	\N	\N	0
29072	10	\N	40	42	400	2013-02-15 14:52:59.381	2	10	7	\N	\N	\N	0
29073	10	\N	30	42	500	2013-02-15 14:53:08.004	2	10	7	\N	\N	\N	0
29074	10	\N	40	21	1212	2013-02-15 14:53:23.297	3	1	1	\N	\N	\N	0
29075	10	\N	40	39	703	2013-02-15 14:53:23.352	2	9	25	\N	\N	\N	0
29076	10	\N	40	42	600	2013-02-15 14:53:51.703	2	10	25	\N	\N	\N	0
29077	10	10	40	21	1213	2013-02-15 14:54:10.612	2	7	7	\N	\N	\N	0
29078	10	\N	40	21	1214	2013-02-15 14:54:44.891	2	7	25	\N	\N	\N	0
29079	10	\N	40	39	704	2013-02-15 14:57:54.417	2	9	25	\N	\N	\N	0
29080	10	\N	40	21	1214	2013-02-15 14:57:54.434	2	7	13	1	\N	\N	0
30000	10	10	40	21	1212	2013-02-19 11:07:03.502	2	7	9	\N	\N	\N	0
30001	10	\N	40	21	1300	2013-02-19 11:07:03.944	2	7	25	\N	\N	\N	0
30002	10	10	40	21	1300	2013-02-19 11:08:33.069	2	7	7	\N	\N	\N	0
30003	10	10	40	21	1212	2013-02-19 11:09:00.184	2	7	9	\N	\N	\N	0
30004	10	\N	40	21	1301	2013-02-19 11:09:00.231	2	7	25	\N	\N	\N	0
30005	10	10	40	21	1212	2013-02-19 11:11:41.474	2	7	9	\N	\N	\N	0
30006	10	\N	40	21	1302	2013-02-19 11:11:41.522	2	7	25	\N	\N	\N	0
30007	10	10	40	21	1212	2013-02-19 11:18:31.055	2	7	9	\N	\N	\N	0
30008	10	\N	40	21	1303	2013-02-19 11:18:31.116	2	7	25	\N	\N	\N	0
31000	10	10	40	21	1212	2013-02-19 12:03:18.736	2	7	9	\N	\N	\N	0
31001	10	\N	40	21	1400	2013-02-19 12:03:19.105	2	7	25	\N	\N	\N	0
32000	10	10	40	21	1212	2013-02-19 12:28:30.944	2	7	9	\N	\N	\N	0
32001	10	\N	40	21	1500	2013-02-19 12:28:31.046	2	7	25	\N	\N	\N	0
33000	10	10	40	21	1212	2013-02-19 12:49:58.939	2	7	9	\N	\N	\N	0
33001	10	\N	40	21	1600	2013-02-19 12:49:59.077	2	7	25	\N	\N	\N	0
34000	10	\N	40	21	1700	2013-02-19 12:54:22.4	2	7	25	\N	\N	\N	0
35000	10	10	40	21	1212	2013-02-19 13:07:42.27	2	7	9	\N	\N	\N	0
35001	10	\N	40	21	1800	2013-02-19 13:07:42.373	2	7	25	\N	\N	\N	0
36000	10	10	40	21	1212	2013-02-19 13:18:33.541	2	7	9	\N	\N	\N	0
36001	10	\N	40	21	1900	2013-02-19 13:18:33.689	2	7	25	\N	\N	\N	0
37000	10	10	40	21	1212	2013-02-19 13:24:37.57	2	7	9	\N	\N	\N	0
38000	10	10	40	21	1900	2013-02-19 13:26:26.859	2	7	7	\N	\N	\N	0
38001	10	10	40	21	1800	2013-02-19 13:26:31.176	2	7	7	\N	\N	\N	0
38002	10	10	40	21	1700	2013-02-19 13:26:35.596	2	7	7	\N	\N	\N	0
38003	10	10	40	21	1600	2013-02-19 13:26:39.696	2	7	7	\N	\N	\N	0
38004	10	10	40	21	1500	2013-02-19 13:26:44.084	2	7	7	\N	\N	\N	0
38005	10	10	40	21	1400	2013-02-19 13:26:51.354	2	7	7	\N	\N	\N	0
38006	10	10	40	21	1303	2013-02-19 13:26:55.76	2	7	7	\N	\N	\N	0
38007	10	10	40	21	1302	2013-02-19 13:26:59.967	2	7	7	\N	\N	\N	0
38008	10	10	40	21	1301	2013-02-19 13:27:03.969	2	7	7	\N	\N	\N	0
38009	10	10	40	21	1214	2013-02-19 13:27:09.332	2	7	7	\N	\N	\N	0
38010	10	10	40	21	1212	2013-02-19 13:27:24.896	2	7	9	\N	\N	\N	0
38011	10	10	40	21	1212	2013-02-19 13:28:54.895	2	7	9	\N	\N	\N	0
38012	10	10	40	21	1212	2013-02-19 13:30:15.194	2	7	9	\N	\N	\N	0
38013	10	10	40	21	1212	2013-02-19 13:30:41.821	2	7	9	\N	\N	\N	0
38014	10	\N	40	21	2100	2013-02-19 13:30:41.879	2	7	25	\N	\N	\N	0
38015	10	10	40	21	2100	2013-02-19 13:31:27.929	2	7	9	\N	\N	\N	0
39000	10	10	40	21	1212	2013-02-19 13:37:11.206	2	7	9	\N	\N	\N	0
40000	10	10	40	21	1212	2013-02-19 13:42:02.765	2	7	9	\N	\N	\N	0
41000	10	10	40	21	1212	2013-02-19 13:45:38.299	2	7	9	\N	\N	\N	0
41001	10	\N	40	21	2400	2013-02-19 13:45:38.403	2	7	25	\N	\N	\N	0
42000	10	10	40	21	1212	2013-02-19 13:55:02.813	2	7	9	\N	\N	\N	0
42001	10	\N	40	21	2500	2013-02-19 13:55:02.946	2	7	25	\N	\N	\N	0
42002	10	10	40	21	2500	2013-02-19 13:55:03.15	2	7	9	\N	\N	\N	0
43000	10	10	40	21	2500	2013-02-19 13:58:49.008	2	7	7	\N	\N	\N	0
43001	10	10	40	21	2500	2013-02-19 13:58:58.132	2	7	7	\N	\N	\N	0
43002	10	10	40	21	2500	2013-02-19 13:59:07.119	2	7	7	\N	\N	\N	0
44000	10	10	40	21	2400	2013-02-19 14:01:18.145	2	7	7	\N	\N	\N	0
44001	10	10	40	21	2100	2013-02-19 14:01:23.289	2	7	7	\N	\N	\N	0
44002	10	10	40	21	1212	2013-02-19 14:01:28.672	2	7	7	\N	\N	\N	0
44003	10	\N	40	21	2600	2013-02-19 14:02:14.128	2	7	25	\N	\N	\N	0
45000	10	\N	40	21	2600	2013-02-19 14:24:16.233	3	1	1	\N	\N	\N	0
45001	10	\N	40	39	800	2013-02-19 14:24:16.492	2	9	25	\N	\N	\N	0
45002	10	10	40	21	2600	2013-02-19 14:24:56.948	2	7	9	\N	\N	\N	0
45003	10	\N	40	21	2700	2013-02-19 14:24:57.003	2	7	25	\N	\N	\N	0
45004	10	10	40	21	2700	2013-02-19 14:25:38.799	2	7	9	\N	\N	\N	0
46000	10	10	40	21	2600	2013-02-19 14:39:32.734	2	7	9	\N	\N	\N	0
46001	10	\N	40	21	2800	2013-02-19 14:39:32.853	2	7	25	\N	\N	\N	0
46002	10	10	40	21	2800	2013-02-19 14:40:10.142	2	7	9	\N	\N	\N	0
47000	10	10	40	21	2600	2013-02-19 15:18:18.196	2	7	9	\N	\N	\N	0
47001	10	\N	40	21	2900	2013-02-19 15:18:18.939	2	7	25	\N	\N	\N	0
48000	10	\N	40	21	3000	2013-02-19 15:54:10.81	2	7	25	\N	\N	\N	0
48001	10	\N	40	39	900	2013-02-19 15:54:11.304	2	9	25	\N	\N	\N	0
48002	10	\N	\N	27	1100	2013-02-19 15:54:38.263	2	2	7	\N	\N	\N	0
48003	10	10	40	39	900	2013-02-19 15:54:38.277	2	9	7	\N	\N	\N	0
49000	10	10	\N	14	201	2013-02-25 13:10:59.772	2	3	9	\N	\N	\N	0
49001	10	10	\N	14	200	2013-02-25 13:11:20.156	2	3	9	\N	\N	\N	0
49002	10	\N	40	21	3100	2013-02-25 13:12:06.02	2	7	25	\N	\N	\N	0
49003	10	\N	40	21	3101	2013-02-25 13:12:49.714	2	7	25	\N	\N	\N	0
49004	10	\N	40	21	3101	2013-02-25 13:13:22.444	3	1	1	\N	\N	\N	0
49005	10	\N	40	39	1000	2013-02-25 13:13:22.633	2	9	25	\N	\N	\N	0
49006	10	\N	40	21	3100	2013-02-25 13:13:41.383	2	7	13	1	\N	\N	0
49007	10	\N	40	39	1000	2013-02-25 13:13:41.396	2	9	16	\N	\N	\N	0
49008	10	\N	\N	27	904	2013-02-25 13:13:49.683	2	2	7	\N	\N	\N	0
49009	10	10	40	39	704	2013-02-25 13:13:49.692	2	9	7	\N	\N	\N	0
49010	10	\N	\N	27	1000	2013-02-25 13:13:56.366	2	2	7	\N	\N	\N	0
49011	10	10	40	39	800	2013-02-25 13:13:56.374	2	9	7	\N	\N	\N	0
49012	10	\N	40	42	700	2013-02-25 13:14:37.841	2	10	25	\N	\N	\N	0
49013	10	\N	40	21	3102	2013-02-25 13:16:13.257	2	7	25	\N	\N	\N	0
49014	10	\N	40	39	1001	2013-02-25 13:16:18.228	2	9	25	\N	\N	\N	0
49015	10	\N	40	21	3102	2013-02-25 13:16:18.248	2	7	13	1	\N	\N	0
49016	10	10	40	21	3101	2013-02-25 13:16:44.692	2	7	9	\N	\N	\N	0
49017	10	\N	40	21	3103	2013-02-25 13:16:44.719	2	7	25	\N	\N	\N	0
49018	10	\N	40	21	3103	2013-02-25 13:17:07.227	2	7	13	1	\N	\N	0
49019	10	\N	40	39	1001	2013-02-25 13:17:07.229	2	9	16	\N	\N	\N	0
49020	10	\N	40	42	701	2013-02-25 13:18:42.592	2	10	25	\N	\N	\N	0
49021	10	\N	30	21	3104	2013-02-25 13:28:08.066	2	7	25	\N	\N	\N	0
49022	10	\N	30	21	3105	2013-02-25 13:28:36.822	2	7	25	\N	\N	\N	0
49024	10	10	30	21	3105	2013-02-25 13:29:30.986	2	7	9	\N	\N	\N	0
49025	10	10	30	21	3105	2013-02-25 13:30:11.389	2	7	9	\N	\N	\N	0
49027	10	10	30	21	3105	2013-02-25 13:30:56.574	2	7	7	\N	\N	\N	0
49028	10	\N	30	21	3106	2013-02-25 13:31:42.031	2	7	25	\N	\N	\N	0
49030	10	10	30	21	3106	2013-02-25 13:31:55.185	2	7	9	\N	\N	2014-01-01 00:00:00	0
49031	10	10	30	21	3106	2013-02-25 13:31:55.187	2	7	9	\N	\N	\N	0
49032	10	\N	30	21	3106	2013-02-25 13:31:57.243	3	1	1	\N	\N	\N	0
49033	10	\N	30	39	1002	2013-02-25 13:31:57.307	2	9	25	\N	\N	\N	0
49034	10	\N	\N	27	1202	2013-02-25 13:32:33.033	2	2	7	\N	\N	\N	0
49035	10	10	30	39	1002	2013-02-25 13:32:33.042	2	9	7	\N	\N	\N	0
49036	10	10	40	21	3101	2013-02-25 13:33:25.623	2	7	9	\N	\N	\N	0
49037	10	10	40	21	3101	2013-02-25 13:34:20.864	2	7	9	\N	\N	\N	0
49038	10	10	40	21	3101	2013-02-25 13:34:32.104	2	7	9	\N	\N	\N	0
49039	10	10	30	21	3106	2013-02-25 13:35:05.313	2	7	9	\N	\N	2013-02-01 00:00:00	0
49040	10	10	30	21	3106	2013-02-25 13:35:05.315	2	7	9	\N	\N	\N	0
49041	10	10	30	21	3106	2013-02-25 13:44:28.045	2	7	9	\N	\N	2013-04-01 00:00:00	0
49042	10	10	30	21	3106	2013-02-25 13:44:28.048	2	7	9	\N	\N	\N	0
49043	10	10	30	21	3106	2013-02-25 13:44:52.51	2	7	7	\N	\N	\N	0
49044	10	\N	30	21	3107	2013-02-25 13:45:29.479	2	7	25	\N	\N	\N	0
49045	10	10	30	21	3107	2013-02-25 13:45:48.457	2	7	7	\N	\N	\N	0
49046	10	\N	30	21	3108	2013-02-25 13:46:19.705	2	7	25	\N	\N	\N	0
49047	10	10	30	12	200	2013-02-25 13:53:10.197	2	2	34	0	\N	\N	0
49048	10	10	30	10	30	2013-02-25 13:53:10.202	2	2	9	\N	\N	\N	0
49049	10	\N	30	27	300	2013-02-25 13:53:10.241	2	2	9	\N	\N	\N	0
49050	10	\N	30	27	300	2013-02-25 13:53:10.293	2	2	9	\N	\N	\N	0
49051	10	10	40	12	300	2013-02-25 13:53:23.311	2	2	34	0	\N	\N	0
49052	10	10	40	10	40	2013-02-25 13:53:23.311	2	2	9	\N	\N	\N	0
49053	10	\N	40	27	700	2013-02-25 13:53:23.321	2	2	9	\N	\N	\N	0
49054	10	\N	40	27	700	2013-02-25 13:53:23.339	2	2	9	\N	\N	\N	0
49055	10	10	30	21	3108	2013-02-25 13:53:40.462	2	7	7	\N	\N	\N	0
49056	10	\N	30	21	3109	2013-02-25 13:53:59.798	2	7	25	\N	\N	\N	0
49057	10	\N	30	12	200	2013-02-25 13:54:31.895	2	2	33	\N	0E-10	\N	0
49058	10	\N	30	39	1003	2013-02-25 13:54:31.969	2	9	25	\N	\N	\N	0
49059	10	\N	\N	27	1203	2013-02-25 13:55:13.183	2	2	7	\N	\N	\N	0
49060	10	10	30	39	1003	2013-02-25 13:55:13.19	2	9	7	\N	\N	\N	0
49061	10	10	30	21	3109	2013-02-25 13:55:32.695	2	7	7	\N	\N	\N	0
49062	10	\N	30	21	3110	2013-02-25 13:56:50.691	2	7	25	\N	\N	\N	0
49064	10	\N	30	39	1004	2013-02-25 13:57:27.434	2	9	25	\N	\N	\N	0
49065	10	\N	30	21	3104	2013-02-25 13:57:27.452	2	7	13	1	\N	\N	0
49067	10	\N	30	21	3104	2013-02-25 13:58:53.271	2	7	13	2	\N	\N	0
49068	10	\N	\N	27	1204	2013-02-25 13:58:53.283	2	2	7	\N	\N	\N	0
49069	10	10	30	39	1004	2013-02-25 13:58:53.291	2	9	7	\N	\N	\N	0
49070	10	10	30	12	200	2013-02-25 14:00:31.212	2	2	34	0	\N	\N	0
49071	10	10	30	10	30	2013-02-25 14:00:31.213	2	2	9	\N	\N	\N	0
49072	10	\N	30	27	300	2013-02-25 14:00:31.224	2	2	9	\N	\N	\N	0
49073	10	\N	30	27	300	2013-02-25 14:00:31.272	2	2	9	\N	\N	\N	0
49074	10	10	40	12	300	2013-02-25 14:00:39.008	2	2	34	0	\N	\N	0
49075	10	10	40	10	40	2013-02-25 14:00:39.008	2	2	9	\N	\N	\N	0
49076	10	\N	40	27	700	2013-02-25 14:00:39.018	2	2	9	\N	\N	\N	0
49077	10	\N	40	27	700	2013-02-25 14:00:39.038	2	2	9	\N	\N	\N	0
49078	10	10	30	21	3110	2013-02-25 14:05:53.556	2	7	7	\N	\N	\N	0
49079	10	\N	30	21	3111	2013-02-25 14:06:33.167	2	7	25	\N	\N	\N	0
49080	10	10	30	21	3111	2013-02-25 14:07:29.489	2	7	7	\N	\N	\N	0
49081	10	\N	30	21	3112	2013-02-25 14:08:08.742	2	7	25	\N	\N	\N	0
49082	10	\N	30	21	3113	2013-02-25 14:15:26.952	2	7	25	\N	\N	\N	0
49083	10	\N	30	39	1005	2013-02-25 14:15:29.772	2	9	25	\N	\N	\N	0
49084	10	\N	\N	27	1205	2013-02-25 14:16:38.931	2	2	7	\N	\N	\N	0
49085	10	10	30	39	1005	2013-02-25 14:16:38.939	2	9	7	\N	\N	\N	0
49086	10	10	30	21	3112	2013-02-25 14:16:54.117	2	7	7	\N	\N	\N	0
49087	10	10	30	21	3113	2013-02-25 14:17:04.386	2	7	7	\N	\N	\N	0
49088	10	\N	30	21	3114	2013-02-25 14:17:35.308	2	7	25	\N	\N	\N	0
49090	10	10	30	21	3114	2013-02-25 14:19:39.991	2	7	7	\N	\N	\N	0
49091	10	\N	30	21	3115	2013-02-25 14:20:03.278	2	7	25	\N	\N	\N	0
49093	10	10	30	21	3115	2013-02-25 14:28:07.32	2	7	7	\N	\N	\N	0
49094	10	\N	30	21	3116	2013-02-25 14:28:35.958	2	7	25	\N	\N	\N	0
49095	10	\N	30	39	1006	2013-02-25 14:28:38.152	2	9	25	\N	\N	\N	0
49096	10	10	\N	34	100	2013-02-25 14:30:16.908	2	1	9	\N	\N	\N	0
49097	10	10	\N	34	100	2013-02-25 14:30:53.86	2	1	9	\N	\N	\N	0
49098	10	\N	\N	27	1206	2013-02-25 14:31:15.641	2	2	7	\N	\N	\N	0
49099	10	10	30	39	1006	2013-02-25 14:31:15.652	2	9	7	\N	\N	\N	0
49100	10	10	30	21	3116	2013-02-25 14:31:30.938	2	7	7	\N	\N	\N	0
49101	10	\N	30	39	1007	2013-02-25 14:31:42.273	2	9	25	\N	\N	\N	0
49102	10	\N	30	21	3104	2013-02-25 14:31:42.313	2	7	13	1	\N	\N	0
49103	10	\N	30	21	3104	2013-02-25 14:31:48.712	2	7	13	2	\N	\N	0
49104	10	\N	\N	27	1207	2013-02-25 14:31:48.725	2	2	7	\N	\N	\N	0
49105	10	10	30	39	1007	2013-02-25 14:31:48.736	2	9	7	\N	\N	\N	0
49106	10	\N	30	21	3117	2013-02-25 14:32:18.78	2	7	25	\N	\N	\N	0
49107	10	\N	30	39	1008	2013-02-25 14:32:24.329	2	9	25	\N	\N	\N	0
49108	10	\N	30	21	3104	2013-02-25 14:32:49.824	2	7	13	1	\N	\N	0
49109	10	\N	30	39	1008	2013-02-25 14:32:49.826	2	9	16	\N	\N	\N	0
49110	10	\N	30	42	702	2013-02-25 14:33:32.192	2	10	25	\N	\N	\N	0
49111	10	10	30	21	3117	2013-02-25 14:34:04.078	2	7	9	\N	\N	\N	0
49112	10	\N	30	21	3118	2013-02-25 14:34:04.106	2	7	25	\N	\N	\N	0
49113	10	10	30	21	3118	2013-02-25 14:35:53.852	2	7	7	\N	\N	\N	0
49114	10	10	30	21	3117	2013-02-25 14:36:24.42	2	7	9	\N	\N	\N	0
49115	10	\N	30	21	3119	2013-02-25 14:36:24.477	2	7	25	\N	\N	\N	0
49116	10	10	30	21	3119	2013-02-25 14:37:00.439	2	7	7	\N	\N	\N	0
49117	10	\N	30	21	3104	2013-02-25 14:38:21.32	2	7	13	2	\N	\N	0
49118	10	\N	\N	27	1208	2013-02-25 14:38:21.334	2	2	7	\N	\N	\N	0
49119	10	\N	30	80	702	2013-02-25 14:38:21.342	2	10	7	\N	\N	\N	0
49120	10	10	30	39	1008	2013-02-25 14:38:21.349	2	9	7	\N	\N	\N	0
49121	10	10	30	21	3117	2013-02-25 14:38:28.186	2	7	7	\N	\N	\N	0
49122	10	\N	30	21	3120	2013-02-25 14:39:24.987	2	7	25	\N	\N	\N	0
49123	10	\N	30	39	1009	2013-02-25 14:39:42.773	2	9	25	\N	\N	\N	0
49124	10	\N	30	80	703	2013-02-25 14:40:51.527	2	10	7	\N	\N	\N	0
49125	10	\N	30	42	702	2013-02-25 14:40:56.967	2	10	7	\N	\N	\N	0
49126	10	\N	30	42	703	2013-02-25 14:41:30.777	2	10	25	\N	\N	\N	0
49127	10	10	30	21	3120	2013-02-25 14:42:14.204	2	7	9	\N	\N	\N	0
49128	10	\N	30	21	3121	2013-02-25 14:42:14.245	2	7	25	\N	\N	\N	0
49129	10	10	30	21	3121	2013-02-25 14:44:48.372	2	7	7	\N	\N	\N	0
49130	10	10	30	21	3120	2013-02-25 14:44:59.185	2	7	7	\N	\N	\N	0
49131	10	\N	\N	27	1209	2013-02-25 14:45:04.527	2	2	7	\N	\N	\N	0
49132	10	\N	30	80	704	2013-02-25 14:45:04.531	2	10	7	\N	\N	\N	0
49133	10	10	30	39	1009	2013-02-25 14:45:04.538	2	9	7	\N	\N	\N	0
49134	10	\N	30	42	703	2013-02-25 14:45:10	2	10	7	\N	\N	\N	0
49135	10	\N	40	80	701	2013-02-25 14:45:14.03	2	10	7	\N	\N	\N	0
49136	10	\N	40	42	701	2013-02-25 14:45:16.737	2	10	7	\N	\N	\N	0
49137	10	\N	40	80	700	2013-02-25 14:45:18.875	2	10	7	\N	\N	\N	0
49138	10	\N	40	42	700	2013-02-25 14:45:21.288	2	10	7	\N	\N	\N	0
49139	10	\N	40	80	603	2013-02-25 14:45:23.708	2	10	7	\N	\N	\N	0
49140	10	\N	40	42	600	2013-02-25 14:45:25.945	2	10	7	\N	\N	\N	0
49141	10	\N	40	21	3103	2013-02-25 14:46:00.497	2	7	13	2	\N	\N	0
49142	10	\N	40	21	3102	2013-02-25 14:46:00.502	2	7	13	2	\N	\N	0
49143	10	\N	\N	27	1201	2013-02-25 14:46:00.515	2	2	7	\N	\N	\N	0
49144	10	10	40	39	1001	2013-02-25 14:46:00.523	2	9	7	\N	\N	\N	0
49145	10	\N	40	21	3100	2013-02-25 14:46:04.51	2	7	13	2	\N	\N	0
49146	10	\N	\N	27	1200	2013-02-25 14:46:04.531	2	2	7	\N	\N	\N	0
49147	10	10	40	39	1000	2013-02-25 14:46:04.543	2	9	7	\N	\N	\N	0
49148	10	\N	\N	27	903	2013-02-25 14:46:08.255	2	2	7	\N	\N	\N	0
49149	10	10	40	39	703	2013-02-25 14:46:08.263	2	9	7	\N	\N	\N	0
49150	10	\N	40	21	3122	2013-02-25 14:48:06.84	2	7	25	\N	\N	\N	0
49151	10	\N	40	21	3123	2013-02-25 14:48:56.455	2	7	25	\N	\N	\N	0
49152	10	\N	40	21	3122	2013-02-25 14:49:18.223	3	1	1	\N	\N	\N	0
49153	10	\N	40	39	1010	2013-02-25 14:49:18.287	2	9	25	\N	\N	\N	0
49154	10	10	\N	34	100	2013-02-25 14:49:50.684	2	1	9	\N	\N	\N	0
49155	10	10	\N	34	100	2013-02-25 14:51:24.908	2	1	9	1	\N	\N	0
49156	10	10	\N	34	100	2013-02-25 14:52:19.439	2	1	9	2	\N	\N	0
49157	10	10	\N	34	100	2013-02-25 14:52:24.503	2	1	9	3	\N	\N	0
49158	10	\N	40	21	3122	2013-02-25 14:53:22.781	3	1	1	\N	\N	\N	0
49159	10	\N	40	39	1011	2013-02-25 14:53:22.868	2	9	25	\N	\N	\N	0
49160	10	10	\N	34	100	2013-02-25 14:53:39.574	2	1	9	1	\N	\N	0
49161	10	10	\N	34	100	2013-02-25 14:54:28.675	2	1	9	\N	\N	\N	0
49162	10	10	\N	34	100	2013-02-25 14:54:39.742	2	1	9	3	\N	\N	0
49163	10	\N	30	21	3124	2013-02-25 14:55:15.552	2	7	25	\N	\N	\N	0
49164	10	\N	30	21	3125	2013-02-25 14:55:44.469	2	7	25	\N	\N	\N	0
49165	10	\N	30	39	1012	2013-02-25 14:55:49.239	2	9	25	\N	\N	\N	0
49166	10	\N	30	21	3124	2013-02-25 14:56:00.442	2	7	13	1	\N	\N	0
49167	10	\N	30	39	1012	2013-02-25 14:56:00.444	2	9	16	\N	\N	\N	0
49168	10	\N	30	42	704	2013-02-25 14:56:36.162	2	10	25	\N	\N	\N	0
49169	10	10	30	21	3125	2013-02-25 14:57:29.489	2	7	9	\N	\N	\N	0
49170	10	\N	30	21	3126	2013-02-25 14:57:29.505	2	7	25	\N	\N	\N	0
49171	10	10	30	21	3126	2013-02-25 15:18:12.389	2	7	7	\N	\N	\N	0
49172	10	10	30	21	3125	2013-02-25 15:19:03.47	2	7	9	\N	\N	\N	0
49173	10	\N	30	21	3127	2013-02-25 15:19:03.499	2	7	25	\N	\N	\N	0
49174	10	10	30	21	3127	2013-02-25 15:21:42.349	2	7	7	\N	\N	\N	0
49175	10	10	30	21	3125	2013-02-25 15:22:27.833	2	7	9	\N	\N	\N	0
49176	10	\N	30	21	3128	2013-02-25 15:22:27.859	2	7	25	\N	\N	\N	0
49177	10	10	30	21	3125	2013-02-25 15:25:11.95	2	7	9	\N	\N	\N	0
49178	10	\N	30	21	3129	2013-02-25 15:25:11.98	2	7	25	\N	\N	\N	0
49179	10	10	30	21	3125	2013-02-25 15:28:34.174	2	7	9	\N	\N	\N	0
49180	10	\N	30	21	3130	2013-02-25 15:28:34.218	2	7	25	\N	\N	\N	0
49181	10	10	30	21	3125	2013-02-25 15:29:28.276	2	7	9	\N	\N	\N	0
49182	10	\N	30	21	3131	2013-02-25 15:29:28.292	2	7	25	\N	\N	\N	0
49183	10	\N	30	21	3124	2013-02-25 15:31:29.258	2	7	13	2	\N	\N	0
49184	10	\N	\N	27	1212	2013-02-25 15:31:29.272	2	2	7	\N	\N	\N	0
49185	10	\N	30	80	705	2013-02-25 15:31:29.276	2	10	7	\N	\N	\N	0
49186	10	10	30	39	1012	2013-02-25 15:31:29.283	2	9	7	\N	\N	\N	0
49187	10	10	\N	34	100	2013-02-25 15:32:57.16	2	1	9	2	\N	\N	0
49188	10	\N	30	42	704	2013-02-25 15:33:07.61	2	10	7	\N	\N	\N	0
49189	10	\N	40	21	3132	2013-02-25 15:38:52.01	2	7	25	\N	\N	\N	0
49190	10	\N	40	21	3132	2013-02-25 15:40:49.503	3	1	1	\N	\N	\N	0
49191	10	\N	40	39	1013	2013-02-25 15:40:49.562	2	9	25	\N	\N	\N	0
49192	10	10	40	21	3132	2013-02-25 15:41:21.3	2	7	9	\N	\N	\N	0
49193	10	\N	40	21	3133	2013-02-25 15:41:21.341	2	7	25	\N	\N	\N	0
49194	10	10	40	21	3132	2013-02-25 15:42:11.141	2	7	9	\N	\N	\N	0
49195	10	\N	40	21	3134	2013-02-25 15:42:11.158	2	7	25	\N	\N	\N	0
49196	10	10	40	21	3132	2013-02-25 16:11:28.933	2	7	9	\N	\N	\N	0
49197	10	\N	40	21	3135	2013-02-25 16:11:28.995	2	7	25	\N	\N	\N	0
49198	10	10	40	21	3132	2013-02-25 16:43:55.64	2	7	9	\N	\N	\N	0
49199	10	10	40	21	3132	2013-02-25 16:44:20.455	2	7	9	\N	\N	\N	0
49200	10	\N	40	21	3136	2013-02-25 16:44:20.507	2	7	25	\N	\N	\N	0
49201	10	10	40	21	3132	2013-02-25 16:56:19.767	2	7	9	\N	\N	\N	0
49202	10	\N	40	21	3137	2013-02-25 16:56:19.823	2	7	25	\N	\N	\N	0
49203	10	10	40	21	3132	2013-02-25 17:11:06.923	2	7	9	\N	\N	\N	0
49204	10	10	40	21	3132	2013-02-25 17:17:56.275	2	7	9	\N	\N	\N	0
49205	10	\N	40	21	3138	2013-02-25 17:17:56.327	2	7	25	\N	\N	\N	0
49206	10	\N	\N	27	1213	2013-02-25 17:26:04.174	2	2	7	\N	\N	\N	0
49207	10	10	40	39	1013	2013-02-25 17:26:04.182	2	9	7	\N	\N	\N	0
49208	10	\N	30	21	3139	2013-02-25 17:27:12.665	2	7	25	\N	\N	\N	0
49209	10	\N	30	39	1014	2013-02-25 17:27:20.103	2	9	25	\N	\N	\N	0
49210	10	10	30	21	3139	2013-02-25 17:28:06.041	2	7	9	\N	\N	\N	0
49211	10	\N	30	21	3140	2013-02-25 17:28:06.057	2	7	25	\N	\N	\N	0
49213	10	10	30	21	3139	2013-02-25 17:32:18.652	2	7	9	\N	\N	\N	0
49214	10	\N	30	21	3141	2013-02-25 17:32:18.694	2	7	25	\N	\N	\N	0
50000	10	\N	30	42	800	2013-03-07 09:08:34.366	2	10	25	\N	\N	\N	0
50001	10	\N	30	80	800	2013-03-07 09:12:53.471	2	10	7	\N	\N	\N	0
50002	10	\N	30	42	800	2013-03-07 09:12:56.346	2	10	7	\N	\N	\N	0
50003	10	\N	\N	27	1214	2013-03-07 09:13:03.708	2	2	7	\N	\N	\N	0
50004	10	10	30	39	1014	2013-03-07 09:13:03.724	2	9	7	\N	\N	\N	0
50005	10	10	30	21	3141	2013-03-07 09:13:11.103	2	7	7	\N	\N	\N	0
50006	10	10	30	21	3140	2013-03-07 09:13:15.176	2	7	7	\N	\N	\N	0
50007	10	10	30	21	3139	2013-03-07 09:13:19.524	2	7	7	\N	\N	\N	0
51000	10	\N	50	10	50	2013-03-07 09:21:11.255	2	2	25	\N	\N	\N	0
51001	\N	\N	\N	27	1300	2013-03-07 09:21:11.359	2	2	25	\N	\N	\N	0
51002	10	\N	50	27	1300	2013-03-07 09:21:11.79	2	2	9	\N	\N	\N	0
51003	10	\N	50	21	3200	2013-03-07 09:22:08.567	2	7	25	\N	\N	\N	0
51004	10	10	\N	34	100	2013-03-07 09:23:19.773	2	1	9	1	\N	\N	0
52000	10	10	\N	34	100	2013-03-07 09:36:31.621	2	1	9	2	\N	\N	0
52001	10	\N	50	39	1100	2013-03-07 09:37:13.42	2	9	25	\N	\N	\N	0
52002	10	\N	\N	27	1400	2013-03-07 09:37:44.685	2	2	7	\N	\N	\N	0
52003	10	10	50	39	1100	2013-03-07 09:37:44.698	2	9	7	\N	\N	\N	0
52004	10	\N	50	39	1101	2013-03-07 09:39:24.386	2	9	25	\N	\N	\N	0
52005	10	\N	50	10	50	2013-03-07 09:39:25.256	2	10	24	\N	\N	\N	0
52006	10	\N	\N	27	1401	2013-03-07 09:40:03.497	2	2	7	\N	\N	\N	0
52007	10	10	50	39	1101	2013-03-07 09:40:03.505	2	9	7	\N	\N	\N	0
52008	10	10	\N	34	100	2013-03-07 09:49:22.036	2	1	9	\N	\N	\N	0
52009	10	10	\N	25	40	2013-03-07 09:57:09.617	2	11	25	\N	\N	\N	0
52010	10	10	\N	25	40	2013-03-07 10:15:57.959	2	11	7	\N	\N	\N	0
53000	10	10	\N	25	24	2013-03-07 10:32:55.648	2	11	7	\N	\N	\N	0
54000	10	10	\N	25	50	2013-03-07 10:38:06.215	2	11	25	\N	\N	\N	0
55000	10	10	\N	25	50	2013-03-07 11:03:36.947	2	11	7	\N	\N	\N	0
55001	10	10	\N	25	60	2013-03-07 11:11:40.025	2	11	25	\N	\N	\N	0
55002	10	10	\N	25	60	2013-03-07 11:12:28.86	2	11	9	\N	\N	\N	0
56000	10	\N	50	21	3300	2013-03-07 11:24:50.744	2	7	25	\N	\N	\N	0
56001	10	10	50	21	3300	2013-03-07 11:24:50.906	2	7	9	\N	\N	\N	0
56002	10	10	50	21	3300	2013-03-07 11:24:51.029	2	7	9	\N	\N	\N	0
56003	10	10	50	21	3300	2013-03-07 11:24:51.211	2	7	9	\N	\N	\N	0
56004	10	10	50	21	3300	2013-03-07 11:24:51.37	2	7	9	\N	\N	\N	0
56005	10	10	50	21	3300	2013-03-07 11:24:51.581	2	7	9	\N	\N	\N	0
56006	10	10	50	21	3300	2013-03-07 11:24:51.726	2	7	9	\N	\N	\N	0
56007	10	10	50	21	3300	2013-03-07 11:24:51.924	2	7	9	\N	\N	\N	0
56008	10	10	50	21	3300	2013-03-07 11:24:52.079	2	7	9	\N	\N	\N	0
56009	10	10	50	21	3300	2013-03-07 11:24:52.212	2	7	9	\N	\N	\N	0
56010	10	10	50	21	3300	2013-03-07 11:24:52.302	2	7	9	\N	\N	\N	0
56011	10	10	50	21	3300	2013-03-07 11:24:52.412	2	7	9	\N	\N	\N	0
56012	10	10	50	21	3300	2013-03-07 11:24:52.59	2	7	9	\N	\N	\N	0
56013	10	10	50	21	3300	2013-03-07 11:24:52.708	2	7	9	\N	\N	\N	0
56014	10	10	50	21	3300	2013-03-07 11:24:52.811	2	7	9	\N	\N	\N	0
56015	10	10	50	21	3300	2013-03-07 11:24:52.937	2	7	9	\N	\N	\N	0
56016	10	10	50	21	3300	2013-03-07 11:24:53.024	2	7	9	\N	\N	\N	0
56017	10	10	50	21	3300	2013-03-07 11:24:53.102	2	7	9	\N	\N	\N	0
56018	10	10	50	21	3300	2013-03-07 11:24:53.228	2	7	9	\N	\N	\N	0
56019	10	10	50	21	3300	2013-03-07 11:24:53.313	2	7	9	\N	\N	\N	0
56020	10	10	50	21	3300	2013-03-07 11:24:53.425	2	7	9	\N	\N	\N	0
56021	10	10	50	21	3300	2013-03-07 11:24:53.55	2	7	9	\N	\N	\N	0
56022	10	10	50	21	3300	2013-03-07 11:24:53.666	2	7	9	\N	\N	\N	0
56023	10	10	50	21	3300	2013-03-07 11:24:53.793	2	7	9	\N	\N	\N	0
56024	10	10	50	21	3300	2013-03-07 11:24:53.904	2	7	9	\N	\N	\N	0
56025	10	10	50	21	3300	2013-03-07 11:24:53.986	2	7	9	\N	\N	\N	0
56026	10	10	50	21	3300	2013-03-07 11:24:54.109	2	7	9	\N	\N	\N	0
56027	10	10	50	21	3300	2013-03-07 11:24:54.193	2	7	9	\N	\N	\N	0
56028	10	10	50	21	3300	2013-03-07 11:24:54.366	2	7	9	\N	\N	\N	0
56029	10	10	50	21	3300	2013-03-07 11:24:54.483	2	7	9	\N	\N	\N	0
56030	10	10	50	21	3300	2013-03-07 11:24:54.587	2	7	9	\N	\N	\N	0
56031	10	10	50	21	3300	2013-03-07 11:24:54.7	2	7	9	\N	\N	\N	0
56032	10	10	50	21	3300	2013-03-07 11:24:54.832	2	7	9	\N	\N	\N	0
56033	10	10	50	21	3300	2013-03-07 11:24:54.995	2	7	9	\N	\N	\N	0
56034	10	10	50	21	3300	2013-03-07 11:24:55.126	2	7	9	\N	\N	\N	0
56035	10	10	50	21	3300	2013-03-07 11:24:55.376	2	7	9	\N	\N	\N	0
56036	10	10	50	21	3300	2013-03-07 11:24:55.485	2	7	9	\N	\N	\N	0
56037	10	10	50	21	3300	2013-03-07 11:24:55.685	2	7	9	\N	\N	\N	0
56038	10	10	50	21	3300	2013-03-07 11:24:55.968	2	7	9	\N	\N	\N	0
56039	10	10	50	21	3300	2013-03-07 11:24:56.111	2	7	9	\N	\N	\N	0
56040	10	10	50	21	3300	2013-03-07 11:24:56.242	2	7	9	\N	\N	\N	0
56041	10	10	50	21	3300	2013-03-07 11:24:56.379	2	7	9	\N	\N	\N	0
56042	10	10	50	21	3300	2013-03-07 11:24:56.525	2	7	9	\N	\N	\N	0
56043	10	10	50	21	3300	2013-03-07 11:24:56.753	2	7	9	\N	\N	\N	0
56044	10	10	50	21	3300	2013-03-07 11:24:56.847	2	7	9	\N	\N	\N	0
56045	10	10	50	21	3300	2013-03-07 11:24:56.971	2	7	9	\N	\N	\N	0
56046	10	10	50	21	3300	2013-03-07 11:24:57.217	2	7	9	\N	\N	\N	0
56047	10	10	50	21	3300	2013-03-07 11:24:57.304	2	7	9	\N	\N	\N	0
56048	10	10	50	21	3300	2013-03-07 11:24:57.58	2	7	9	\N	\N	\N	0
56049	10	10	50	21	3300	2013-03-07 11:24:57.723	2	7	9	\N	\N	\N	0
56050	10	10	50	21	3300	2013-03-07 11:24:57.874	2	7	9	\N	\N	\N	0
56051	10	10	50	21	3300	2013-03-07 11:24:58.021	2	7	9	\N	\N	\N	0
56052	10	10	50	21	3300	2013-03-07 11:24:58.249	2	7	9	\N	\N	\N	0
56053	10	10	50	21	3300	2013-03-07 11:24:58.519	2	7	9	\N	\N	\N	0
56054	10	10	50	21	3300	2013-03-07 11:24:58.612	2	7	9	\N	\N	\N	0
56055	10	10	50	21	3300	2013-03-07 11:24:58.842	2	7	9	\N	\N	\N	0
56056	10	10	50	21	3300	2013-03-07 11:24:59.058	2	7	9	\N	\N	\N	0
56057	10	10	50	21	3300	2013-03-07 11:24:59.324	2	7	9	\N	\N	\N	0
56058	10	10	50	21	3300	2013-03-07 11:24:59.444	2	7	9	\N	\N	\N	0
56059	10	10	50	21	3300	2013-03-07 11:24:59.797	2	7	9	\N	\N	\N	0
56060	10	10	50	21	3300	2013-03-07 11:25:00.041	2	7	9	\N	\N	\N	0
56061	10	10	50	21	3300	2013-03-07 11:25:00.207	2	7	9	\N	\N	\N	0
56062	10	10	50	21	3300	2013-03-07 11:25:00.348	2	7	9	\N	\N	\N	0
56063	10	10	50	21	3300	2013-03-07 11:25:00.607	2	7	9	\N	\N	\N	0
56064	10	10	50	21	3300	2013-03-07 11:25:00.828	2	7	9	\N	\N	\N	0
56065	10	10	50	21	3300	2013-03-07 11:25:01.097	2	7	9	\N	\N	\N	0
56066	10	10	50	21	3300	2013-03-07 11:25:01.264	2	7	9	\N	\N	\N	0
56067	10	10	50	21	3300	2013-03-07 11:25:01.367	2	7	9	\N	\N	\N	0
56068	10	10	50	21	3300	2013-03-07 11:25:01.583	2	7	9	\N	\N	\N	0
56069	10	10	50	21	3300	2013-03-07 11:25:01.859	2	7	9	\N	\N	\N	0
56070	10	10	50	21	3300	2013-03-07 11:25:02.036	2	7	9	\N	\N	\N	0
56071	10	10	50	21	3300	2013-03-07 11:25:02.228	2	7	9	\N	\N	\N	0
56072	10	10	50	21	3300	2013-03-07 11:25:02.488	2	7	9	\N	\N	\N	0
56073	10	10	50	21	3300	2013-03-07 11:25:02.752	2	7	9	\N	\N	\N	0
56074	10	10	50	21	3300	2013-03-07 11:25:03.025	2	7	9	\N	\N	\N	0
56075	10	10	50	21	3300	2013-03-07 11:25:03.276	2	7	9	\N	\N	\N	0
56076	10	10	50	21	3300	2013-03-07 11:25:03.665	2	7	9	\N	\N	\N	0
56077	10	10	50	21	3300	2013-03-07 11:25:03.844	2	7	9	\N	\N	\N	0
56078	10	10	50	21	3300	2013-03-07 11:25:03.975	2	7	9	\N	\N	\N	0
56079	10	10	50	21	3300	2013-03-07 11:25:04.329	2	7	9	\N	\N	\N	0
56080	10	10	50	21	3300	2013-03-07 11:25:04.433	2	7	9	\N	\N	\N	0
56081	10	10	50	21	3300	2013-03-07 11:25:04.745	2	7	9	\N	\N	\N	0
56082	10	10	50	21	3300	2013-03-07 11:25:04.916	2	7	9	\N	\N	\N	0
56083	10	10	50	21	3300	2013-03-07 11:25:05.177	2	7	9	\N	\N	\N	0
56084	10	10	50	21	3300	2013-03-07 11:25:05.447	2	7	9	\N	\N	\N	0
56085	10	10	50	21	3300	2013-03-07 11:25:05.616	2	7	9	\N	\N	\N	0
56086	10	10	50	21	3300	2013-03-07 11:25:05.868	2	7	9	\N	\N	\N	0
56087	10	10	50	21	3300	2013-03-07 11:25:06.04	2	7	9	\N	\N	\N	0
56088	10	10	50	21	3300	2013-03-07 11:25:06.22	2	7	9	\N	\N	\N	0
56089	10	10	50	21	3300	2013-03-07 11:25:06.394	2	7	9	\N	\N	\N	0
56091	10	10	50	21	3300	2013-03-07 11:25:06.793	2	7	9	\N	\N	\N	0
56094	10	10	50	21	3300	2013-03-07 11:25:07.72	2	7	9	\N	\N	\N	0
56098	10	10	50	21	3300	2013-03-07 11:25:08.75	2	7	9	\N	\N	\N	0
56100	10	10	50	21	3300	2013-03-07 11:25:09.319	2	7	9	\N	\N	\N	0
56102	10	10	50	21	3300	2013-03-07 11:25:09.742	2	7	9	\N	\N	\N	0
56104	10	10	50	21	3300	2013-03-07 11:25:10.069	2	7	9	\N	\N	\N	0
56106	10	10	50	21	3300	2013-03-07 11:25:10.536	2	7	9	\N	\N	\N	0
56108	10	10	50	21	3300	2013-03-07 11:25:10.898	2	7	9	\N	\N	\N	0
56111	10	10	50	21	3300	2013-03-07 11:25:11.73	2	7	9	\N	\N	\N	0
56112	10	10	50	21	3300	2013-03-07 11:25:11.939	2	7	9	\N	\N	\N	0
56114	10	10	50	21	3300	2013-03-07 11:25:12.38	2	7	9	\N	\N	\N	0
56117	10	10	50	21	3300	2013-03-07 11:25:12.919	2	7	9	\N	\N	\N	0
56118	10	10	50	21	3300	2013-03-07 11:25:13.228	2	7	9	\N	\N	\N	0
56120	10	10	50	21	3300	2013-03-07 11:25:13.569	2	7	9	\N	\N	\N	0
56122	10	10	50	21	3300	2013-03-07 11:25:13.941	2	7	9	\N	\N	\N	0
56125	10	10	50	21	3300	2013-03-07 11:25:14.584	2	7	9	\N	\N	\N	0
56126	10	10	50	21	3300	2013-03-07 11:25:14.821	2	7	9	\N	\N	\N	0
56129	10	10	50	21	3300	2013-03-07 11:25:15.587	2	7	9	\N	\N	\N	0
56132	10	10	50	21	3300	2013-03-07 11:25:16.344	2	7	9	\N	\N	\N	0
56134	10	10	50	21	3300	2013-03-07 11:25:16.739	2	7	9	\N	\N	\N	0
56138	10	10	50	21	3300	2013-03-07 11:25:17.822	2	7	9	\N	\N	\N	0
56140	10	10	50	21	3300	2013-03-07 11:25:18.215	2	7	9	\N	\N	\N	0
56142	10	10	50	21	3300	2013-03-07 11:25:18.621	2	7	9	\N	\N	\N	0
56144	10	10	50	21	3300	2013-03-07 11:25:18.975	2	7	9	\N	\N	\N	0
56147	10	10	50	21	3300	2013-03-07 11:25:19.887	2	7	9	\N	\N	\N	0
56149	10	10	50	21	3300	2013-03-07 11:25:20.328	2	7	9	\N	\N	\N	0
56151	10	10	50	21	3300	2013-03-07 11:25:20.684	2	7	9	\N	\N	\N	0
56154	10	10	50	21	3300	2013-03-07 11:25:21.34	2	7	9	\N	\N	\N	0
56155	10	10	50	21	3300	2013-03-07 11:25:21.503	2	7	9	\N	\N	\N	0
56156	10	10	50	21	3300	2013-03-07 11:25:21.67	2	7	9	\N	\N	\N	0
56158	10	10	50	21	3300	2013-03-07 11:25:22.119	2	7	9	\N	\N	\N	0
56160	10	10	50	21	3300	2013-03-07 11:25:22.488	2	7	9	\N	\N	\N	0
56162	10	10	50	21	3300	2013-03-07 11:25:22.908	2	7	9	\N	\N	\N	0
56163	10	10	50	21	3300	2013-03-07 11:25:23.228	2	7	9	\N	\N	\N	0
56165	10	10	50	21	3300	2013-03-07 11:25:23.745	2	7	9	\N	\N	\N	0
56168	10	10	50	21	3300	2013-03-07 11:25:24.406	2	7	9	\N	\N	\N	0
56170	10	10	50	21	3300	2013-03-07 11:25:24.836	2	7	9	\N	\N	\N	0
56172	10	10	50	21	3300	2013-03-07 11:25:25.348	2	7	9	\N	\N	\N	0
56174	10	10	50	21	3300	2013-03-07 11:25:25.714	2	7	9	\N	\N	\N	0
56178	10	10	50	21	3300	2013-03-07 11:25:26.509	2	7	9	\N	\N	\N	0
56180	10	10	50	21	3300	2013-03-07 11:25:26.974	2	7	9	\N	\N	\N	0
56181	10	10	50	21	3300	2013-03-07 11:25:27.132	2	7	9	\N	\N	\N	0
56183	10	10	50	21	3300	2013-03-07 11:25:27.998	2	7	9	\N	\N	\N	0
56185	10	10	50	21	3300	2013-03-07 11:25:28.306	2	7	9	\N	\N	\N	0
56186	10	10	50	21	3300	2013-03-07 11:25:28.667	2	7	9	\N	\N	\N	0
56188	10	10	50	21	3300	2013-03-07 11:25:29.23	2	7	9	\N	\N	\N	0
56193	10	10	50	21	3300	2013-03-07 11:25:30.297	2	7	9	\N	\N	\N	0
56195	10	10	50	21	3300	2013-03-07 11:25:30.769	2	7	9	\N	\N	\N	0
56197	10	10	50	21	3300	2013-03-07 11:25:31.385	2	7	9	\N	\N	\N	0
56198	10	10	50	21	3300	2013-03-07 11:25:31.563	2	7	9	\N	\N	\N	0
56202	10	10	50	21	3300	2013-03-07 11:25:32.448	2	7	9	\N	\N	\N	0
56204	10	10	50	21	3300	2013-03-07 11:25:32.817	2	7	9	\N	\N	\N	0
56205	10	10	50	21	3300	2013-03-07 11:25:33.14	2	7	9	\N	\N	\N	0
56208	10	10	50	21	3300	2013-03-07 11:25:33.74	2	7	9	\N	\N	\N	0
56210	10	10	50	21	3300	2013-03-07 11:25:34.152	2	7	9	\N	\N	\N	0
56211	10	10	50	21	3300	2013-03-07 11:25:34.331	2	7	9	\N	\N	\N	0
56214	10	10	50	21	3300	2013-03-07 11:25:34.947	2	7	9	\N	\N	\N	0
56216	10	10	50	21	3300	2013-03-07 11:25:35.46	2	7	9	\N	\N	\N	0
56090	10	10	50	21	3300	2013-03-07 11:25:06.611	2	7	9	\N	\N	\N	0
56092	10	10	50	21	3300	2013-03-07 11:25:07.022	2	7	9	\N	\N	\N	0
56093	10	10	50	21	3300	2013-03-07 11:25:07.464	2	7	9	\N	\N	\N	0
56095	10	10	50	21	3300	2013-03-07 11:25:08.028	2	7	9	\N	\N	\N	0
56096	10	10	50	21	3300	2013-03-07 11:25:08.365	2	7	9	\N	\N	\N	0
56097	10	10	50	21	3300	2013-03-07 11:25:08.569	2	7	9	\N	\N	\N	0
56099	10	10	50	21	3300	2013-03-07 11:25:09.047	2	7	9	\N	\N	\N	0
56101	10	10	50	21	3300	2013-03-07 11:25:09.612	2	7	9	\N	\N	\N	0
56103	10	10	50	21	3300	2013-03-07 11:25:09.899	2	7	9	\N	\N	\N	0
56105	10	10	50	21	3300	2013-03-07 11:25:10.362	2	7	9	\N	\N	\N	0
56107	10	10	50	21	3300	2013-03-07 11:25:10.696	2	7	9	\N	\N	\N	0
56109	10	10	50	21	3300	2013-03-07 11:25:11.094	2	7	9	\N	\N	\N	0
56110	10	10	50	21	3300	2013-03-07 11:25:11.255	2	7	9	\N	\N	\N	0
56113	10	10	50	21	3300	2013-03-07 11:25:12.213	2	7	9	\N	\N	\N	0
56115	10	10	50	21	3300	2013-03-07 11:25:12.582	2	7	9	\N	\N	\N	0
56116	10	10	50	21	3300	2013-03-07 11:25:12.756	2	7	9	\N	\N	\N	0
56119	10	10	50	21	3300	2013-03-07 11:25:13.4	2	7	9	\N	\N	\N	0
56121	10	10	50	21	3300	2013-03-07 11:25:13.75	2	7	9	\N	\N	\N	0
56123	10	10	50	21	3300	2013-03-07 11:25:14.129	2	7	9	\N	\N	\N	0
56124	10	10	50	21	3300	2013-03-07 11:25:14.424	2	7	9	\N	\N	\N	0
56127	10	10	50	21	3300	2013-03-07 11:25:15.008	2	7	9	\N	\N	\N	0
56128	10	10	50	21	3300	2013-03-07 11:25:15.282	2	7	9	\N	\N	\N	0
56130	10	10	50	21	3300	2013-03-07 11:25:15.862	2	7	9	\N	\N	\N	0
56131	10	10	50	21	3300	2013-03-07 11:25:16.045	2	7	9	\N	\N	\N	0
56133	10	10	50	21	3300	2013-03-07 11:25:16.566	2	7	9	\N	\N	\N	0
56135	10	10	50	21	3300	2013-03-07 11:25:17.035	2	7	9	\N	\N	\N	0
56136	10	10	50	21	3300	2013-03-07 11:25:17.232	2	7	9	\N	\N	\N	0
56137	10	10	50	21	3300	2013-03-07 11:25:17.614	2	7	9	\N	\N	\N	0
56139	10	10	50	21	3300	2013-03-07 11:25:17.995	2	7	9	\N	\N	\N	0
56141	10	10	50	21	3300	2013-03-07 11:25:18.444	2	7	9	\N	\N	\N	0
56143	10	10	50	21	3300	2013-03-07 11:25:18.804	2	7	9	\N	\N	\N	0
56145	10	10	50	21	3300	2013-03-07 11:25:19.305	2	7	9	\N	\N	\N	0
56146	10	10	50	21	3300	2013-03-07 11:25:19.657	2	7	9	\N	\N	\N	0
56148	10	10	50	21	3300	2013-03-07 11:25:20.149	2	7	9	\N	\N	\N	0
56150	10	10	50	21	3300	2013-03-07 11:25:20.498	2	7	9	\N	\N	\N	0
56152	10	10	50	21	3300	2013-03-07 11:25:20.918	2	7	9	\N	\N	\N	0
56153	10	10	50	21	3300	2013-03-07 11:25:21.155	2	7	9	\N	\N	\N	0
56157	10	10	50	21	3300	2013-03-07 11:25:21.921	2	7	9	\N	\N	\N	0
56159	10	10	50	21	3300	2013-03-07 11:25:22.292	2	7	9	\N	\N	\N	0
56161	10	10	50	21	3300	2013-03-07 11:25:22.682	2	7	9	\N	\N	\N	0
56164	10	10	50	21	3300	2013-03-07 11:25:23.521	2	7	9	\N	\N	\N	0
56166	10	10	50	21	3300	2013-03-07 11:25:23.957	2	7	9	\N	\N	\N	0
56167	10	10	50	21	3300	2013-03-07 11:25:24.24	2	7	9	\N	\N	\N	0
56169	10	10	50	21	3300	2013-03-07 11:25:24.619	2	7	9	\N	\N	\N	0
56171	10	10	50	21	3300	2013-03-07 11:25:25.043	2	7	9	\N	\N	\N	0
56173	10	10	50	21	3300	2013-03-07 11:25:25.521	2	7	9	\N	\N	\N	0
56175	10	10	50	21	3300	2013-03-07 11:25:25.925	2	7	9	\N	\N	\N	0
56176	10	10	50	21	3300	2013-03-07 11:25:26.104	2	7	9	\N	\N	\N	0
56177	10	10	50	21	3300	2013-03-07 11:25:26.251	2	7	9	\N	\N	\N	0
56179	10	10	50	21	3300	2013-03-07 11:25:26.759	2	7	9	\N	\N	\N	0
56182	10	10	50	21	3300	2013-03-07 11:25:27.578	2	7	9	\N	\N	\N	0
56184	10	10	50	21	3300	2013-03-07 11:25:28.146	2	7	9	\N	\N	\N	0
56187	10	10	50	21	3300	2013-03-07 11:25:28.943	2	7	9	\N	\N	\N	0
56189	10	10	50	21	3300	2013-03-07 11:25:29.415	2	7	9	\N	\N	\N	0
56190	10	10	50	21	3300	2013-03-07 11:25:29.649	2	7	9	\N	\N	\N	0
56191	10	10	50	21	3300	2013-03-07 11:25:29.785	2	7	9	\N	\N	\N	0
56192	10	10	50	21	3300	2013-03-07 11:25:30.113	2	7	9	\N	\N	\N	0
56194	10	10	50	21	3300	2013-03-07 11:25:30.494	2	7	9	\N	\N	\N	0
56196	10	10	50	21	3300	2013-03-07 11:25:31.028	2	7	9	\N	\N	\N	0
56199	10	10	50	21	3300	2013-03-07 11:25:31.841	2	7	9	\N	\N	\N	0
56200	10	10	50	21	3300	2013-03-07 11:25:31.982	2	7	9	\N	\N	\N	0
56201	10	10	50	21	3300	2013-03-07 11:25:32.268	2	7	9	\N	\N	\N	0
56203	10	10	50	21	3300	2013-03-07 11:25:32.629	2	7	9	\N	\N	\N	0
56206	10	10	50	21	3300	2013-03-07 11:25:33.299	2	7	9	\N	\N	\N	0
56207	10	10	50	21	3300	2013-03-07 11:25:33.577	2	7	9	\N	\N	\N	0
56209	10	10	50	21	3300	2013-03-07 11:25:33.92	2	7	9	\N	\N	\N	0
56212	10	10	50	21	3300	2013-03-07 11:25:34.494	2	7	9	\N	\N	\N	0
56213	10	10	50	21	3300	2013-03-07 11:25:34.793	2	7	9	\N	\N	\N	0
56215	10	10	50	21	3300	2013-03-07 11:25:35.207	2	7	9	\N	\N	\N	0
56217	10	10	50	21	3300	2013-03-07 11:25:35.704	2	7	9	\N	\N	\N	0
56218	10	10	50	21	3300	2013-03-07 11:25:36.029	2	7	9	\N	\N	\N	0
56219	10	10	50	21	3300	2013-03-07 11:25:36.28	2	7	9	\N	\N	\N	0
56220	10	10	50	21	3300	2013-03-07 11:25:36.433	2	7	9	\N	\N	\N	0
56221	10	10	50	21	3300	2013-03-07 11:25:36.595	2	7	9	\N	\N	\N	0
56222	10	10	50	21	3300	2013-03-07 11:25:36.795	2	7	9	\N	\N	\N	0
56223	10	10	50	21	3300	2013-03-07 11:25:37.024	2	7	9	\N	\N	\N	0
56224	10	10	50	21	3300	2013-03-07 11:25:37.299	2	7	9	\N	\N	\N	0
56225	10	10	50	21	3300	2013-03-07 11:25:37.467	2	7	9	\N	\N	\N	0
56226	10	10	50	21	3300	2013-03-07 11:25:37.649	2	7	9	\N	\N	\N	0
56227	10	10	50	21	3300	2013-03-07 11:25:37.864	2	7	9	\N	\N	\N	0
56228	10	10	50	21	3300	2013-03-07 11:25:38.055	2	7	9	\N	\N	\N	0
56229	10	10	50	21	3300	2013-03-07 11:25:38.305	2	7	9	\N	\N	\N	0
56230	10	10	50	21	3300	2013-03-07 11:25:38.588	2	7	9	\N	\N	\N	0
56231	10	10	50	21	3300	2013-03-07 11:25:38.734	2	7	9	\N	\N	\N	0
56232	10	10	50	21	3300	2013-03-07 11:25:38.971	2	7	9	\N	\N	\N	0
56233	10	10	50	21	3300	2013-03-07 11:25:39.2	2	7	9	\N	\N	\N	0
56234	10	10	50	21	3300	2013-03-07 11:25:39.453	2	7	9	\N	\N	\N	0
56235	10	10	50	21	3300	2013-03-07 11:25:39.721	2	7	9	\N	\N	\N	0
56236	10	10	50	21	3300	2013-03-07 11:25:40.018	2	7	9	\N	\N	\N	0
56237	10	10	50	21	3300	2013-03-07 11:25:40.16	2	7	9	\N	\N	\N	0
56238	10	10	50	21	3300	2013-03-07 11:25:40.389	2	7	9	\N	\N	\N	0
56239	10	10	50	21	3300	2013-03-07 11:25:40.57	2	7	9	\N	\N	\N	0
56240	10	10	50	21	3300	2013-03-07 11:25:40.767	2	7	9	\N	\N	\N	0
56241	10	10	50	21	3300	2013-03-07 11:25:40.957	2	7	9	\N	\N	\N	0
56242	10	10	50	21	3300	2013-03-07 11:25:41.242	2	7	9	\N	\N	\N	0
56243	10	10	50	21	3300	2013-03-07 11:25:41.406	2	7	9	\N	\N	\N	0
56244	10	10	50	21	3300	2013-03-07 11:25:41.576	2	7	9	\N	\N	\N	0
56245	10	10	50	21	3300	2013-03-07 11:25:41.747	2	7	9	\N	\N	\N	0
56247	10	10	50	21	3300	2013-03-07 11:25:42.112	2	7	9	\N	\N	\N	0
56249	10	10	50	21	3300	2013-03-07 11:25:42.537	2	7	9	\N	\N	\N	0
56251	10	10	50	21	3300	2013-03-07 11:25:42.955	2	7	9	\N	\N	\N	0
56252	10	10	50	21	3300	2013-03-07 11:25:43.172	2	7	9	\N	\N	\N	0
56254	10	10	50	21	3300	2013-03-07 11:25:43.651	2	7	9	\N	\N	\N	0
56257	10	10	50	21	3300	2013-03-07 11:25:44.311	2	7	9	\N	\N	\N	0
56259	10	10	50	21	3300	2013-03-07 11:25:44.697	2	7	9	\N	\N	\N	0
56260	10	10	50	21	3300	2013-03-07 11:25:44.911	2	7	9	\N	\N	\N	0
56263	10	10	50	21	3300	2013-03-07 11:25:45.533	2	7	9	\N	\N	\N	0
56265	10	10	50	21	3300	2013-03-07 11:25:45.869	2	7	9	\N	\N	\N	0
56246	10	10	50	21	3300	2013-03-07 11:25:41.945	2	7	9	\N	\N	\N	0
56248	10	10	50	21	3300	2013-03-07 11:25:42.37	2	7	9	\N	\N	\N	0
56250	10	10	50	21	3300	2013-03-07 11:25:42.722	2	7	9	\N	\N	\N	0
56253	10	10	50	21	3300	2013-03-07 11:25:43.365	2	7	9	\N	\N	\N	0
56255	10	10	50	21	3300	2013-03-07 11:25:43.827	2	7	9	\N	\N	\N	0
56256	10	10	50	21	3300	2013-03-07 11:25:44.143	2	7	9	\N	\N	\N	0
56258	10	10	50	21	3300	2013-03-07 11:25:44.502	2	7	9	\N	\N	\N	0
56261	10	10	50	21	3300	2013-03-07 11:25:45.118	2	7	9	\N	\N	\N	0
56262	10	10	50	21	3300	2013-03-07 11:25:45.37	2	7	9	\N	\N	\N	0
56264	10	10	50	21	3300	2013-03-07 11:25:45.709	2	7	9	\N	\N	\N	0
57000	10	\N	50	21	3400	2013-03-07 11:32:15.911	2	7	25	\N	\N	\N	0
57001	10	10	50	21	3400	2013-03-07 11:32:16.111	2	7	9	\N	\N	\N	0
57002	10	10	50	21	3400	2013-03-07 11:32:16.328	2	7	9	\N	\N	\N	0
57003	10	10	50	21	3400	2013-03-07 11:32:16.478	2	7	9	\N	\N	\N	0
57004	10	10	50	21	3400	2013-03-07 11:32:16.683	2	7	9	\N	\N	\N	0
57005	10	10	50	21	3400	2013-03-07 11:32:16.882	2	7	9	\N	\N	\N	0
57006	10	10	50	21	3400	2013-03-07 11:32:17.042	2	7	9	\N	\N	\N	0
57007	10	10	50	21	3400	2013-03-07 11:32:17.198	2	7	9	\N	\N	\N	0
57008	10	10	50	21	3400	2013-03-07 11:32:17.348	2	7	9	\N	\N	\N	0
57009	10	10	50	21	3400	2013-03-07 11:32:17.62	2	7	9	\N	\N	\N	0
57010	10	10	50	21	3400	2013-03-07 11:32:17.752	2	7	9	\N	\N	\N	0
57011	10	10	50	21	3400	2013-03-07 11:32:17.885	2	7	9	\N	\N	\N	0
57012	10	10	50	21	3400	2013-03-07 11:32:18.019	2	7	9	\N	\N	\N	0
57013	10	10	50	21	3400	2013-03-07 11:32:18.155	2	7	9	\N	\N	\N	0
57014	10	10	50	21	3400	2013-03-07 11:32:18.322	2	7	9	\N	\N	\N	0
57015	10	10	50	21	3400	2013-03-07 11:32:18.457	2	7	9	\N	\N	\N	0
57016	10	10	50	21	3400	2013-03-07 11:32:18.616	2	7	9	\N	\N	\N	0
57017	10	10	50	21	3400	2013-03-07 11:32:18.86	2	7	9	\N	\N	\N	0
57018	10	10	50	21	3400	2013-03-07 11:32:18.987	2	7	9	\N	\N	\N	0
57019	10	10	50	21	3400	2013-03-07 11:32:19.107	2	7	9	\N	\N	\N	0
57020	10	10	50	21	3400	2013-03-07 11:32:19.243	2	7	9	\N	\N	\N	0
57021	10	10	50	21	3400	2013-03-07 11:32:19.362	2	7	9	\N	\N	\N	0
57022	10	10	50	21	3400	2013-03-07 11:32:19.552	2	7	9	\N	\N	\N	0
57023	10	10	50	21	3400	2013-03-07 11:32:19.741	2	7	9	\N	\N	\N	0
57024	10	10	50	21	3400	2013-03-07 11:32:21.061	2	7	9	\N	\N	\N	0
57025	10	10	50	21	3400	2013-03-07 11:32:21.198	2	7	9	\N	\N	\N	0
57026	10	10	50	21	3400	2013-03-07 11:32:21.353	2	7	9	\N	\N	\N	0
57027	10	10	50	21	3400	2013-03-07 11:32:21.497	2	7	9	\N	\N	\N	0
57028	10	10	50	21	3400	2013-03-07 11:32:21.677	2	7	9	\N	\N	\N	0
57029	10	10	50	21	3400	2013-03-07 11:32:21.859	2	7	9	\N	\N	\N	0
57030	10	10	50	21	3400	2013-03-07 11:32:22.065	2	7	9	\N	\N	\N	0
57031	10	10	50	21	3400	2013-03-07 11:32:22.336	2	7	9	\N	\N	\N	0
57032	10	10	50	21	3400	2013-03-07 11:32:22.458	2	7	9	\N	\N	\N	0
57033	10	10	50	21	3400	2013-03-07 11:32:22.582	2	7	9	\N	\N	\N	0
57034	10	10	50	21	3400	2013-03-07 11:32:22.702	2	7	9	\N	\N	\N	0
57035	10	10	50	21	3400	2013-03-07 11:32:22.83	2	7	9	\N	\N	\N	0
57036	10	10	50	21	3400	2013-03-07 11:32:22.966	2	7	9	\N	\N	\N	0
57037	10	10	50	21	3400	2013-03-07 11:32:23.089	2	7	9	\N	\N	\N	0
57038	10	10	50	21	3400	2013-03-07 11:32:23.234	2	7	9	\N	\N	\N	0
57039	10	10	50	21	3400	2013-03-07 11:32:23.358	2	7	9	\N	\N	\N	0
57040	10	10	50	21	3400	2013-03-07 11:32:23.482	2	7	9	\N	\N	\N	0
57041	10	10	50	21	3400	2013-03-07 11:32:23.609	2	7	9	\N	\N	\N	0
57042	10	10	50	21	3400	2013-03-07 11:32:23.744	2	7	9	\N	\N	\N	0
57043	10	10	50	21	3400	2013-03-07 11:32:24.397	2	7	9	\N	\N	\N	0
57044	10	10	50	21	3400	2013-03-07 11:32:24.818	2	7	9	\N	\N	\N	0
57045	10	10	50	21	3400	2013-03-07 11:32:25.025	2	7	9	\N	\N	\N	0
57046	10	10	50	21	3400	2013-03-07 11:32:25.651	2	7	9	\N	\N	\N	0
57047	10	10	50	21	3400	2013-03-07 11:32:25.787	2	7	9	\N	\N	\N	0
57048	10	10	50	21	3400	2013-03-07 11:32:25.923	2	7	9	\N	\N	\N	0
57049	10	10	50	21	3400	2013-03-07 11:32:26.058	2	7	9	\N	\N	\N	0
57050	10	10	50	21	3400	2013-03-07 11:32:26.199	2	7	9	\N	\N	\N	0
57051	10	10	50	21	3400	2013-03-07 11:32:26.333	2	7	9	\N	\N	\N	0
57052	10	10	50	21	3400	2013-03-07 11:32:26.472	2	7	9	\N	\N	\N	0
57053	10	10	50	21	3400	2013-03-07 11:32:26.613	2	7	9	\N	\N	\N	0
57054	10	10	50	21	3400	2013-03-07 11:32:26.783	2	7	9	\N	\N	\N	0
57055	10	10	50	21	3400	2013-03-07 11:32:26.918	2	7	9	\N	\N	\N	0
57056	10	10	50	21	3400	2013-03-07 11:32:27.063	2	7	9	\N	\N	\N	0
57057	10	10	50	21	3400	2013-03-07 11:32:27.199	2	7	9	\N	\N	\N	0
57058	10	10	50	21	3400	2013-03-07 11:32:27.352	2	7	9	\N	\N	\N	0
57059	10	10	50	21	3400	2013-03-07 11:32:27.542	2	7	9	\N	\N	\N	0
57060	10	10	50	21	3400	2013-03-07 11:32:27.769	2	7	9	\N	\N	\N	0
57061	10	10	50	21	3400	2013-03-07 11:32:27.904	2	7	9	\N	\N	\N	0
57062	10	10	50	21	3400	2013-03-07 11:32:28.045	2	7	9	\N	\N	\N	0
57063	10	10	50	21	3400	2013-03-07 11:32:28.201	2	7	9	\N	\N	\N	0
57064	10	10	50	21	3400	2013-03-07 11:32:28.333	2	7	9	\N	\N	\N	0
57065	10	10	50	21	3400	2013-03-07 11:32:28.474	2	7	9	\N	\N	\N	0
57066	10	10	50	21	3400	2013-03-07 11:32:28.639	2	7	9	\N	\N	\N	0
57067	10	10	50	21	3400	2013-03-07 11:32:28.801	2	7	9	\N	\N	\N	0
57068	10	10	50	21	3400	2013-03-07 11:32:29.069	2	7	9	\N	\N	\N	0
57069	10	10	50	21	3400	2013-03-07 11:32:29.221	2	7	9	\N	\N	\N	0
57070	10	10	50	21	3400	2013-03-07 11:32:29.394	2	7	9	\N	\N	\N	0
57071	10	10	50	21	3400	2013-03-07 11:32:29.543	2	7	9	\N	\N	\N	0
57072	10	10	50	21	3400	2013-03-07 11:32:29.711	2	7	9	\N	\N	\N	0
57073	10	10	50	21	3400	2013-03-07 11:32:29.849	2	7	9	\N	\N	\N	0
57074	10	10	50	21	3400	2013-03-07 11:32:29.992	2	7	9	\N	\N	\N	0
57075	10	10	50	21	3400	2013-03-07 11:32:30.134	2	7	9	\N	\N	\N	0
57076	10	10	50	21	3400	2013-03-07 11:32:30.275	2	7	9	\N	\N	\N	0
57077	10	10	50	21	3400	2013-03-07 11:32:30.415	2	7	9	\N	\N	\N	0
57078	10	10	50	21	3400	2013-03-07 11:32:30.565	2	7	9	\N	\N	\N	0
57079	10	10	50	21	3400	2013-03-07 11:32:30.715	2	7	9	\N	\N	\N	0
57080	10	10	50	21	3400	2013-03-07 11:32:30.862	2	7	9	\N	\N	\N	0
57081	10	10	50	21	3400	2013-03-07 11:32:31.009	2	7	9	\N	\N	\N	0
57082	10	10	50	21	3400	2013-03-07 11:32:31.162	2	7	9	\N	\N	\N	0
57083	10	10	50	21	3400	2013-03-07 11:32:31.316	2	7	9	\N	\N	\N	0
57084	10	10	50	21	3400	2013-03-07 11:32:31.46	2	7	9	\N	\N	\N	0
57085	10	10	50	21	3400	2013-03-07 11:32:31.604	2	7	9	\N	\N	\N	0
57086	10	10	50	21	3400	2013-03-07 11:32:31.749	2	7	9	\N	\N	\N	0
57087	10	10	50	21	3400	2013-03-07 11:32:31.98	2	7	9	\N	\N	\N	0
57091	10	10	50	21	3400	2013-03-07 11:32:32.611	2	7	9	\N	\N	\N	0
57092	10	10	50	21	3400	2013-03-07 11:32:32.778	2	7	9	\N	\N	\N	0
57094	10	10	50	21	3400	2013-03-07 11:32:33.19	2	7	9	\N	\N	\N	0
57095	10	10	50	21	3400	2013-03-07 11:32:33.338	2	7	9	\N	\N	\N	0
57096	10	10	50	21	3400	2013-03-07 11:32:33.504	2	7	9	\N	\N	\N	0
57105	10	10	50	21	3400	2013-03-07 11:32:34.917	2	7	9	\N	\N	\N	0
57106	10	10	50	21	3400	2013-03-07 11:32:35.072	2	7	9	\N	\N	\N	0
57108	10	10	50	21	3400	2013-03-07 11:32:35.41	2	7	9	\N	\N	\N	0
57109	10	10	50	21	3400	2013-03-07 11:32:35.564	2	7	9	\N	\N	\N	0
57088	10	10	50	21	3400	2013-03-07 11:32:32.144	2	7	9	\N	\N	\N	0
57089	10	10	50	21	3400	2013-03-07 11:32:32.295	2	7	9	\N	\N	\N	0
57090	10	10	50	21	3400	2013-03-07 11:32:32.453	2	7	9	\N	\N	\N	0
57093	10	10	50	21	3400	2013-03-07 11:32:33.026	2	7	9	\N	\N	\N	0
57097	10	10	50	21	3400	2013-03-07 11:32:33.663	2	7	9	\N	\N	\N	0
57098	10	10	50	21	3400	2013-03-07 11:32:33.814	2	7	9	\N	\N	\N	0
57099	10	10	50	21	3400	2013-03-07 11:32:33.98	2	7	9	\N	\N	\N	0
57100	10	10	50	21	3400	2013-03-07 11:32:34.131	2	7	9	\N	\N	\N	0
57101	10	10	50	21	3400	2013-03-07 11:32:34.293	2	7	9	\N	\N	\N	0
57102	10	10	50	21	3400	2013-03-07 11:32:34.45	2	7	9	\N	\N	\N	0
57103	10	10	50	21	3400	2013-03-07 11:32:34.614	2	7	9	\N	\N	\N	0
57104	10	10	50	21	3400	2013-03-07 11:32:34.766	2	7	9	\N	\N	\N	0
57107	10	10	50	21	3400	2013-03-07 11:32:35.228	2	7	9	\N	\N	\N	0
57110	10	10	50	21	3400	2013-03-07 11:32:35.72	2	7	9	\N	\N	\N	0
57111	10	10	50	21	3400	2013-03-07 11:32:35.925	2	7	9	\N	\N	\N	0
57112	10	10	50	21	3400	2013-03-07 11:32:36.083	2	7	9	\N	\N	\N	0
57113	10	10	50	21	3400	2013-03-07 11:32:36.268	2	7	9	\N	\N	\N	0
57114	10	10	50	21	3400	2013-03-07 11:32:36.452	2	7	9	\N	\N	\N	0
57115	10	10	50	21	3400	2013-03-07 11:32:36.621	2	7	9	\N	\N	\N	0
57116	10	10	50	21	3400	2013-03-07 11:32:36.814	2	7	9	\N	\N	\N	0
57117	10	10	50	21	3400	2013-03-07 11:32:36.984	2	7	9	\N	\N	\N	0
57118	10	10	50	21	3400	2013-03-07 11:32:37.194	2	7	9	\N	\N	\N	0
57119	10	10	50	21	3400	2013-03-07 11:32:37.352	2	7	9	\N	\N	\N	0
57120	10	10	50	21	3400	2013-03-07 11:32:37.507	2	7	9	\N	\N	\N	0
57121	10	10	50	21	3400	2013-03-07 11:32:37.666	2	7	9	\N	\N	\N	0
57122	10	10	50	21	3400	2013-03-07 11:32:37.83	2	7	9	\N	\N	\N	0
57123	10	10	50	21	3400	2013-03-07 11:32:37.998	2	7	9	\N	\N	\N	0
57124	10	10	50	21	3400	2013-03-07 11:32:38.176	2	7	9	\N	\N	\N	0
57125	10	10	50	21	3400	2013-03-07 11:32:38.336	2	7	9	\N	\N	\N	0
57126	10	10	50	21	3400	2013-03-07 11:32:38.492	2	7	9	\N	\N	\N	0
57127	10	10	50	21	3400	2013-03-07 11:32:38.656	2	7	9	\N	\N	\N	0
57128	10	10	50	21	3400	2013-03-07 11:32:38.838	2	7	9	\N	\N	\N	0
57129	10	10	50	21	3400	2013-03-07 11:32:38.994	2	7	9	\N	\N	\N	0
57130	10	10	50	21	3400	2013-03-07 11:32:39.195	2	7	9	\N	\N	\N	0
57131	10	10	50	21	3400	2013-03-07 11:32:39.358	2	7	9	\N	\N	\N	0
57132	10	10	50	21	3400	2013-03-07 11:32:39.519	2	7	9	\N	\N	\N	0
57133	10	10	50	21	3400	2013-03-07 11:32:39.706	2	7	9	\N	\N	\N	0
57134	10	10	50	21	3400	2013-03-07 11:32:39.874	2	7	9	\N	\N	\N	0
57135	10	10	50	21	3400	2013-03-07 11:32:40.053	2	7	9	\N	\N	\N	0
57136	10	10	50	21	3400	2013-03-07 11:32:40.263	2	7	9	\N	\N	\N	0
57137	10	10	50	21	3400	2013-03-07 11:32:40.448	2	7	9	\N	\N	\N	0
57138	10	10	50	21	3400	2013-03-07 11:32:40.647	2	7	9	\N	\N	\N	0
57139	10	10	50	21	3400	2013-03-07 11:32:40.826	2	7	9	\N	\N	\N	0
57140	10	10	50	21	3400	2013-03-07 11:32:41.043	2	7	9	\N	\N	\N	0
57141	10	10	50	21	3400	2013-03-07 11:32:41.213	2	7	9	\N	\N	\N	0
57142	10	10	50	21	3400	2013-03-07 11:32:41.389	2	7	9	\N	\N	\N	0
58000	10	10	\N	25	60	2013-03-07 11:39:49.804	2	11	7	\N	\N	\N	0
58001	10	10	50	21	3400	2013-03-07 11:41:30.605	2	7	7	\N	\N	\N	0
58002	10	10	50	21	3300	2013-03-07 11:41:42.806	2	7	7	\N	\N	\N	0
58003	10	\N	50	21	3500	2013-03-07 11:43:45.214	2	7	25	\N	\N	\N	0
58004	10	10	50	21	3500	2013-03-07 11:43:45.341	2	7	9	\N	\N	\N	0
58005	10	10	50	21	3500	2013-03-07 11:43:45.455	2	7	9	\N	\N	\N	0
58006	10	10	50	21	3500	2013-03-07 11:43:45.573	2	7	9	\N	\N	\N	0
58007	10	10	50	21	3500	2013-03-07 11:43:45.674	2	7	9	\N	\N	\N	0
58008	10	10	50	21	3500	2013-03-07 11:43:45.758	2	7	9	\N	\N	\N	0
58009	10	10	50	21	3500	2013-03-07 11:43:45.867	2	7	9	\N	\N	\N	0
58010	10	10	50	21	3500	2013-03-07 11:43:45.996	2	7	9	\N	\N	\N	0
58011	10	10	50	21	3500	2013-03-07 11:43:46.071	2	7	9	\N	\N	\N	0
58012	10	10	50	21	3500	2013-03-07 11:43:46.148	2	7	9	\N	\N	\N	0
58013	10	10	50	21	3500	2013-03-07 11:43:46.256	2	7	9	\N	\N	\N	0
58014	10	10	50	21	3500	2013-03-07 11:43:46.326	2	7	9	\N	\N	\N	0
58015	10	10	50	21	3500	2013-03-07 11:43:46.396	2	7	9	\N	\N	\N	0
58016	10	10	50	21	3500	2013-03-07 11:43:46.472	2	7	9	\N	\N	\N	0
58017	10	10	50	21	3500	2013-03-07 11:43:46.54	2	7	9	\N	\N	\N	0
58018	10	10	50	21	3500	2013-03-07 11:43:46.605	2	7	9	\N	\N	\N	0
58019	10	10	50	21	3500	2013-03-07 11:43:46.692	2	7	9	\N	\N	\N	0
58020	10	10	50	21	3500	2013-03-07 11:43:46.778	2	7	9	\N	\N	\N	0
58021	10	10	50	21	3500	2013-03-07 11:43:46.864	2	7	9	\N	\N	\N	0
58022	10	10	50	21	3500	2013-03-07 11:43:46.946	2	7	9	\N	\N	\N	0
58023	10	10	50	21	3500	2013-03-07 11:43:47.037	2	7	9	\N	\N	\N	0
58024	10	10	50	21	3500	2013-03-07 11:43:47.117	2	7	9	\N	\N	\N	0
58025	10	10	50	21	3500	2013-03-07 11:43:47.262	2	7	9	\N	\N	\N	0
58026	10	10	50	21	3500	2013-03-07 11:43:47.344	2	7	9	\N	\N	\N	0
58027	10	10	50	21	3500	2013-03-07 11:43:47.426	2	7	9	\N	\N	\N	0
58028	10	10	50	21	3500	2013-03-07 11:43:47.515	2	7	9	\N	\N	\N	0
58029	10	10	50	21	3500	2013-03-07 11:43:47.598	2	7	9	\N	\N	\N	0
58030	10	10	50	21	3500	2013-03-07 11:43:47.678	2	7	9	\N	\N	\N	0
58031	10	10	50	21	3500	2013-03-07 11:43:47.761	2	7	9	\N	\N	\N	0
58032	10	10	50	21	3500	2013-03-07 11:43:47.838	2	7	9	\N	\N	\N	0
58033	10	10	50	21	3500	2013-03-07 11:43:47.918	2	7	9	\N	\N	\N	0
58034	10	10	50	21	3500	2013-03-07 11:43:47.993	2	7	9	\N	\N	\N	0
58035	10	10	50	21	3500	2013-03-07 11:43:48.07	2	7	9	\N	\N	\N	0
58036	10	10	50	21	3500	2013-03-07 11:43:48.15	2	7	9	\N	\N	\N	0
58037	10	10	50	21	3500	2013-03-07 11:43:48.227	2	7	9	\N	\N	\N	0
58038	10	10	50	21	3500	2013-03-07 11:43:48.357	2	7	9	\N	\N	\N	0
58039	10	10	50	21	3500	2013-03-07 11:43:48.434	2	7	9	\N	\N	\N	0
58040	10	10	50	21	3500	2013-03-07 11:43:48.508	2	7	9	\N	\N	\N	0
58041	10	10	50	21	3500	2013-03-07 11:43:48.584	2	7	9	\N	\N	\N	0
58042	10	10	50	21	3500	2013-03-07 11:43:48.66	2	7	9	\N	\N	\N	0
58043	10	10	50	21	3500	2013-03-07 11:43:48.737	2	7	9	\N	\N	\N	0
58044	10	10	50	21	3500	2013-03-07 11:43:48.814	2	7	9	\N	\N	\N	0
58045	10	10	50	21	3500	2013-03-07 11:43:48.891	2	7	9	\N	\N	\N	0
58046	10	10	50	21	3500	2013-03-07 11:43:48.969	2	7	9	\N	\N	\N	0
58047	10	10	50	21	3500	2013-03-07 11:43:49.048	2	7	9	\N	\N	\N	0
58048	10	10	50	21	3500	2013-03-07 11:43:49.127	2	7	9	\N	\N	\N	0
58049	10	10	50	21	3500	2013-03-07 11:43:49.266	2	7	9	\N	\N	\N	0
58050	10	10	50	21	3500	2013-03-07 11:43:49.344	2	7	9	\N	\N	\N	0
58051	10	10	50	21	3500	2013-03-07 11:43:49.425	2	7	9	\N	\N	\N	0
58052	10	10	50	21	3500	2013-03-07 11:43:49.509	2	7	9	\N	\N	\N	0
58063	10	10	50	21	3500	2013-03-07 11:43:50.559	2	7	9	\N	\N	\N	0
58064	10	10	50	21	3500	2013-03-07 11:43:50.666	2	7	9	\N	\N	\N	0
58067	10	10	50	21	3500	2013-03-07 11:43:51.017	2	7	9	\N	\N	\N	0
58068	10	10	50	21	3500	2013-03-07 11:43:51.115	2	7	9	\N	\N	\N	0
58069	10	10	50	21	3500	2013-03-07 11:43:52.69	2	7	9	\N	\N	\N	0
58070	10	10	50	21	3500	2013-03-07 11:43:52.779	2	7	9	\N	\N	\N	0
58071	10	10	50	21	3500	2013-03-07 11:43:52.885	2	7	9	\N	\N	\N	0
58072	10	10	50	21	3500	2013-03-07 11:43:52.978	2	7	9	\N	\N	\N	0
58073	10	10	50	21	3500	2013-03-07 11:43:53.07	2	7	9	\N	\N	\N	0
58074	10	10	50	21	3500	2013-03-07 11:43:53.163	2	7	9	\N	\N	\N	0
58075	10	10	50	21	3500	2013-03-07 11:43:53.257	2	7	9	\N	\N	\N	0
58076	10	10	50	21	3500	2013-03-07 11:43:53.347	2	7	9	\N	\N	\N	0
58077	10	10	50	21	3500	2013-03-07 11:43:53.436	2	7	9	\N	\N	\N	0
58078	10	10	50	21	3500	2013-03-07 11:43:53.544	2	7	9	\N	\N	\N	0
58079	10	10	50	21	3500	2013-03-07 11:43:53.634	2	7	9	\N	\N	\N	0
58080	10	10	50	21	3500	2013-03-07 11:43:53.724	2	7	9	\N	\N	\N	0
58081	10	10	50	21	3500	2013-03-07 11:43:53.831	2	7	9	\N	\N	\N	0
58082	10	10	50	21	3500	2013-03-07 11:43:53.923	2	7	9	\N	\N	\N	0
58083	10	10	50	21	3500	2013-03-07 11:43:54.014	2	7	9	\N	\N	\N	0
58084	10	10	50	21	3500	2013-03-07 11:43:54.115	2	7	9	\N	\N	\N	0
58085	10	10	50	21	3500	2013-03-07 11:43:54.224	2	7	9	\N	\N	\N	0
58087	10	10	50	21	3500	2013-03-07 11:43:54.474	2	7	9	\N	\N	\N	0
58090	10	10	50	21	3500	2013-03-07 11:43:54.819	2	7	9	\N	\N	\N	0
58091	10	10	50	21	3500	2013-03-07 11:43:54.916	2	7	9	\N	\N	\N	0
58092	10	10	50	21	3500	2013-03-07 11:43:55.017	2	7	9	\N	\N	\N	0
58100	10	10	50	21	3500	2013-03-07 11:43:55.816	2	7	9	\N	\N	\N	0
58101	10	10	50	21	3500	2013-03-07 11:43:55.914	2	7	9	\N	\N	\N	0
58102	10	10	50	21	3500	2013-03-07 11:43:56.012	2	7	9	\N	\N	\N	0
58113	10	10	50	21	3500	2013-03-07 11:43:57.216	2	7	9	\N	\N	\N	0
58114	10	10	50	21	3500	2013-03-07 11:43:57.325	2	7	9	\N	\N	\N	0
58115	10	10	50	21	3500	2013-03-07 11:43:57.45	2	7	9	\N	\N	\N	0
58116	10	10	50	21	3500	2013-03-07 11:43:57.551	2	7	9	\N	\N	\N	0
58117	10	10	50	21	3500	2013-03-07 11:43:57.651	2	7	9	\N	\N	\N	0
58118	10	10	50	21	3500	2013-03-07 11:43:57.795	2	7	9	\N	\N	\N	0
58121	10	10	50	21	3500	2013-03-07 11:43:58.169	2	7	9	\N	\N	\N	0
58122	10	10	50	21	3500	2013-03-07 11:43:58.323	2	7	9	\N	\N	\N	0
58123	10	10	50	21	3500	2013-03-07 11:43:58.501	2	7	9	\N	\N	\N	0
58124	10	10	50	21	3500	2013-03-07 11:43:58.639	2	7	9	\N	\N	\N	0
58126	10	10	50	21	3500	2013-03-07 11:43:58.874	2	7	9	\N	\N	\N	0
58127	10	10	50	21	3500	2013-03-07 11:43:58.979	2	7	9	\N	\N	\N	0
58128	10	10	50	21	3500	2013-03-07 11:43:59.084	2	7	9	\N	\N	\N	0
58129	10	10	50	21	3500	2013-03-07 11:43:59.191	2	7	9	\N	\N	\N	0
58130	10	10	50	21	3500	2013-03-07 11:43:59.302	2	7	9	\N	\N	\N	0
58131	10	10	50	21	3500	2013-03-07 11:43:59.405	2	7	9	\N	\N	\N	0
58132	10	10	50	21	3500	2013-03-07 11:43:59.522	2	7	9	\N	\N	\N	0
58133	10	10	50	21	3500	2013-03-07 11:43:59.625	2	7	9	\N	\N	\N	0
58134	10	10	50	21	3500	2013-03-07 11:43:59.729	2	7	9	\N	\N	\N	0
58135	10	10	50	21	3500	2013-03-07 11:43:59.852	2	7	9	\N	\N	\N	0
58136	10	10	50	21	3500	2013-03-07 11:43:59.981	2	7	9	\N	\N	\N	0
58140	10	10	50	21	3500	2013-03-07 11:44:00.482	2	7	9	\N	\N	\N	0
58141	10	10	50	21	3500	2013-03-07 11:44:00.615	2	7	9	\N	\N	\N	0
58142	10	10	50	21	3500	2013-03-07 11:44:00.736	2	7	9	\N	\N	\N	0
58143	10	10	50	21	3500	2013-03-07 11:44:00.841	2	7	9	\N	\N	\N	0
58144	10	10	50	21	3500	2013-03-07 11:44:00.946	2	7	9	\N	\N	\N	0
58145	10	10	50	21	3500	2013-03-07 11:44:01.051	2	7	9	\N	\N	\N	0
58146	10	10	50	21	3500	2013-03-07 11:44:01.165	2	7	9	\N	\N	\N	0
58147	10	10	50	21	3500	2013-03-07 11:44:01.27	2	7	9	\N	\N	\N	0
58148	10	10	50	21	3500	2013-03-07 11:44:01.378	2	7	9	\N	\N	\N	0
58154	10	10	50	21	3500	2013-03-07 11:44:02.191	2	7	9	\N	\N	\N	0
58155	10	10	50	21	3500	2013-03-07 11:44:02.298	2	7	9	\N	\N	\N	0
58156	10	10	50	21	3500	2013-03-07 11:44:02.405	2	7	9	\N	\N	\N	0
58168	10	10	50	21	3500	2013-03-07 11:44:03.821	2	7	9	\N	\N	\N	0
58169	10	10	50	21	3500	2013-03-07 11:44:03.957	2	7	9	\N	\N	\N	0
58170	10	10	50	21	3500	2013-03-07 11:44:04.076	2	7	9	\N	\N	\N	0
58178	10	10	50	21	3500	2013-03-07 11:44:05.167	2	7	9	\N	\N	\N	0
58181	10	10	50	21	3500	2013-03-07 11:44:05.62	2	7	9	\N	\N	\N	0
58182	10	10	50	21	3500	2013-03-07 11:44:05.761	2	7	9	\N	\N	\N	0
58184	10	10	50	21	3500	2013-03-07 11:44:06.05	2	7	9	\N	\N	\N	0
58187	10	10	50	21	3500	2013-03-07 11:44:06.425	2	7	9	\N	\N	\N	0
58188	10	10	50	21	3500	2013-03-07 11:44:06.551	2	7	9	\N	\N	\N	0
58189	10	10	50	21	3500	2013-03-07 11:44:06.676	2	7	9	\N	\N	\N	0
58190	10	10	50	21	3500	2013-03-07 11:44:06.801	2	7	9	\N	\N	\N	0
58191	10	10	50	21	3500	2013-03-07 11:44:06.913	2	7	9	\N	\N	\N	0
58192	10	10	50	21	3500	2013-03-07 11:44:07.032	2	7	9	\N	\N	\N	0
58193	10	10	50	21	3500	2013-03-07 11:44:07.147	2	7	9	\N	\N	\N	0
58194	10	10	50	21	3500	2013-03-07 11:44:07.259	2	7	9	\N	\N	\N	0
58210	10	10	50	21	3500	2013-03-07 11:44:09.233	2	7	9	\N	\N	\N	0
58211	10	10	50	21	3500	2013-03-07 11:44:09.369	2	7	9	\N	\N	\N	0
58217	10	10	50	21	3500	2013-03-07 11:44:10.233	2	7	9	\N	\N	\N	0
58232	10	10	50	21	3500	2013-03-07 11:44:12.175	2	7	9	\N	\N	\N	0
58237	10	10	50	21	3500	2013-03-07 11:44:12.865	2	7	9	\N	\N	\N	0
58238	10	10	50	21	3500	2013-03-07 11:44:13.015	2	7	9	\N	\N	\N	0
58249	10	10	50	21	3500	2013-03-07 11:44:14.455	2	7	9	\N	\N	\N	0
58250	10	10	50	21	3500	2013-03-07 11:44:14.599	2	7	9	\N	\N	\N	0
58251	10	10	50	21	3500	2013-03-07 11:44:14.725	2	7	9	\N	\N	\N	0
58252	10	10	50	21	3500	2013-03-07 11:44:14.852	2	7	9	\N	\N	\N	0
58253	10	10	50	21	3500	2013-03-07 11:44:14.983	2	7	9	\N	\N	\N	0
58254	10	10	50	21	3500	2013-03-07 11:44:15.109	2	7	9	\N	\N	\N	0
58255	10	10	50	21	3500	2013-03-07 11:44:15.238	2	7	9	\N	\N	\N	0
58256	10	10	50	21	3500	2013-03-07 11:44:15.363	2	7	9	\N	\N	\N	0
58257	10	10	50	21	3500	2013-03-07 11:44:15.495	2	7	9	\N	\N	\N	0
58258	10	10	50	21	3500	2013-03-07 11:44:15.632	2	7	9	\N	\N	\N	0
58259	10	10	50	21	3500	2013-03-07 11:44:15.76	2	7	9	\N	\N	\N	0
58260	10	10	50	21	3500	2013-03-07 11:44:15.9	2	7	9	\N	\N	\N	0
58261	10	10	50	21	3500	2013-03-07 11:44:16.075	2	7	9	\N	\N	\N	0
58053	10	10	50	21	3500	2013-03-07 11:43:49.603	2	7	9	\N	\N	\N	0
58054	10	10	50	21	3500	2013-03-07 11:43:49.685	2	7	9	\N	\N	\N	0
58055	10	10	50	21	3500	2013-03-07 11:43:49.768	2	7	9	\N	\N	\N	0
58056	10	10	50	21	3500	2013-03-07 11:43:49.859	2	7	9	\N	\N	\N	0
58057	10	10	50	21	3500	2013-03-07 11:43:49.942	2	7	9	\N	\N	\N	0
58058	10	10	50	21	3500	2013-03-07 11:43:50.024	2	7	9	\N	\N	\N	0
58059	10	10	50	21	3500	2013-03-07 11:43:50.109	2	7	9	\N	\N	\N	0
58060	10	10	50	21	3500	2013-03-07 11:43:50.263	2	7	9	\N	\N	\N	0
58061	10	10	50	21	3500	2013-03-07 11:43:50.347	2	7	9	\N	\N	\N	0
58062	10	10	50	21	3500	2013-03-07 11:43:50.446	2	7	9	\N	\N	\N	0
58065	10	10	50	21	3500	2013-03-07 11:43:50.802	2	7	9	\N	\N	\N	0
58066	10	10	50	21	3500	2013-03-07 11:43:50.914	2	7	9	\N	\N	\N	0
58086	10	10	50	21	3500	2013-03-07 11:43:54.356	2	7	9	\N	\N	\N	0
58088	10	10	50	21	3500	2013-03-07 11:43:54.591	2	7	9	\N	\N	\N	0
58089	10	10	50	21	3500	2013-03-07 11:43:54.708	2	7	9	\N	\N	\N	0
58093	10	10	50	21	3500	2013-03-07 11:43:55.132	2	7	9	\N	\N	\N	0
58094	10	10	50	21	3500	2013-03-07 11:43:55.238	2	7	9	\N	\N	\N	0
58095	10	10	50	21	3500	2013-03-07 11:43:55.333	2	7	9	\N	\N	\N	0
58096	10	10	50	21	3500	2013-03-07 11:43:55.433	2	7	9	\N	\N	\N	0
58097	10	10	50	21	3500	2013-03-07 11:43:55.529	2	7	9	\N	\N	\N	0
58098	10	10	50	21	3500	2013-03-07 11:43:55.625	2	7	9	\N	\N	\N	0
58099	10	10	50	21	3500	2013-03-07 11:43:55.72	2	7	9	\N	\N	\N	0
58103	10	10	50	21	3500	2013-03-07 11:43:56.122	2	7	9	\N	\N	\N	0
58104	10	10	50	21	3500	2013-03-07 11:43:56.244	2	7	9	\N	\N	\N	0
58105	10	10	50	21	3500	2013-03-07 11:43:56.368	2	7	9	\N	\N	\N	0
58106	10	10	50	21	3500	2013-03-07 11:43:56.468	2	7	9	\N	\N	\N	0
58107	10	10	50	21	3500	2013-03-07 11:43:56.566	2	7	9	\N	\N	\N	0
58108	10	10	50	21	3500	2013-03-07 11:43:56.671	2	7	9	\N	\N	\N	0
58109	10	10	50	21	3500	2013-03-07 11:43:56.77	2	7	9	\N	\N	\N	0
58110	10	10	50	21	3500	2013-03-07 11:43:56.874	2	7	9	\N	\N	\N	0
58111	10	10	50	21	3500	2013-03-07 11:43:56.976	2	7	9	\N	\N	\N	0
58112	10	10	50	21	3500	2013-03-07 11:43:57.086	2	7	9	\N	\N	\N	0
58119	10	10	50	21	3500	2013-03-07 11:43:57.935	2	7	9	\N	\N	\N	0
58120	10	10	50	21	3500	2013-03-07 11:43:58.037	2	7	9	\N	\N	\N	0
58125	10	10	50	21	3500	2013-03-07 11:43:58.768	2	7	9	\N	\N	\N	0
58137	10	10	50	21	3500	2013-03-07 11:44:00.087	2	7	9	\N	\N	\N	0
58138	10	10	50	21	3500	2013-03-07 11:44:00.201	2	7	9	\N	\N	\N	0
58139	10	10	50	21	3500	2013-03-07 11:44:00.322	2	7	9	\N	\N	\N	0
58149	10	10	50	21	3500	2013-03-07 11:44:01.484	2	7	9	\N	\N	\N	0
58150	10	10	50	21	3500	2013-03-07 11:44:01.609	2	7	9	\N	\N	\N	0
58151	10	10	50	21	3500	2013-03-07 11:44:01.747	2	7	9	\N	\N	\N	0
58152	10	10	50	21	3500	2013-03-07 11:44:01.926	2	7	9	\N	\N	\N	0
58153	10	10	50	21	3500	2013-03-07 11:44:02.067	2	7	9	\N	\N	\N	0
58157	10	10	50	21	3500	2013-03-07 11:44:02.513	2	7	9	\N	\N	\N	0
58158	10	10	50	21	3500	2013-03-07 11:44:02.621	2	7	9	\N	\N	\N	0
58159	10	10	50	21	3500	2013-03-07 11:44:02.74	2	7	9	\N	\N	\N	0
58160	10	10	50	21	3500	2013-03-07 11:44:02.851	2	7	9	\N	\N	\N	0
58161	10	10	50	21	3500	2013-03-07 11:44:02.966	2	7	9	\N	\N	\N	0
58162	10	10	50	21	3500	2013-03-07 11:44:03.08	2	7	9	\N	\N	\N	0
58163	10	10	50	21	3500	2013-03-07 11:44:03.192	2	7	9	\N	\N	\N	0
58164	10	10	50	21	3500	2013-03-07 11:44:03.301	2	7	9	\N	\N	\N	0
58165	10	10	50	21	3500	2013-03-07 11:44:03.423	2	7	9	\N	\N	\N	0
58166	10	10	50	21	3500	2013-03-07 11:44:03.565	2	7	9	\N	\N	\N	0
58167	10	10	50	21	3500	2013-03-07 11:44:03.689	2	7	9	\N	\N	\N	0
58171	10	10	50	21	3500	2013-03-07 11:44:04.369	2	7	9	\N	\N	\N	0
58172	10	10	50	21	3500	2013-03-07 11:44:04.485	2	7	9	\N	\N	\N	0
58173	10	10	50	21	3500	2013-03-07 11:44:04.592	2	7	9	\N	\N	\N	0
58174	10	10	50	21	3500	2013-03-07 11:44:04.707	2	7	9	\N	\N	\N	0
58175	10	10	50	21	3500	2013-03-07 11:44:04.824	2	7	9	\N	\N	\N	0
58176	10	10	50	21	3500	2013-03-07 11:44:04.939	2	7	9	\N	\N	\N	0
58177	10	10	50	21	3500	2013-03-07 11:44:05.055	2	7	9	\N	\N	\N	0
58179	10	10	50	21	3500	2013-03-07 11:44:05.313	2	7	9	\N	\N	\N	0
58180	10	10	50	21	3500	2013-03-07 11:44:05.461	2	7	9	\N	\N	\N	0
58183	10	10	50	21	3500	2013-03-07 11:44:05.936	2	7	9	\N	\N	\N	0
58185	10	10	50	21	3500	2013-03-07 11:44:06.183	2	7	9	\N	\N	\N	0
58186	10	10	50	21	3500	2013-03-07 11:44:06.3	2	7	9	\N	\N	\N	0
58195	10	10	50	21	3500	2013-03-07 11:44:07.382	2	7	9	\N	\N	\N	0
58196	10	10	50	21	3500	2013-03-07 11:44:07.495	2	7	9	\N	\N	\N	0
58197	10	10	50	21	3500	2013-03-07 11:44:07.62	2	7	9	\N	\N	\N	0
58198	10	10	50	21	3500	2013-03-07 11:44:07.743	2	7	9	\N	\N	\N	0
58199	10	10	50	21	3500	2013-03-07 11:44:07.866	2	7	9	\N	\N	\N	0
58200	10	10	50	21	3500	2013-03-07 11:44:07.986	2	7	9	\N	\N	\N	0
58201	10	10	50	21	3500	2013-03-07 11:44:08.1	2	7	9	\N	\N	\N	0
58202	10	10	50	21	3500	2013-03-07 11:44:08.214	2	7	9	\N	\N	\N	0
58203	10	10	50	21	3500	2013-03-07 11:44:08.332	2	7	9	\N	\N	\N	0
58204	10	10	50	21	3500	2013-03-07 11:44:08.455	2	7	9	\N	\N	\N	0
58205	10	10	50	21	3500	2013-03-07 11:44:08.572	2	7	9	\N	\N	\N	0
58206	10	10	50	21	3500	2013-03-07 11:44:08.688	2	7	9	\N	\N	\N	0
58207	10	10	50	21	3500	2013-03-07 11:44:08.803	2	7	9	\N	\N	\N	0
58208	10	10	50	21	3500	2013-03-07 11:44:08.935	2	7	9	\N	\N	\N	0
58209	10	10	50	21	3500	2013-03-07 11:44:09.08	2	7	9	\N	\N	\N	0
58212	10	10	50	21	3500	2013-03-07 11:44:09.517	2	7	9	\N	\N	\N	0
58213	10	10	50	21	3500	2013-03-07 11:44:09.646	2	7	9	\N	\N	\N	0
58214	10	10	50	21	3500	2013-03-07 11:44:09.826	2	7	9	\N	\N	\N	0
58215	10	10	50	21	3500	2013-03-07 11:44:09.946	2	7	9	\N	\N	\N	0
58216	10	10	50	21	3500	2013-03-07 11:44:10.078	2	7	9	\N	\N	\N	0
58218	10	10	50	21	3500	2013-03-07 11:44:10.373	2	7	9	\N	\N	\N	0
58219	10	10	50	21	3500	2013-03-07 11:44:10.491	2	7	9	\N	\N	\N	0
58220	10	10	50	21	3500	2013-03-07 11:44:10.612	2	7	9	\N	\N	\N	0
58221	10	10	50	21	3500	2013-03-07 11:44:10.73	2	7	9	\N	\N	\N	0
58222	10	10	50	21	3500	2013-03-07 11:44:10.849	2	7	9	\N	\N	\N	0
58223	10	10	50	21	3500	2013-03-07 11:44:10.978	2	7	9	\N	\N	\N	0
58224	10	10	50	21	3500	2013-03-07 11:44:11.112	2	7	9	\N	\N	\N	0
58225	10	10	50	21	3500	2013-03-07 11:44:11.244	2	7	9	\N	\N	\N	0
58226	10	10	50	21	3500	2013-03-07 11:44:11.367	2	7	9	\N	\N	\N	0
58227	10	10	50	21	3500	2013-03-07 11:44:11.488	2	7	9	\N	\N	\N	0
58228	10	10	50	21	3500	2013-03-07 11:44:11.611	2	7	9	\N	\N	\N	0
58229	10	10	50	21	3500	2013-03-07 11:44:11.759	2	7	9	\N	\N	\N	0
58230	10	10	50	21	3500	2013-03-07 11:44:11.878	2	7	9	\N	\N	\N	0
58231	10	10	50	21	3500	2013-03-07 11:44:12.021	2	7	9	\N	\N	\N	0
58233	10	10	50	21	3500	2013-03-07 11:44:12.323	2	7	9	\N	\N	\N	0
58234	10	10	50	21	3500	2013-03-07 11:44:12.444	2	7	9	\N	\N	\N	0
58235	10	10	50	21	3500	2013-03-07 11:44:12.572	2	7	9	\N	\N	\N	0
58236	10	10	50	21	3500	2013-03-07 11:44:12.719	2	7	9	\N	\N	\N	0
58239	10	10	50	21	3500	2013-03-07 11:44:13.165	2	7	9	\N	\N	\N	0
58240	10	10	50	21	3500	2013-03-07 11:44:13.313	2	7	9	\N	\N	\N	0
58241	10	10	50	21	3500	2013-03-07 11:44:13.444	2	7	9	\N	\N	\N	0
58242	10	10	50	21	3500	2013-03-07 11:44:13.567	2	7	9	\N	\N	\N	0
58243	10	10	50	21	3500	2013-03-07 11:44:13.69	2	7	9	\N	\N	\N	0
58244	10	10	50	21	3500	2013-03-07 11:44:13.813	2	7	9	\N	\N	\N	0
58245	10	10	50	21	3500	2013-03-07 11:44:13.936	2	7	9	\N	\N	\N	0
58246	10	10	50	21	3500	2013-03-07 11:44:14.059	2	7	9	\N	\N	\N	0
58247	10	10	50	21	3500	2013-03-07 11:44:14.191	2	7	9	\N	\N	\N	0
58248	10	10	50	21	3500	2013-03-07 11:44:14.323	2	7	9	\N	\N	\N	0
58265	10	10	50	21	3500	2013-03-07 11:44:16.674	2	7	9	\N	\N	\N	0
58266	10	10	50	21	3500	2013-03-07 11:44:16.832	2	7	9	\N	\N	\N	0
58269	10	10	50	21	3500	2013-03-07 11:44:17.269	2	7	9	\N	\N	\N	0
58270	10	10	50	21	3500	2013-03-07 11:44:17.406	2	7	9	\N	\N	\N	0
58271	10	10	50	21	3500	2013-03-07 11:44:17.536	2	7	9	\N	\N	\N	0
58272	10	10	50	21	3500	2013-03-07 11:44:17.664	2	7	9	\N	\N	\N	0
58273	10	10	50	21	3500	2013-03-07 11:44:17.794	2	7	9	\N	\N	\N	0
58274	10	10	50	21	3500	2013-03-07 11:44:17.941	2	7	9	\N	\N	\N	0
58275	10	10	50	21	3500	2013-03-07 11:44:18.072	2	7	9	\N	\N	\N	0
58276	10	10	50	21	3500	2013-03-07 11:44:18.211	2	7	9	\N	\N	\N	0
58277	10	10	50	21	3500	2013-03-07 11:44:18.343	2	7	9	\N	\N	\N	0
58278	10	10	50	21	3500	2013-03-07 11:44:18.474	2	7	9	\N	\N	\N	0
58279	10	10	50	21	3500	2013-03-07 11:44:18.606	2	7	9	\N	\N	\N	0
58280	10	10	50	21	3500	2013-03-07 11:44:18.737	2	7	9	\N	\N	\N	0
58281	10	10	50	21	3500	2013-03-07 11:44:18.879	2	7	9	\N	\N	\N	0
58282	10	10	50	21	3500	2013-03-07 11:44:19.012	2	7	9	\N	\N	\N	0
58283	10	10	50	21	3500	2013-03-07 11:44:19.146	2	7	9	\N	\N	\N	0
58284	10	10	50	21	3500	2013-03-07 11:44:19.28	2	7	9	\N	\N	\N	0
58285	10	10	50	21	3500	2013-03-07 11:44:19.433	2	7	9	\N	\N	\N	0
58286	10	10	50	21	3500	2013-03-07 11:44:19.573	2	7	9	\N	\N	\N	0
58287	10	10	50	21	3500	2013-03-07 11:44:19.714	2	7	9	\N	\N	\N	0
58288	10	10	50	21	3500	2013-03-07 11:44:19.85	2	7	9	\N	\N	\N	0
58289	10	10	50	21	3500	2013-03-07 11:44:19.988	2	7	9	\N	\N	\N	0
58292	10	10	50	21	3500	2013-03-07 11:44:20.525	2	7	9	\N	\N	\N	0
58293	10	10	50	21	3500	2013-03-07 11:44:20.7	2	7	9	\N	\N	\N	0
58296	10	10	50	21	3500	2013-03-07 11:44:21.157	2	7	9	\N	\N	\N	0
58297	10	10	50	21	3500	2013-03-07 11:44:21.295	2	7	9	\N	\N	\N	0
58298	10	10	50	21	3500	2013-03-07 11:44:21.439	2	7	9	\N	\N	\N	0
58299	10	10	50	21	3500	2013-03-07 11:44:21.576	2	7	9	\N	\N	\N	0
58300	10	10	50	21	3500	2013-03-07 11:44:21.712	2	7	9	\N	\N	\N	0
58301	10	10	50	21	3500	2013-03-07 11:44:21.868	2	7	9	\N	\N	\N	0
58302	10	10	50	21	3500	2013-03-07 11:44:22.005	2	7	9	\N	\N	\N	0
58303	10	10	50	21	3500	2013-03-07 11:44:22.159	2	7	9	\N	\N	\N	0
58304	10	10	50	21	3500	2013-03-07 11:44:22.295	2	7	9	\N	\N	\N	0
58305	10	10	50	21	3500	2013-03-07 11:44:22.432	2	7	9	\N	\N	\N	0
58306	10	10	50	21	3500	2013-03-07 11:44:22.569	2	7	9	\N	\N	\N	0
58307	10	10	50	21	3500	2013-03-07 11:44:22.713	2	7	9	\N	\N	\N	0
58308	10	10	50	21	3500	2013-03-07 11:44:22.863	2	7	9	\N	\N	\N	0
58309	10	10	50	21	3500	2013-03-07 11:44:23.017	2	7	9	\N	\N	\N	0
58310	10	10	50	21	3500	2013-03-07 11:44:23.155	2	7	9	\N	\N	\N	0
58311	10	10	50	21	3500	2013-03-07 11:44:23.303	2	7	9	\N	\N	\N	0
58312	10	10	50	21	3500	2013-03-07 11:44:23.442	2	7	9	\N	\N	\N	0
58313	10	10	50	21	3500	2013-03-07 11:44:23.582	2	7	9	\N	\N	\N	0
58317	10	10	50	21	3500	2013-03-07 11:44:24.316	2	7	9	\N	\N	\N	0
58318	10	10	50	21	3500	2013-03-07 11:44:24.462	2	7	9	\N	\N	\N	0
58326	10	10	50	21	3500	2013-03-07 11:44:25.608	2	7	9	\N	\N	\N	0
58327	10	10	50	21	3500	2013-03-07 11:44:25.775	2	7	9	\N	\N	\N	0
58328	10	10	50	21	3500	2013-03-07 11:44:25.915	2	7	9	\N	\N	\N	0
58329	10	10	50	21	3500	2013-03-07 11:44:26.064	2	7	9	\N	\N	\N	0
58330	10	10	50	21	3500	2013-03-07 11:44:26.21	2	7	9	\N	\N	\N	0
58331	10	10	50	21	3500	2013-03-07 11:44:26.354	2	7	9	\N	\N	\N	0
58332	10	10	50	21	3500	2013-03-07 11:44:26.497	2	7	9	\N	\N	\N	0
58333	10	10	50	21	3500	2013-03-07 11:44:26.64	2	7	9	\N	\N	\N	0
58334	10	10	50	21	3500	2013-03-07 11:44:26.786	2	7	9	\N	\N	\N	0
58335	10	10	50	21	3500	2013-03-07 11:44:26.938	2	7	9	\N	\N	\N	0
58337	10	10	50	21	3500	2013-03-07 11:44:27.231	2	7	9	\N	\N	\N	0
58338	10	10	50	21	3500	2013-03-07 11:44:27.39	2	7	9	\N	\N	\N	0
58339	10	10	50	21	3500	2013-03-07 11:44:27.567	2	7	9	\N	\N	\N	0
58341	10	10	50	21	3500	2013-03-07 11:44:27.912	2	7	9	\N	\N	\N	0
58342	10	10	50	21	3500	2013-03-07 11:44:28.076	2	7	9	\N	\N	\N	0
58343	10	10	50	21	3500	2013-03-07 11:44:28.222	2	7	9	\N	\N	\N	0
58344	10	10	50	21	3500	2013-03-07 11:44:28.376	2	7	9	\N	\N	\N	0
58345	10	10	50	21	3500	2013-03-07 11:44:28.533	2	7	9	\N	\N	\N	0
58346	10	10	50	21	3500	2013-03-07 11:44:28.679	2	7	9	\N	\N	\N	0
58347	10	10	50	21	3500	2013-03-07 11:44:28.826	2	7	9	\N	\N	\N	0
58348	10	10	50	21	3500	2013-03-07 11:44:28.972	2	7	9	\N	\N	\N	0
58349	10	10	50	21	3500	2013-03-07 11:44:29.117	2	7	9	\N	\N	\N	0
58350	10	10	50	21	3500	2013-03-07 11:44:29.273	2	7	9	\N	\N	\N	0
58351	10	10	50	21	3500	2013-03-07 11:44:29.429	2	7	9	\N	\N	\N	0
58352	10	10	50	21	3500	2013-03-07 11:44:29.575	2	7	9	\N	\N	\N	0
58353	10	10	50	21	3500	2013-03-07 11:44:29.722	2	7	9	\N	\N	\N	0
58354	10	10	50	21	3500	2013-03-07 11:44:29.879	2	7	9	\N	\N	\N	0
58355	10	10	50	21	3500	2013-03-07 11:44:30.025	2	7	9	\N	\N	\N	0
58356	10	10	50	21	3500	2013-03-07 11:44:30.171	2	7	9	\N	\N	\N	0
58357	10	10	50	21	3500	2013-03-07 11:44:30.321	2	7	9	\N	\N	\N	0
58358	10	10	50	21	3500	2013-03-07 11:44:30.501	2	7	9	\N	\N	\N	0
58361	10	10	50	21	3500	2013-03-07 11:44:31.066	2	7	9	\N	\N	\N	0
58364	10	10	50	21	3500	2013-03-07 11:44:31.644	2	7	9	\N	\N	\N	0
58365	10	10	50	21	3500	2013-03-07 11:44:31.795	2	7	9	\N	\N	\N	0
58366	10	10	50	21	3500	2013-03-07 11:44:31.949	2	7	9	\N	\N	\N	0
58262	10	10	50	21	3500	2013-03-07 11:44:16.203	2	7	9	\N	\N	\N	0
58263	10	10	50	21	3500	2013-03-07 11:44:16.34	2	7	9	\N	\N	\N	0
58264	10	10	50	21	3500	2013-03-07 11:44:16.499	2	7	9	\N	\N	\N	0
58267	10	10	50	21	3500	2013-03-07 11:44:17	2	7	9	\N	\N	\N	0
58268	10	10	50	21	3500	2013-03-07 11:44:17.138	2	7	9	\N	\N	\N	0
58290	10	10	50	21	3500	2013-03-07 11:44:20.162	2	7	9	\N	\N	\N	0
58291	10	10	50	21	3500	2013-03-07 11:44:20.332	2	7	9	\N	\N	\N	0
58294	10	10	50	21	3500	2013-03-07 11:44:20.84	2	7	9	\N	\N	\N	0
58295	10	10	50	21	3500	2013-03-07 11:44:20.987	2	7	9	\N	\N	\N	0
58314	10	10	50	21	3500	2013-03-07 11:44:23.754	2	7	9	\N	\N	\N	0
58315	10	10	50	21	3500	2013-03-07 11:44:23.972	2	7	9	\N	\N	\N	0
58316	10	10	50	21	3500	2013-03-07 11:44:24.146	2	7	9	\N	\N	\N	0
58319	10	10	50	21	3500	2013-03-07 11:44:24.61	2	7	9	\N	\N	\N	0
58320	10	10	50	21	3500	2013-03-07 11:44:24.75	2	7	9	\N	\N	\N	0
58321	10	10	50	21	3500	2013-03-07 11:44:24.892	2	7	9	\N	\N	\N	0
58322	10	10	50	21	3500	2013-03-07 11:44:25.033	2	7	9	\N	\N	\N	0
58323	10	10	50	21	3500	2013-03-07 11:44:25.176	2	7	9	\N	\N	\N	0
58324	10	10	50	21	3500	2013-03-07 11:44:25.324	2	7	9	\N	\N	\N	0
58325	10	10	50	21	3500	2013-03-07 11:44:25.466	2	7	9	\N	\N	\N	0
58336	10	10	50	21	3500	2013-03-07 11:44:27.084	2	7	9	\N	\N	\N	0
58340	10	10	50	21	3500	2013-03-07 11:44:27.741	2	7	9	\N	\N	\N	0
58359	10	10	50	21	3500	2013-03-07 11:44:30.745	2	7	9	\N	\N	\N	0
58360	10	10	50	21	3500	2013-03-07 11:44:30.898	2	7	9	\N	\N	\N	0
58362	10	10	50	21	3500	2013-03-07 11:44:31.285	2	7	9	\N	\N	\N	0
58363	10	10	50	21	3500	2013-03-07 11:44:31.457	2	7	9	\N	\N	\N	0
58384	10	10	50	21	3500	2013-03-07 11:44:34.932	2	7	9	\N	\N	\N	0
58385	10	10	50	21	3500	2013-03-07 11:44:35.127	2	7	9	\N	\N	\N	0
58367	10	10	50	21	3500	2013-03-07 11:44:32.102	2	7	9	\N	\N	\N	0
58368	10	10	50	21	3500	2013-03-07 11:44:32.26	2	7	9	\N	\N	\N	0
58369	10	10	50	21	3500	2013-03-07 11:44:32.423	2	7	9	\N	\N	\N	0
58370	10	10	50	21	3500	2013-03-07 11:44:32.577	2	7	9	\N	\N	\N	0
58371	10	10	50	21	3500	2013-03-07 11:44:32.731	2	7	9	\N	\N	\N	0
58372	10	10	50	21	3500	2013-03-07 11:44:32.897	2	7	9	\N	\N	\N	0
58373	10	10	50	21	3500	2013-03-07 11:44:33.058	2	7	9	\N	\N	\N	0
58374	10	10	50	21	3500	2013-03-07 11:44:33.239	2	7	9	\N	\N	\N	0
58375	10	10	50	21	3500	2013-03-07 11:44:33.393	2	7	9	\N	\N	\N	0
58376	10	10	50	21	3500	2013-03-07 11:44:33.545	2	7	9	\N	\N	\N	0
58377	10	10	50	21	3500	2013-03-07 11:44:33.712	2	7	9	\N	\N	\N	0
58378	10	10	50	21	3500	2013-03-07 11:44:33.883	2	7	9	\N	\N	\N	0
58379	10	10	50	21	3500	2013-03-07 11:44:34.057	2	7	9	\N	\N	\N	0
58380	10	10	50	21	3500	2013-03-07 11:44:34.212	2	7	9	\N	\N	\N	0
58381	10	10	50	21	3500	2013-03-07 11:44:34.374	2	7	9	\N	\N	\N	0
58382	10	10	50	21	3500	2013-03-07 11:44:34.531	2	7	9	\N	\N	\N	0
58383	10	10	50	21	3500	2013-03-07 11:44:34.73	2	7	9	\N	\N	\N	0
58386	10	10	50	21	3500	2013-03-07 11:44:35.322	2	7	9	\N	\N	\N	0
58387	10	10	50	21	3500	2013-03-07 11:44:35.493	2	7	9	\N	\N	\N	0
58388	10	10	50	21	3500	2013-03-07 11:44:35.658	2	7	9	\N	\N	\N	0
58389	10	10	50	21	3500	2013-03-07 11:44:35.826	2	7	9	\N	\N	\N	0
58390	10	10	50	21	3500	2013-03-07 11:44:35.999	2	7	9	\N	\N	\N	0
58391	10	10	50	21	3500	2013-03-07 11:44:36.159	2	7	9	\N	\N	\N	0
58392	10	10	50	21	3500	2013-03-07 11:44:36.326	2	7	9	\N	\N	\N	0
58393	10	10	50	21	3500	2013-03-07 11:44:36.484	2	7	9	\N	\N	\N	0
58394	10	10	50	21	3500	2013-03-07 11:44:36.642	2	7	9	\N	\N	\N	0
58395	10	10	50	21	3500	2013-03-07 11:44:36.8	2	7	9	\N	\N	\N	0
58396	10	10	50	21	3500	2013-03-07 11:44:36.957	2	7	9	\N	\N	\N	0
58397	10	10	50	21	3500	2013-03-07 11:44:37.125	2	7	9	\N	\N	\N	0
58398	10	10	50	21	3500	2013-03-07 11:44:37.285	2	7	9	\N	\N	\N	0
58399	10	10	50	21	3500	2013-03-07 11:44:37.443	2	7	9	\N	\N	\N	0
58400	10	10	50	21	3500	2013-03-07 11:44:37.6	2	7	9	\N	\N	\N	0
58401	10	10	50	21	3500	2013-03-07 11:44:37.76	2	7	9	\N	\N	\N	0
58402	10	10	50	21	3500	2013-03-07 11:44:37.935	2	7	9	\N	\N	\N	0
58403	10	10	50	21	3500	2013-03-07 11:44:38.102	2	7	9	\N	\N	\N	0
58404	10	10	50	21	3500	2013-03-07 11:44:38.26	2	7	9	\N	\N	\N	0
58405	10	10	50	21	3500	2013-03-07 11:44:38.418	2	7	9	\N	\N	\N	0
58406	10	10	50	21	3500	2013-03-07 11:44:38.613	2	7	9	\N	\N	\N	0
58407	10	10	50	21	3500	2013-03-07 11:44:38.807	2	7	9	\N	\N	\N	0
58408	10	10	50	21	3500	2013-03-07 11:44:39.003	2	7	9	\N	\N	\N	0
58409	10	10	50	21	3500	2013-03-07 11:44:39.172	2	7	9	\N	\N	\N	0
58410	10	10	50	21	3500	2013-03-07 11:44:39.347	2	7	9	\N	\N	\N	0
58411	10	10	50	21	3500	2013-03-07 11:44:39.512	2	7	9	\N	\N	\N	0
58412	10	10	50	21	3500	2013-03-07 11:44:39.672	2	7	9	\N	\N	\N	0
58413	10	10	50	21	3500	2013-03-07 11:44:39.832	2	7	9	\N	\N	\N	0
58414	10	10	50	21	3500	2013-03-07 11:44:39.993	2	7	9	\N	\N	\N	0
58415	10	10	50	21	3500	2013-03-07 11:44:40.17	2	7	9	\N	\N	\N	0
58416	10	10	50	21	3500	2013-03-07 11:44:40.333	2	7	9	\N	\N	\N	0
58417	10	10	50	21	3500	2013-03-07 11:44:40.495	2	7	9	\N	\N	\N	0
58418	10	10	50	21	3500	2013-03-07 11:44:40.664	2	7	9	\N	\N	\N	0
58419	10	10	50	21	3500	2013-03-07 11:44:40.838	2	7	9	\N	\N	\N	0
58420	10	10	50	21	3500	2013-03-07 11:44:41	2	7	9	\N	\N	\N	0
58421	10	10	50	21	3500	2013-03-07 11:44:41.165	2	7	9	\N	\N	\N	0
58422	10	10	50	21	3500	2013-03-07 11:44:41.331	2	7	9	\N	\N	\N	0
58423	10	10	50	21	3500	2013-03-07 11:44:41.493	2	7	9	\N	\N	\N	0
58424	10	10	50	21	3500	2013-03-07 11:44:41.666	2	7	9	\N	\N	\N	0
58425	10	10	50	21	3500	2013-03-07 11:44:41.832	2	7	9	\N	\N	\N	0
58426	10	10	50	21	3500	2013-03-07 11:44:41.996	2	7	9	\N	\N	\N	0
58427	10	10	50	21	3500	2013-03-07 11:44:42.184	2	7	9	\N	\N	\N	0
58428	10	10	50	21	3500	2013-03-07 11:44:42.395	2	7	9	\N	\N	\N	0
58429	10	10	50	21	3500	2013-03-07 11:44:42.593	2	7	9	\N	\N	\N	0
58430	10	10	50	21	3500	2013-03-07 11:44:42.772	2	7	9	\N	\N	\N	0
58431	10	10	50	21	3500	2013-03-07 11:44:43.369	2	7	9	\N	\N	\N	0
58432	10	10	50	21	3500	2013-03-07 11:44:44.543	2	7	9	\N	\N	\N	0
58433	10	10	50	21	3500	2013-03-07 11:44:45.156	2	7	9	\N	\N	\N	0
58434	10	10	50	21	3500	2013-03-07 11:44:46.317	2	7	9	\N	\N	\N	0
58435	10	10	50	21	3500	2013-03-07 11:44:46.493	2	7	9	\N	\N	\N	0
58436	10	10	50	21	3500	2013-03-07 11:44:47.195	2	7	9	\N	\N	\N	0
58437	10	10	50	21	3500	2013-03-07 11:44:47.367	2	7	9	\N	\N	\N	0
58438	10	10	50	21	3500	2013-03-07 11:44:47.533	2	7	9	\N	\N	\N	0
58439	10	10	50	21	3500	2013-03-07 11:44:47.698	2	7	9	\N	\N	\N	0
58440	10	10	50	21	3500	2013-03-07 11:44:47.886	2	7	9	\N	\N	\N	0
58441	10	10	50	21	3500	2013-03-07 11:44:48.068	2	7	9	\N	\N	\N	0
58442	10	10	50	21	3500	2013-03-07 11:44:48.246	2	7	9	\N	\N	\N	0
58443	10	10	50	21	3500	2013-03-07 11:44:48.417	2	7	9	\N	\N	\N	0
58444	10	10	50	21	3500	2013-03-07 11:44:48.584	2	7	9	\N	\N	\N	0
58445	10	10	50	21	3500	2013-03-07 11:44:48.76	2	7	9	\N	\N	\N	0
58446	10	10	50	21	3500	2013-03-07 11:44:48.929	2	7	9	\N	\N	\N	0
58447	10	10	50	21	3500	2013-03-07 11:44:49.097	2	7	9	\N	\N	\N	0
58448	10	10	50	21	3500	2013-03-07 11:44:49.265	2	7	9	\N	\N	\N	0
58449	10	10	50	21	3500	2013-03-07 11:44:49.499	2	7	9	\N	\N	\N	0
58450	10	10	50	21	3500	2013-03-07 11:44:49.689	2	7	9	\N	\N	\N	0
58451	10	10	50	21	3500	2013-03-07 11:44:49.894	2	7	9	\N	\N	\N	0
58452	10	10	50	21	3500	2013-03-07 11:44:50.077	2	7	9	\N	\N	\N	0
58453	10	10	50	21	3500	2013-03-07 11:44:50.256	2	7	9	\N	\N	\N	0
58454	10	10	50	21	3500	2013-03-07 11:44:50.427	2	7	9	\N	\N	\N	0
58455	10	10	50	21	3500	2013-03-07 11:44:50.596	2	7	9	\N	\N	\N	0
58456	10	10	50	21	3500	2013-03-07 11:44:50.768	2	7	9	\N	\N	\N	0
58457	10	10	50	21	3500	2013-03-07 11:44:50.95	2	7	9	\N	\N	\N	0
58458	10	10	50	21	3500	2013-03-07 11:44:51.127	2	7	9	\N	\N	\N	0
58459	10	10	50	21	3500	2013-03-07 11:44:51.303	2	7	9	\N	\N	\N	0
58460	10	10	50	21	3500	2013-03-07 11:44:51.476	2	7	9	\N	\N	\N	0
58461	10	10	50	21	3500	2013-03-07 11:44:51.659	2	7	9	\N	\N	\N	0
58462	10	10	50	21	3500	2013-03-07 11:44:51.836	2	7	9	\N	\N	\N	0
58463	10	10	50	21	3500	2013-03-07 11:44:52.014	2	7	9	\N	\N	\N	0
58464	10	10	50	21	3500	2013-03-07 11:44:52.186	2	7	9	\N	\N	\N	0
58465	10	10	50	21	3500	2013-03-07 11:44:52.368	2	7	9	\N	\N	\N	0
58466	10	10	50	21	3500	2013-03-07 11:44:52.54	2	7	9	\N	\N	\N	0
58467	10	10	50	21	3500	2013-03-07 11:44:52.713	2	7	9	\N	\N	\N	0
58468	10	10	50	21	3500	2013-03-07 11:44:52.891	2	7	9	\N	\N	\N	0
58469	10	10	50	21	3500	2013-03-07 11:44:53.1	2	7	9	\N	\N	\N	0
58470	10	10	50	21	3500	2013-03-07 11:44:53.31	2	7	9	\N	\N	\N	0
58479	10	10	50	21	3500	2013-03-07 11:44:54.957	2	7	9	\N	\N	\N	0
58480	10	10	50	21	3500	2013-03-07 11:44:55.134	2	7	9	\N	\N	\N	0
58481	10	10	50	21	3500	2013-03-07 11:44:55.318	2	7	9	\N	\N	\N	0
58482	10	10	50	21	3500	2013-03-07 11:44:55.493	2	7	9	\N	\N	\N	0
58483	10	10	50	21	3500	2013-03-07 11:44:55.668	2	7	9	\N	\N	\N	0
58484	10	10	50	21	3500	2013-03-07 11:44:55.844	2	7	9	\N	\N	\N	0
58485	10	10	50	21	3500	2013-03-07 11:44:56.032	2	7	9	\N	\N	\N	0
58486	10	10	50	21	3500	2013-03-07 11:44:56.211	2	7	9	\N	\N	\N	0
58487	10	10	50	21	3500	2013-03-07 11:44:56.395	2	7	9	\N	\N	\N	0
58488	10	10	50	21	3500	2013-03-07 11:44:56.576	2	7	9	\N	\N	\N	0
58489	10	10	50	21	3500	2013-03-07 11:44:56.785	2	7	9	\N	\N	\N	0
58490	10	10	50	21	3500	2013-03-07 11:44:57.023	2	7	9	\N	\N	\N	0
58510	10	10	50	21	3500	2013-03-07 11:45:00.983	2	7	9	\N	\N	\N	0
58511	10	10	50	21	3500	2013-03-07 11:45:01.262	2	7	9	\N	\N	\N	0
58512	10	10	50	21	3500	2013-03-07 11:45:01.475	2	7	9	\N	\N	\N	0
58513	10	10	50	21	3500	2013-03-07 11:45:01.693	2	7	9	\N	\N	\N	0
58514	10	10	50	21	3500	2013-03-07 11:45:01.889	2	7	9	\N	\N	\N	0
58515	10	10	50	21	3500	2013-03-07 11:45:02.087	2	7	9	\N	\N	\N	0
58520	10	10	50	21	3500	2013-03-07 11:45:03.076	2	7	9	\N	\N	\N	0
58521	10	10	50	21	3500	2013-03-07 11:45:03.28	2	7	9	\N	\N	\N	0
58522	10	10	50	21	3500	2013-03-07 11:45:03.482	2	7	9	\N	\N	\N	0
58523	10	10	50	21	3500	2013-03-07 11:45:03.685	2	7	9	\N	\N	\N	0
58524	10	10	50	21	3500	2013-03-07 11:45:03.878	2	7	9	\N	\N	\N	0
58525	10	10	50	21	3500	2013-03-07 11:45:04.07	2	7	9	\N	\N	\N	0
58526	10	10	50	21	3500	2013-03-07 11:45:04.294	2	7	9	\N	\N	\N	0
58531	10	10	50	21	3500	2013-03-07 11:45:05.449	2	7	9	\N	\N	\N	0
58532	10	10	50	21	3500	2013-03-07 11:45:05.716	2	7	9	\N	\N	\N	0
58535	10	10	50	21	3500	2013-03-07 11:45:06.629	2	7	9	\N	\N	\N	0
58536	10	10	50	21	3500	2013-03-07 11:45:06.824	2	7	9	\N	\N	\N	0
58537	10	10	50	21	3500	2013-03-07 11:45:07.021	2	7	9	\N	\N	\N	0
58538	10	10	50	21	3500	2013-03-07 11:45:07.206	2	7	9	\N	\N	\N	0
58539	10	10	50	21	3500	2013-03-07 11:45:07.389	2	7	9	\N	\N	\N	0
58540	10	10	50	21	3500	2013-03-07 11:45:07.572	2	7	9	\N	\N	\N	0
58541	10	10	50	21	3500	2013-03-07 11:45:07.783	2	7	9	\N	\N	\N	0
58542	10	10	50	21	3500	2013-03-07 11:45:07.977	2	7	9	\N	\N	\N	0
58543	10	10	50	21	3500	2013-03-07 11:45:08.191	2	7	9	\N	\N	\N	0
58549	10	10	50	21	3500	2013-03-07 11:45:09.356	2	7	9	\N	\N	\N	0
58550	10	10	50	21	3500	2013-03-07 11:45:09.547	2	7	9	\N	\N	\N	0
58551	10	10	50	21	3500	2013-03-07 11:45:09.751	2	7	9	\N	\N	\N	0
58552	10	10	50	21	3500	2013-03-07 11:45:09.953	2	7	9	\N	\N	\N	0
58471	10	10	50	21	3500	2013-03-07 11:44:53.503	2	7	9	\N	\N	\N	0
58472	10	10	50	21	3500	2013-03-07 11:44:53.689	2	7	9	\N	\N	\N	0
58473	10	10	50	21	3500	2013-03-07 11:44:53.872	2	7	9	\N	\N	\N	0
58474	10	10	50	21	3500	2013-03-07 11:44:54.048	2	7	9	\N	\N	\N	0
58475	10	10	50	21	3500	2013-03-07 11:44:54.222	2	7	9	\N	\N	\N	0
58476	10	10	50	21	3500	2013-03-07 11:44:54.408	2	7	9	\N	\N	\N	0
58477	10	10	50	21	3500	2013-03-07 11:44:54.593	2	7	9	\N	\N	\N	0
58478	10	10	50	21	3500	2013-03-07 11:44:54.768	2	7	9	\N	\N	\N	0
58491	10	10	50	21	3500	2013-03-07 11:44:57.238	2	7	9	\N	\N	\N	0
58492	10	10	50	21	3500	2013-03-07 11:44:57.424	2	7	9	\N	\N	\N	0
58493	10	10	50	21	3500	2013-03-07 11:44:57.617	2	7	9	\N	\N	\N	0
58494	10	10	50	21	3500	2013-03-07 11:44:57.796	2	7	9	\N	\N	\N	0
58495	10	10	50	21	3500	2013-03-07 11:44:57.996	2	7	9	\N	\N	\N	0
58496	10	10	50	21	3500	2013-03-07 11:44:58.178	2	7	9	\N	\N	\N	0
58497	10	10	50	21	3500	2013-03-07 11:44:58.369	2	7	9	\N	\N	\N	0
58498	10	10	50	21	3500	2013-03-07 11:44:58.554	2	7	9	\N	\N	\N	0
58499	10	10	50	21	3500	2013-03-07 11:44:58.733	2	7	9	\N	\N	\N	0
58500	10	10	50	21	3500	2013-03-07 11:44:58.915	2	7	9	\N	\N	\N	0
58501	10	10	50	21	3500	2013-03-07 11:44:59.105	2	7	9	\N	\N	\N	0
58502	10	10	50	21	3500	2013-03-07 11:44:59.288	2	7	9	\N	\N	\N	0
58503	10	10	50	21	3500	2013-03-07 11:44:59.476	2	7	9	\N	\N	\N	0
58504	10	10	50	21	3500	2013-03-07 11:44:59.657	2	7	9	\N	\N	\N	0
58505	10	10	50	21	3500	2013-03-07 11:44:59.849	2	7	9	\N	\N	\N	0
58506	10	10	50	21	3500	2013-03-07 11:45:00.036	2	7	9	\N	\N	\N	0
58507	10	10	50	21	3500	2013-03-07 11:45:00.223	2	7	9	\N	\N	\N	0
58508	10	10	50	21	3500	2013-03-07 11:45:00.45	2	7	9	\N	\N	\N	0
58509	10	10	50	21	3500	2013-03-07 11:45:00.699	2	7	9	\N	\N	\N	0
58516	10	10	50	21	3500	2013-03-07 11:45:02.294	2	7	9	\N	\N	\N	0
58517	10	10	50	21	3500	2013-03-07 11:45:02.482	2	7	9	\N	\N	\N	0
58518	10	10	50	21	3500	2013-03-07 11:45:02.67	2	7	9	\N	\N	\N	0
58519	10	10	50	21	3500	2013-03-07 11:45:02.86	2	7	9	\N	\N	\N	0
58527	10	10	50	21	3500	2013-03-07 11:45:04.543	2	7	9	\N	\N	\N	0
58528	10	10	50	21	3500	2013-03-07 11:45:04.803	2	7	9	\N	\N	\N	0
58529	10	10	50	21	3500	2013-03-07 11:45:05.038	2	7	9	\N	\N	\N	0
58530	10	10	50	21	3500	2013-03-07 11:45:05.246	2	7	9	\N	\N	\N	0
58533	10	10	50	21	3500	2013-03-07 11:45:06.078	2	7	9	\N	\N	\N	0
58534	10	10	50	21	3500	2013-03-07 11:45:06.377	2	7	9	\N	\N	\N	0
58544	10	10	50	21	3500	2013-03-07 11:45:08.4	2	7	9	\N	\N	\N	0
58545	10	10	50	21	3500	2013-03-07 11:45:08.593	2	7	9	\N	\N	\N	0
58546	10	10	50	21	3500	2013-03-07 11:45:08.778	2	7	9	\N	\N	\N	0
58547	10	10	50	21	3500	2013-03-07 11:45:08.963	2	7	9	\N	\N	\N	0
58548	10	10	50	21	3500	2013-03-07 11:45:09.166	2	7	9	\N	\N	\N	0
58553	10	10	50	21	3500	2013-03-07 11:45:10.192	2	7	9	\N	\N	\N	0
58554	10	10	50	21	3500	2013-03-07 11:45:10.525	2	7	9	\N	\N	\N	0
58555	10	10	50	21	3500	2013-03-07 11:45:10.785	2	7	9	\N	\N	\N	0
58556	10	10	50	21	3500	2013-03-07 11:45:11.008	2	7	9	\N	\N	\N	0
58557	10	10	50	21	3500	2013-03-07 11:45:11.288	2	7	9	\N	\N	\N	0
58558	10	10	50	21	3500	2013-03-07 11:45:11.585	2	7	9	\N	\N	\N	0
58559	10	10	50	21	3500	2013-03-07 11:45:11.818	2	7	9	\N	\N	\N	0
58560	10	10	50	21	3500	2013-03-07 11:45:12.049	2	7	9	\N	\N	\N	0
58561	10	10	50	21	3500	2013-03-07 11:45:12.249	2	7	9	\N	\N	\N	0
58562	10	10	50	21	3500	2013-03-07 11:45:12.44	2	7	9	\N	\N	\N	0
58563	10	10	50	21	3500	2013-03-07 11:45:12.638	2	7	9	\N	\N	\N	0
58564	10	10	50	21	3500	2013-03-07 11:45:12.934	2	7	9	\N	\N	\N	0
58565	10	10	50	21	3500	2013-03-07 11:45:13.203	2	7	9	\N	\N	\N	0
58566	10	10	50	21	3500	2013-03-07 11:45:13.452	2	7	9	\N	\N	\N	0
58567	10	10	50	21	3500	2013-03-07 11:45:13.679	2	7	9	\N	\N	\N	0
58568	10	10	50	21	3500	2013-03-07 11:45:13.939	2	7	9	\N	\N	\N	0
58569	10	10	50	21	3500	2013-03-07 11:45:14.164	2	7	9	\N	\N	\N	0
58570	10	10	50	21	3500	2013-03-07 11:45:14.405	2	7	9	\N	\N	\N	0
58571	10	10	50	21	3500	2013-03-07 11:45:14.681	2	7	9	\N	\N	\N	0
58572	10	10	50	21	3500	2013-03-07 11:45:14.94	2	7	9	\N	\N	\N	0
58573	10	10	50	21	3500	2013-03-07 11:45:15.2	2	7	9	\N	\N	\N	0
58574	10	10	50	21	3500	2013-03-07 11:45:15.856	2	7	9	\N	\N	\N	0
58575	10	10	50	21	3500	2013-03-07 11:45:16.323	2	7	9	\N	\N	\N	0
58576	10	10	50	21	3500	2013-03-07 11:45:16.781	2	7	9	\N	\N	\N	0
58577	10	10	50	21	3500	2013-03-07 11:45:17.03	2	7	9	\N	\N	\N	0
58578	10	10	50	21	3500	2013-03-07 11:45:17.271	2	7	9	\N	\N	\N	0
58579	10	10	50	21	3500	2013-03-07 11:45:17.546	2	7	9	\N	\N	\N	0
58580	10	10	50	21	3500	2013-03-07 11:45:17.803	2	7	9	\N	\N	\N	0
58581	10	10	50	21	3500	2013-03-07 11:45:18.077	2	7	9	\N	\N	\N	0
58582	10	10	50	21	3500	2013-03-07 11:45:18.297	2	7	9	\N	\N	\N	0
58583	10	10	50	21	3500	2013-03-07 11:45:18.552	2	7	9	\N	\N	\N	0
58584	10	10	50	21	3500	2013-03-07 11:45:18.82	2	7	9	\N	\N	\N	0
58585	10	10	50	21	3500	2013-03-07 11:45:19.066	2	7	9	\N	\N	\N	0
58586	10	10	50	21	3500	2013-03-07 11:45:19.302	2	7	9	\N	\N	\N	0
58587	10	10	50	21	3500	2013-03-07 11:45:19.551	2	7	9	\N	\N	\N	0
58588	10	10	50	21	3500	2013-03-07 11:45:19.87	2	7	9	\N	\N	\N	0
58589	10	10	50	21	3500	2013-03-07 11:45:20.237	2	7	9	\N	\N	\N	0
58590	10	10	50	21	3500	2013-03-07 11:45:20.501	2	7	9	\N	\N	\N	0
58591	10	10	50	21	3500	2013-03-07 11:45:20.783	2	7	9	\N	\N	\N	0
58592	10	10	50	21	3500	2013-03-07 11:45:21.352	2	7	9	\N	\N	\N	0
58593	10	10	50	21	3500	2013-03-07 11:45:21.783	2	7	9	\N	\N	\N	0
58594	10	10	50	21	3500	2013-03-07 11:45:22.083	2	7	9	\N	\N	\N	0
58595	10	10	50	21	3500	2013-03-07 11:45:22.39	2	7	9	\N	\N	\N	0
58596	10	10	50	21	3500	2013-03-07 11:45:22.676	2	7	9	\N	\N	\N	0
58597	10	10	50	21	3500	2013-03-07 11:45:23.029	2	7	9	\N	\N	\N	0
58598	10	10	50	21	3500	2013-03-07 11:45:23.311	2	7	9	\N	\N	\N	0
58599	10	10	50	21	3500	2013-03-07 11:45:23.568	2	7	9	\N	\N	\N	0
58600	10	10	50	21	3500	2013-03-07 11:45:23.789	2	7	9	\N	\N	\N	0
58601	10	10	50	21	3500	2013-03-07 11:45:24.017	2	7	9	\N	\N	\N	0
58602	10	10	50	21	3500	2013-03-07 11:45:24.258	2	7	9	\N	\N	\N	0
58603	10	10	50	21	3500	2013-03-07 11:46:29.73	2	7	7	\N	\N	\N	0
59000	10	\N	50	21	3600	2013-03-07 11:55:19.963	2	7	25	\N	\N	\N	0
59001	10	10	50	21	3600	2013-03-07 11:55:20.218	2	7	9	\N	\N	\N	0
59002	10	10	50	21	3600	2013-03-07 11:55:20.361	2	7	9	\N	\N	\N	0
59003	10	10	50	21	3600	2013-03-07 11:55:20.42	2	7	9	\N	\N	\N	0
59004	10	10	50	21	3600	2013-03-07 11:55:20.514	2	7	9	\N	\N	\N	0
59005	10	10	50	21	3600	2013-03-07 11:55:20.597	2	7	9	\N	\N	\N	0
59006	10	10	50	21	3600	2013-03-07 11:55:20.933	2	7	9	\N	\N	\N	0
59007	10	10	50	21	3600	2013-03-07 11:55:21.002	2	7	9	\N	\N	\N	0
59008	10	10	50	21	3600	2013-03-07 11:55:21.053	2	7	9	\N	\N	\N	0
59009	10	10	50	21	3600	2013-03-07 11:55:21.161	2	7	9	\N	\N	\N	0
59010	10	10	50	21	3600	2013-03-07 11:55:21.261	2	7	9	\N	\N	\N	0
59011	10	10	50	21	3600	2013-03-07 11:55:21.314	2	7	9	\N	\N	\N	0
59012	10	10	50	21	3600	2013-03-07 11:55:21.369	2	7	9	\N	\N	\N	0
59013	10	10	50	21	3600	2013-03-07 11:55:21.424	2	7	9	\N	\N	\N	0
59014	10	10	50	21	3600	2013-03-07 11:55:21.475	2	7	9	\N	\N	\N	0
59015	10	10	50	21	3600	2013-03-07 11:55:21.521	2	7	9	\N	\N	\N	0
59016	10	10	50	21	3600	2013-03-07 11:55:21.573	2	7	9	\N	\N	\N	0
59017	10	10	50	21	3600	2013-03-07 11:55:21.642	2	7	9	\N	\N	\N	0
59018	10	10	50	21	3600	2013-03-07 11:55:21.771	2	7	9	\N	\N	\N	0
59019	10	10	50	21	3600	2013-03-07 11:55:21.829	2	7	9	\N	\N	\N	0
59020	10	10	50	21	3600	2013-03-07 11:55:21.892	2	7	9	\N	\N	\N	0
59021	10	10	50	21	3600	2013-03-07 11:55:21.976	2	7	9	\N	\N	\N	0
59022	10	10	50	21	3600	2013-03-07 11:55:22.025	2	7	9	\N	\N	\N	0
59023	10	10	50	21	3600	2013-03-07 11:55:22.069	2	7	9	\N	\N	\N	0
59024	10	10	50	21	3600	2013-03-07 11:55:22.109	2	7	9	\N	\N	\N	0
59025	10	10	50	21	3600	2013-03-07 11:55:22.154	2	7	9	\N	\N	\N	0
59026	10	10	50	21	3600	2013-03-07 11:55:22.199	2	7	9	\N	\N	\N	0
59027	10	10	50	21	3600	2013-03-07 11:55:22.256	2	7	9	\N	\N	\N	0
59028	10	10	50	21	3600	2013-03-07 11:55:22.308	2	7	9	\N	\N	\N	0
59029	10	10	50	21	3600	2013-03-07 11:55:22.408	2	7	9	\N	\N	\N	0
59030	10	10	50	21	3600	2013-03-07 11:55:22.465	2	7	9	\N	\N	\N	0
59031	10	10	50	21	3600	2013-03-07 11:55:22.508	2	7	9	\N	\N	\N	0
59032	10	10	50	21	3600	2013-03-07 11:55:22.556	2	7	9	\N	\N	\N	0
59033	10	10	50	21	3600	2013-03-07 11:55:22.599	2	7	9	\N	\N	\N	0
59034	10	10	50	21	3600	2013-03-07 11:55:22.647	2	7	9	\N	\N	\N	0
59035	10	10	50	21	3600	2013-03-07 11:55:22.691	2	7	9	\N	\N	\N	0
59036	10	10	50	21	3600	2013-03-07 11:55:22.847	2	7	9	\N	\N	\N	0
59037	10	10	50	21	3600	2013-03-07 11:55:22.889	2	7	9	\N	\N	\N	0
59038	10	10	50	21	3600	2013-03-07 11:55:22.943	2	7	9	\N	\N	\N	0
59039	10	10	50	21	3600	2013-03-07 11:55:23.002	2	7	9	\N	\N	\N	0
59040	10	10	50	21	3600	2013-03-07 11:55:23.043	2	7	9	\N	\N	\N	0
59041	10	10	50	21	3600	2013-03-07 11:55:23.134	2	7	9	\N	\N	\N	0
59042	10	10	50	21	3600	2013-03-07 11:55:23.177	2	7	9	\N	\N	\N	0
59043	10	10	50	21	3600	2013-03-07 11:55:23.219	2	7	9	\N	\N	\N	0
59044	10	10	50	21	3600	2013-03-07 11:55:23.266	2	7	9	\N	\N	\N	0
59045	10	10	50	21	3600	2013-03-07 11:55:23.313	2	7	9	\N	\N	\N	0
59046	10	10	50	21	3600	2013-03-07 11:55:23.355	2	7	9	\N	\N	\N	0
59047	10	10	50	21	3600	2013-03-07 11:55:23.398	2	7	9	\N	\N	\N	0
59048	10	10	50	21	3600	2013-03-07 11:55:23.441	2	7	9	\N	\N	\N	0
59049	10	10	50	21	3600	2013-03-07 11:55:23.483	2	7	9	\N	\N	\N	0
59050	10	10	50	21	3600	2013-03-07 11:55:23.523	2	7	9	\N	\N	\N	0
59051	10	10	50	21	3600	2013-03-07 11:55:23.57	2	7	9	\N	\N	\N	0
59052	10	10	50	21	3600	2013-03-07 11:55:23.611	2	7	9	\N	\N	\N	0
59053	10	10	50	21	3600	2013-03-07 11:55:23.666	2	7	9	\N	\N	\N	0
59054	10	10	50	21	3600	2013-03-07 11:55:23.709	2	7	9	\N	\N	\N	0
59055	10	10	50	21	3600	2013-03-07 11:55:23.752	2	7	9	\N	\N	\N	0
59056	10	10	50	21	3600	2013-03-07 11:55:23.796	2	7	9	\N	\N	\N	0
59057	10	10	50	21	3600	2013-03-07 11:55:23.838	2	7	9	\N	\N	\N	0
59058	10	10	50	21	3600	2013-03-07 11:55:23.879	2	7	9	\N	\N	\N	0
59059	10	10	50	21	3600	2013-03-07 11:55:23.926	2	7	9	\N	\N	\N	0
59060	10	10	50	21	3600	2013-03-07 11:55:23.971	2	7	9	\N	\N	\N	0
59061	10	10	50	21	3600	2013-03-07 11:55:24.012	2	7	9	\N	\N	\N	0
59062	10	10	50	21	3600	2013-03-07 11:55:24.056	2	7	9	\N	\N	\N	0
59063	10	10	50	21	3600	2013-03-07 11:55:24.099	2	7	9	\N	\N	\N	0
59064	10	10	50	21	3600	2013-03-07 11:55:24.14	2	7	9	\N	\N	\N	0
59065	10	10	50	21	3600	2013-03-07 11:55:24.182	2	7	9	\N	\N	\N	0
59066	10	10	50	21	3600	2013-03-07 11:55:24.225	2	7	9	\N	\N	\N	0
59067	10	10	50	21	3600	2013-03-07 11:55:24.282	2	7	9	\N	\N	\N	0
59068	10	10	50	21	3600	2013-03-07 11:55:24.371	2	7	9	\N	\N	\N	0
59069	10	10	50	21	3600	2013-03-07 11:55:24.412	2	7	9	\N	\N	\N	0
59070	10	10	50	21	3600	2013-03-07 11:55:24.456	2	7	9	\N	\N	\N	0
59071	10	10	50	21	3600	2013-03-07 11:55:24.507	2	7	9	\N	\N	\N	0
59072	10	10	50	21	3600	2013-03-07 11:55:24.554	2	7	9	\N	\N	\N	0
59073	10	10	50	21	3600	2013-03-07 11:55:24.607	2	7	9	\N	\N	\N	0
59074	10	10	50	21	3600	2013-03-07 11:55:24.647	2	7	9	\N	\N	\N	0
59075	10	10	50	21	3600	2013-03-07 11:55:24.688	2	7	9	\N	\N	\N	0
59076	10	10	50	21	3600	2013-03-07 11:55:24.728	2	7	9	\N	\N	\N	0
59077	10	10	50	21	3600	2013-03-07 11:55:24.771	2	7	9	\N	\N	\N	0
59078	10	10	50	21	3600	2013-03-07 11:55:24.813	2	7	9	\N	\N	\N	0
59079	10	10	50	21	3600	2013-03-07 11:55:24.852	2	7	9	\N	\N	\N	0
59080	10	10	50	21	3600	2013-03-07 11:55:24.893	2	7	9	\N	\N	\N	0
59081	10	10	50	21	3600	2013-03-07 11:55:24.934	2	7	9	\N	\N	\N	0
59082	10	10	50	21	3600	2013-03-07 11:55:24.974	2	7	9	\N	\N	\N	0
59083	10	10	50	21	3600	2013-03-07 11:55:25.013	2	7	9	\N	\N	\N	0
59084	10	10	50	21	3600	2013-03-07 11:55:25.053	2	7	9	\N	\N	\N	0
59085	10	10	50	21	3600	2013-03-07 11:55:25.093	2	7	9	\N	\N	\N	0
59086	10	10	50	21	3600	2013-03-07 11:55:25.136	2	7	9	\N	\N	\N	0
59087	10	10	50	21	3600	2013-03-07 11:55:25.176	2	7	9	\N	\N	\N	0
59088	10	10	50	21	3600	2013-03-07 11:55:25.217	2	7	9	\N	\N	\N	0
59089	10	10	50	21	3600	2013-03-07 11:55:25.256	2	7	9	\N	\N	\N	0
59090	10	10	50	21	3600	2013-03-07 11:55:25.298	2	7	9	\N	\N	\N	0
59091	10	10	50	21	3600	2013-03-07 11:55:25.34	2	7	9	\N	\N	\N	0
59092	10	10	50	21	3600	2013-03-07 11:55:25.384	2	7	9	\N	\N	\N	0
59093	10	10	50	21	3600	2013-03-07 11:55:25.424	2	7	9	\N	\N	\N	0
59094	10	10	50	21	3600	2013-03-07 11:55:25.466	2	7	9	\N	\N	\N	0
59095	10	10	50	21	3600	2013-03-07 11:55:25.506	2	7	9	\N	\N	\N	0
59096	10	10	50	21	3600	2013-03-07 11:55:25.546	2	7	9	\N	\N	\N	0
59097	10	10	50	21	3600	2013-03-07 11:55:25.636	2	7	9	\N	\N	\N	0
59098	10	10	50	21	3600	2013-03-07 11:55:25.676	2	7	9	\N	\N	\N	0
59099	10	10	50	21	3600	2013-03-07 11:55:25.716	2	7	9	\N	\N	\N	0
59100	10	10	50	21	3600	2013-03-07 11:55:25.759	2	7	9	\N	\N	\N	0
59101	10	10	50	21	3600	2013-03-07 11:55:25.8	2	7	9	\N	\N	\N	0
59102	10	10	50	21	3600	2013-03-07 11:55:25.842	2	7	9	\N	\N	\N	0
59103	10	10	50	21	3600	2013-03-07 11:55:25.882	2	7	9	\N	\N	\N	0
59104	10	10	50	21	3600	2013-03-07 11:55:25.922	2	7	9	\N	\N	\N	0
59105	10	10	50	21	3600	2013-03-07 11:55:25.965	2	7	9	\N	\N	\N	0
59109	10	10	50	21	3600	2013-03-07 11:55:26.177	2	7	9	\N	\N	\N	0
59110	10	10	50	21	3600	2013-03-07 11:55:26.222	2	7	9	\N	\N	\N	0
59112	10	10	50	21	3600	2013-03-07 11:55:26.317	2	7	9	\N	\N	\N	0
59115	10	10	50	21	3600	2013-03-07 11:55:26.448	2	7	9	\N	\N	\N	0
59116	10	10	50	21	3600	2013-03-07 11:55:26.493	2	7	9	\N	\N	\N	0
59119	10	10	50	21	3600	2013-03-07 11:55:26.643	2	7	9	\N	\N	\N	0
59121	10	10	50	21	3600	2013-03-07 11:55:26.737	2	7	9	\N	\N	\N	0
59134	10	10	50	21	3600	2013-03-07 11:55:27.341	2	7	9	\N	\N	\N	0
59145	10	10	50	21	3600	2013-03-07 11:55:27.798	2	7	9	\N	\N	\N	0
59146	10	10	50	21	3600	2013-03-07 11:55:27.839	2	7	9	\N	\N	\N	0
59147	10	10	50	21	3600	2013-03-07 11:55:27.881	2	7	9	\N	\N	\N	0
59148	10	10	50	21	3600	2013-03-07 11:55:27.921	2	7	9	\N	\N	\N	0
59149	10	10	50	21	3600	2013-03-07 11:55:27.999	2	7	9	\N	\N	\N	0
59150	10	10	50	21	3600	2013-03-07 11:55:28.039	2	7	9	\N	\N	\N	0
59151	10	10	50	21	3600	2013-03-07 11:55:28.082	2	7	9	\N	\N	\N	0
59155	10	10	50	21	3600	2013-03-07 11:55:28.284	2	7	9	\N	\N	\N	0
59157	10	10	50	21	3600	2013-03-07 11:55:28.375	2	7	9	\N	\N	\N	0
59158	10	10	50	21	3600	2013-03-07 11:55:28.416	2	7	9	\N	\N	\N	0
59159	10	10	50	21	3600	2013-03-07 11:55:28.463	2	7	9	\N	\N	\N	0
59160	10	10	50	21	3600	2013-03-07 11:55:28.517	2	7	9	\N	\N	\N	0
59161	10	10	50	21	3600	2013-03-07 11:55:28.559	2	7	9	\N	\N	\N	0
59162	10	10	50	21	3600	2013-03-07 11:55:28.601	2	7	9	\N	\N	\N	0
59163	10	10	50	21	3600	2013-03-07 11:55:28.641	2	7	9	\N	\N	\N	0
59164	10	10	50	21	3600	2013-03-07 11:55:28.689	2	7	9	\N	\N	\N	0
59165	10	10	50	21	3600	2013-03-07 11:55:28.734	2	7	9	\N	\N	\N	0
59166	10	10	50	21	3600	2013-03-07 11:55:28.792	2	7	9	\N	\N	\N	0
59167	10	10	50	21	3600	2013-03-07 11:55:28.86	2	7	9	\N	\N	\N	0
59168	10	10	50	21	3600	2013-03-07 11:55:28.901	2	7	9	\N	\N	\N	0
59169	10	10	50	21	3600	2013-03-07 11:55:28.95	2	7	9	\N	\N	\N	0
59170	10	10	50	21	3600	2013-03-07 11:55:28.992	2	7	9	\N	\N	\N	0
59171	10	10	50	21	3600	2013-03-07 11:55:29.035	2	7	9	\N	\N	\N	0
59172	10	10	50	21	3600	2013-03-07 11:55:29.077	2	7	9	\N	\N	\N	0
59173	10	10	50	21	3600	2013-03-07 11:55:29.145	2	7	9	\N	\N	\N	0
59174	10	10	50	21	3600	2013-03-07 11:55:29.193	2	7	9	\N	\N	\N	0
59175	10	10	50	21	3600	2013-03-07 11:55:29.234	2	7	9	\N	\N	\N	0
59176	10	10	50	21	3600	2013-03-07 11:55:29.276	2	7	9	\N	\N	\N	0
59177	10	10	50	21	3600	2013-03-07 11:55:29.318	2	7	9	\N	\N	\N	0
59178	10	10	50	21	3600	2013-03-07 11:55:29.358	2	7	9	\N	\N	\N	0
59187	10	10	50	21	3600	2013-03-07 11:55:29.758	2	7	9	\N	\N	\N	0
59188	10	10	50	21	3600	2013-03-07 11:55:29.805	2	7	9	\N	\N	\N	0
59189	10	10	50	21	3600	2013-03-07 11:55:29.85	2	7	9	\N	\N	\N	0
59192	10	10	50	21	3600	2013-03-07 11:55:29.985	2	7	9	\N	\N	\N	0
59194	10	10	50	21	3600	2013-03-07 11:55:30.118	2	7	9	\N	\N	\N	0
59196	10	10	50	21	3600	2013-03-07 11:55:30.233	2	7	9	\N	\N	\N	0
59199	10	10	50	21	3600	2013-03-07 11:55:30.406	2	7	9	\N	\N	\N	0
59201	10	10	50	21	3600	2013-03-07 11:55:30.537	2	7	9	\N	\N	\N	0
59202	10	10	50	21	3600	2013-03-07 11:55:30.591	2	7	9	\N	\N	\N	0
59204	10	10	50	21	3600	2013-03-07 11:55:30.689	2	7	9	\N	\N	\N	0
59205	10	10	50	21	3600	2013-03-07 11:55:30.731	2	7	9	\N	\N	\N	0
59206	10	10	50	21	3600	2013-03-07 11:55:30.787	2	7	9	\N	\N	\N	0
59211	10	10	50	21	3600	2013-03-07 11:55:31.007	2	7	9	\N	\N	\N	0
59212	10	10	50	21	3600	2013-03-07 11:55:31.064	2	7	9	\N	\N	\N	0
59213	10	10	50	21	3600	2013-03-07 11:55:31.113	2	7	9	\N	\N	\N	0
59214	10	10	50	21	3600	2013-03-07 11:55:31.169	2	7	9	\N	\N	\N	0
59216	10	10	50	21	3600	2013-03-07 11:55:31.277	2	7	9	\N	\N	\N	0
59223	10	10	50	21	3600	2013-03-07 11:55:31.62	2	7	9	\N	\N	\N	0
59225	10	10	50	21	3600	2013-03-07 11:55:31.716	2	7	9	\N	\N	\N	0
59232	10	10	50	21	3600	2013-03-07 11:55:32.032	2	7	9	\N	\N	\N	0
59233	10	10	50	21	3600	2013-03-07 11:55:32.073	2	7	9	\N	\N	\N	0
59234	10	10	50	21	3600	2013-03-07 11:55:32.116	2	7	9	\N	\N	\N	0
59235	10	10	50	21	3600	2013-03-07 11:55:32.157	2	7	9	\N	\N	\N	0
59236	10	10	50	21	3600	2013-03-07 11:55:32.199	2	7	9	\N	\N	\N	0
59239	10	10	50	21	3600	2013-03-07 11:55:32.365	2	7	9	\N	\N	\N	0
59241	10	10	50	21	3600	2013-03-07 11:55:32.464	2	7	9	\N	\N	\N	0
59243	10	10	50	21	3600	2013-03-07 11:55:32.586	2	7	9	\N	\N	\N	0
59244	10	10	50	21	3600	2013-03-07 11:55:32.652	2	7	9	\N	\N	\N	0
59247	10	10	50	21	3600	2013-03-07 11:55:32.802	2	7	9	\N	\N	\N	0
59249	10	10	50	21	3600	2013-03-07 11:55:32.901	2	7	9	\N	\N	\N	0
59250	10	10	50	21	3600	2013-03-07 11:55:32.943	2	7	9	\N	\N	\N	0
59252	10	10	50	21	3600	2013-03-07 11:55:33.031	2	7	9	\N	\N	\N	0
59253	10	10	50	21	3600	2013-03-07 11:55:33.085	2	7	9	\N	\N	\N	0
59257	10	10	50	21	3600	2013-03-07 11:55:33.28	2	7	9	\N	\N	\N	0
59267	10	10	50	21	3600	2013-03-07 11:55:33.747	2	7	9	\N	\N	\N	0
59268	10	10	50	21	3600	2013-03-07 11:55:33.798	2	7	9	\N	\N	\N	0
59271	10	10	50	21	3600	2013-03-07 11:55:33.95	2	7	9	\N	\N	\N	0
59273	10	10	50	21	3600	2013-03-07 11:55:34.049	2	7	9	\N	\N	\N	0
59276	10	10	50	21	3600	2013-03-07 11:55:34.188	2	7	9	\N	\N	\N	0
59279	10	10	50	21	3600	2013-03-07 11:55:34.339	2	7	9	\N	\N	\N	0
59282	10	10	50	21	3600	2013-03-07 11:55:34.474	2	7	9	\N	\N	\N	0
59291	10	10	50	21	3600	2013-03-07 11:55:34.898	2	7	9	\N	\N	\N	0
59292	10	10	50	21	3600	2013-03-07 11:55:34.939	2	7	9	\N	\N	\N	0
59293	10	10	50	21	3600	2013-03-07 11:55:34.982	2	7	9	\N	\N	\N	0
59294	10	10	50	21	3600	2013-03-07 11:55:35.023	2	7	9	\N	\N	\N	0
59295	10	10	50	21	3600	2013-03-07 11:55:35.067	2	7	9	\N	\N	\N	0
59296	10	10	50	21	3600	2013-03-07 11:55:35.11	2	7	9	\N	\N	\N	0
59297	10	10	50	21	3600	2013-03-07 11:55:35.151	2	7	9	\N	\N	\N	0
59298	10	10	50	21	3600	2013-03-07 11:55:35.192	2	7	9	\N	\N	\N	0
59299	10	10	50	21	3600	2013-03-07 11:55:35.234	2	7	9	\N	\N	\N	0
59311	10	10	50	21	3600	2013-03-07 11:55:35.765	2	7	9	\N	\N	\N	0
59312	10	10	50	21	3600	2013-03-07 11:55:35.808	2	7	9	\N	\N	\N	0
59106	10	10	50	21	3600	2013-03-07 11:55:26.013	2	7	9	\N	\N	\N	0
59107	10	10	50	21	3600	2013-03-07 11:55:26.061	2	7	9	\N	\N	\N	0
59108	10	10	50	21	3600	2013-03-07 11:55:26.105	2	7	9	\N	\N	\N	0
59111	10	10	50	21	3600	2013-03-07 11:55:26.271	2	7	9	\N	\N	\N	0
59113	10	10	50	21	3600	2013-03-07 11:55:26.362	2	7	9	\N	\N	\N	0
59114	10	10	50	21	3600	2013-03-07 11:55:26.405	2	7	9	\N	\N	\N	0
59117	10	10	50	21	3600	2013-03-07 11:55:26.548	2	7	9	\N	\N	\N	0
59118	10	10	50	21	3600	2013-03-07 11:55:26.595	2	7	9	\N	\N	\N	0
59120	10	10	50	21	3600	2013-03-07 11:55:26.691	2	7	9	\N	\N	\N	0
59122	10	10	50	21	3600	2013-03-07 11:55:26.784	2	7	9	\N	\N	\N	0
59123	10	10	50	21	3600	2013-03-07 11:55:26.874	2	7	9	\N	\N	\N	0
59124	10	10	50	21	3600	2013-03-07 11:55:26.915	2	7	9	\N	\N	\N	0
59125	10	10	50	21	3600	2013-03-07 11:55:26.955	2	7	9	\N	\N	\N	0
59126	10	10	50	21	3600	2013-03-07 11:55:26.996	2	7	9	\N	\N	\N	0
59127	10	10	50	21	3600	2013-03-07 11:55:27.038	2	7	9	\N	\N	\N	0
59128	10	10	50	21	3600	2013-03-07 11:55:27.079	2	7	9	\N	\N	\N	0
59129	10	10	50	21	3600	2013-03-07 11:55:27.119	2	7	9	\N	\N	\N	0
59130	10	10	50	21	3600	2013-03-07 11:55:27.16	2	7	9	\N	\N	\N	0
59131	10	10	50	21	3600	2013-03-07 11:55:27.202	2	7	9	\N	\N	\N	0
59132	10	10	50	21	3600	2013-03-07 11:55:27.242	2	7	9	\N	\N	\N	0
59133	10	10	50	21	3600	2013-03-07 11:55:27.291	2	7	9	\N	\N	\N	0
59135	10	10	50	21	3600	2013-03-07 11:55:27.382	2	7	9	\N	\N	\N	0
59136	10	10	50	21	3600	2013-03-07 11:55:27.426	2	7	9	\N	\N	\N	0
59137	10	10	50	21	3600	2013-03-07 11:55:27.468	2	7	9	\N	\N	\N	0
59138	10	10	50	21	3600	2013-03-07 11:55:27.509	2	7	9	\N	\N	\N	0
59139	10	10	50	21	3600	2013-03-07 11:55:27.549	2	7	9	\N	\N	\N	0
59140	10	10	50	21	3600	2013-03-07 11:55:27.59	2	7	9	\N	\N	\N	0
59141	10	10	50	21	3600	2013-03-07 11:55:27.632	2	7	9	\N	\N	\N	0
59142	10	10	50	21	3600	2013-03-07 11:55:27.673	2	7	9	\N	\N	\N	0
59143	10	10	50	21	3600	2013-03-07 11:55:27.713	2	7	9	\N	\N	\N	0
59144	10	10	50	21	3600	2013-03-07 11:55:27.754	2	7	9	\N	\N	\N	0
59152	10	10	50	21	3600	2013-03-07 11:55:28.126	2	7	9	\N	\N	\N	0
59153	10	10	50	21	3600	2013-03-07 11:55:28.169	2	7	9	\N	\N	\N	0
59154	10	10	50	21	3600	2013-03-07 11:55:28.241	2	7	9	\N	\N	\N	0
59156	10	10	50	21	3600	2013-03-07 11:55:28.332	2	7	9	\N	\N	\N	0
59179	10	10	50	21	3600	2013-03-07 11:55:29.4	2	7	9	\N	\N	\N	0
59180	10	10	50	21	3600	2013-03-07 11:55:29.463	2	7	9	\N	\N	\N	0
59181	10	10	50	21	3600	2013-03-07 11:55:29.507	2	7	9	\N	\N	\N	0
59182	10	10	50	21	3600	2013-03-07 11:55:29.549	2	7	9	\N	\N	\N	0
59183	10	10	50	21	3600	2013-03-07 11:55:29.591	2	7	9	\N	\N	\N	0
59184	10	10	50	21	3600	2013-03-07 11:55:29.632	2	7	9	\N	\N	\N	0
59185	10	10	50	21	3600	2013-03-07 11:55:29.676	2	7	9	\N	\N	\N	0
59186	10	10	50	21	3600	2013-03-07 11:55:29.716	2	7	9	\N	\N	\N	0
59190	10	10	50	21	3600	2013-03-07 11:55:29.895	2	7	9	\N	\N	\N	0
59191	10	10	50	21	3600	2013-03-07 11:55:29.94	2	7	9	\N	\N	\N	0
59193	10	10	50	21	3600	2013-03-07 11:55:30.066	2	7	9	\N	\N	\N	0
59195	10	10	50	21	3600	2013-03-07 11:55:30.162	2	7	9	\N	\N	\N	0
59197	10	10	50	21	3600	2013-03-07 11:55:30.292	2	7	9	\N	\N	\N	0
59198	10	10	50	21	3600	2013-03-07 11:55:30.345	2	7	9	\N	\N	\N	0
59200	10	10	50	21	3600	2013-03-07 11:55:30.471	2	7	9	\N	\N	\N	0
59203	10	10	50	21	3600	2013-03-07 11:55:30.644	2	7	9	\N	\N	\N	0
59207	10	10	50	21	3600	2013-03-07 11:55:30.83	2	7	9	\N	\N	\N	0
59208	10	10	50	21	3600	2013-03-07 11:55:30.871	2	7	9	\N	\N	\N	0
59209	10	10	50	21	3600	2013-03-07 11:55:30.913	2	7	9	\N	\N	\N	0
59210	10	10	50	21	3600	2013-03-07 11:55:30.954	2	7	9	\N	\N	\N	0
59215	10	10	50	21	3600	2013-03-07 11:55:31.224	2	7	9	\N	\N	\N	0
59217	10	10	50	21	3600	2013-03-07 11:55:31.326	2	7	9	\N	\N	\N	0
59218	10	10	50	21	3600	2013-03-07 11:55:31.373	2	7	9	\N	\N	\N	0
59219	10	10	50	21	3600	2013-03-07 11:55:31.426	2	7	9	\N	\N	\N	0
59220	10	10	50	21	3600	2013-03-07 11:55:31.469	2	7	9	\N	\N	\N	0
59221	10	10	50	21	3600	2013-03-07 11:55:31.522	2	7	9	\N	\N	\N	0
59222	10	10	50	21	3600	2013-03-07 11:55:31.566	2	7	9	\N	\N	\N	0
59224	10	10	50	21	3600	2013-03-07 11:55:31.672	2	7	9	\N	\N	\N	0
59226	10	10	50	21	3600	2013-03-07 11:55:31.765	2	7	9	\N	\N	\N	0
59227	10	10	50	21	3600	2013-03-07 11:55:31.813	2	7	9	\N	\N	\N	0
59228	10	10	50	21	3600	2013-03-07 11:55:31.855	2	7	9	\N	\N	\N	0
59229	10	10	50	21	3600	2013-03-07 11:55:31.899	2	7	9	\N	\N	\N	0
59230	10	10	50	21	3600	2013-03-07 11:55:31.95	2	7	9	\N	\N	\N	0
59231	10	10	50	21	3600	2013-03-07 11:55:31.991	2	7	9	\N	\N	\N	0
59237	10	10	50	21	3600	2013-03-07 11:55:32.251	2	7	9	\N	\N	\N	0
59238	10	10	50	21	3600	2013-03-07 11:55:32.304	2	7	9	\N	\N	\N	0
59240	10	10	50	21	3600	2013-03-07 11:55:32.416	2	7	9	\N	\N	\N	0
59242	10	10	50	21	3600	2013-03-07 11:55:32.536	2	7	9	\N	\N	\N	0
59245	10	10	50	21	3600	2013-03-07 11:55:32.699	2	7	9	\N	\N	\N	0
59246	10	10	50	21	3600	2013-03-07 11:55:32.745	2	7	9	\N	\N	\N	0
59248	10	10	50	21	3600	2013-03-07 11:55:32.854	2	7	9	\N	\N	\N	0
59251	10	10	50	21	3600	2013-03-07 11:55:32.986	2	7	9	\N	\N	\N	0
59254	10	10	50	21	3600	2013-03-07 11:55:33.129	2	7	9	\N	\N	\N	0
59255	10	10	50	21	3600	2013-03-07 11:55:33.171	2	7	9	\N	\N	\N	0
59256	10	10	50	21	3600	2013-03-07 11:55:33.218	2	7	9	\N	\N	\N	0
59258	10	10	50	21	3600	2013-03-07 11:55:33.36	2	7	9	\N	\N	\N	0
59259	10	10	50	21	3600	2013-03-07 11:55:33.401	2	7	9	\N	\N	\N	0
59260	10	10	50	21	3600	2013-03-07 11:55:33.443	2	7	9	\N	\N	\N	0
59261	10	10	50	21	3600	2013-03-07 11:55:33.484	2	7	9	\N	\N	\N	0
59262	10	10	50	21	3600	2013-03-07 11:55:33.526	2	7	9	\N	\N	\N	0
59263	10	10	50	21	3600	2013-03-07 11:55:33.575	2	7	9	\N	\N	\N	0
59264	10	10	50	21	3600	2013-03-07 11:55:33.615	2	7	9	\N	\N	\N	0
59265	10	10	50	21	3600	2013-03-07 11:55:33.659	2	7	9	\N	\N	\N	0
59266	10	10	50	21	3600	2013-03-07 11:55:33.703	2	7	9	\N	\N	\N	0
59269	10	10	50	21	3600	2013-03-07 11:55:33.857	2	7	9	\N	\N	\N	0
59270	10	10	50	21	3600	2013-03-07 11:55:33.905	2	7	9	\N	\N	\N	0
59272	10	10	50	21	3600	2013-03-07 11:55:33.999	2	7	9	\N	\N	\N	0
59274	10	10	50	21	3600	2013-03-07 11:55:34.096	2	7	9	\N	\N	\N	0
59275	10	10	50	21	3600	2013-03-07 11:55:34.143	2	7	9	\N	\N	\N	0
59277	10	10	50	21	3600	2013-03-07 11:55:34.235	2	7	9	\N	\N	\N	0
59278	10	10	50	21	3600	2013-03-07 11:55:34.294	2	7	9	\N	\N	\N	0
59280	10	10	50	21	3600	2013-03-07 11:55:34.383	2	7	9	\N	\N	\N	0
59281	10	10	50	21	3600	2013-03-07 11:55:34.428	2	7	9	\N	\N	\N	0
59283	10	10	50	21	3600	2013-03-07 11:55:34.528	2	7	9	\N	\N	\N	0
59284	10	10	50	21	3600	2013-03-07 11:55:34.588	2	7	9	\N	\N	\N	0
59285	10	10	50	21	3600	2013-03-07 11:55:34.63	2	7	9	\N	\N	\N	0
59286	10	10	50	21	3600	2013-03-07 11:55:34.672	2	7	9	\N	\N	\N	0
59287	10	10	50	21	3600	2013-03-07 11:55:34.714	2	7	9	\N	\N	\N	0
59288	10	10	50	21	3600	2013-03-07 11:55:34.755	2	7	9	\N	\N	\N	0
59289	10	10	50	21	3600	2013-03-07 11:55:34.798	2	7	9	\N	\N	\N	0
59290	10	10	50	21	3600	2013-03-07 11:55:34.842	2	7	9	\N	\N	\N	0
59300	10	10	50	21	3600	2013-03-07 11:55:35.279	2	7	9	\N	\N	\N	0
59301	10	10	50	21	3600	2013-03-07 11:55:35.323	2	7	9	\N	\N	\N	0
59302	10	10	50	21	3600	2013-03-07 11:55:35.366	2	7	9	\N	\N	\N	0
59303	10	10	50	21	3600	2013-03-07 11:55:35.415	2	7	9	\N	\N	\N	0
59304	10	10	50	21	3600	2013-03-07 11:55:35.456	2	7	9	\N	\N	\N	0
59305	10	10	50	21	3600	2013-03-07 11:55:35.501	2	7	9	\N	\N	\N	0
59306	10	10	50	21	3600	2013-03-07 11:55:35.543	2	7	9	\N	\N	\N	0
59307	10	10	50	21	3600	2013-03-07 11:55:35.585	2	7	9	\N	\N	\N	0
59308	10	10	50	21	3600	2013-03-07 11:55:35.63	2	7	9	\N	\N	\N	0
59309	10	10	50	21	3600	2013-03-07 11:55:35.675	2	7	9	\N	\N	\N	0
59310	10	10	50	21	3600	2013-03-07 11:55:35.716	2	7	9	\N	\N	\N	0
59313	10	10	50	21	3600	2013-03-07 11:55:35.858	2	7	9	\N	\N	\N	0
59314	10	10	50	21	3600	2013-03-07 11:55:35.903	2	7	9	\N	\N	\N	0
59315	10	10	50	21	3600	2013-03-07 11:55:35.947	2	7	9	\N	\N	\N	0
59316	10	10	50	21	3600	2013-03-07 11:55:35.996	2	7	9	\N	\N	\N	0
59317	10	10	50	21	3600	2013-03-07 11:55:36.045	2	7	9	\N	\N	\N	0
59318	10	10	50	21	3600	2013-03-07 11:55:36.093	2	7	9	\N	\N	\N	0
59319	10	10	50	21	3600	2013-03-07 11:55:36.135	2	7	9	\N	\N	\N	0
59320	10	10	50	21	3600	2013-03-07 11:55:36.18	2	7	9	\N	\N	\N	0
59321	10	10	50	21	3600	2013-03-07 11:55:36.222	2	7	9	\N	\N	\N	0
59322	10	10	50	21	3600	2013-03-07 11:55:36.272	2	7	9	\N	\N	\N	0
59323	10	10	50	21	3600	2013-03-07 11:55:36.322	2	7	9	\N	\N	\N	0
59324	10	10	50	21	3600	2013-03-07 11:55:36.365	2	7	9	\N	\N	\N	0
59325	10	10	50	21	3600	2013-03-07 11:55:36.407	2	7	9	\N	\N	\N	0
59326	10	10	50	21	3600	2013-03-07 11:55:36.451	2	7	9	\N	\N	\N	0
59327	10	10	50	21	3600	2013-03-07 11:55:36.493	2	7	9	\N	\N	\N	0
59328	10	10	50	21	3600	2013-03-07 11:55:36.538	2	7	9	\N	\N	\N	0
59329	10	10	50	21	3600	2013-03-07 11:55:36.58	2	7	9	\N	\N	\N	0
59330	10	10	50	21	3600	2013-03-07 11:55:36.622	2	7	9	\N	\N	\N	0
59331	10	10	50	21	3600	2013-03-07 11:55:36.667	2	7	9	\N	\N	\N	0
59332	10	10	50	21	3600	2013-03-07 11:55:36.709	2	7	9	\N	\N	\N	0
59333	10	10	50	21	3600	2013-03-07 11:55:36.751	2	7	9	\N	\N	\N	0
59334	10	10	50	21	3600	2013-03-07 11:55:36.795	2	7	9	\N	\N	\N	0
59335	10	10	50	21	3600	2013-03-07 11:55:36.839	2	7	9	\N	\N	\N	0
59336	10	10	50	21	3600	2013-03-07 11:55:36.883	2	7	9	\N	\N	\N	0
59337	10	10	50	21	3600	2013-03-07 11:55:36.936	2	7	9	\N	\N	\N	0
59338	10	10	50	21	3600	2013-03-07 11:55:36.979	2	7	9	\N	\N	\N	0
59339	10	10	50	21	3600	2013-03-07 11:55:37.021	2	7	9	\N	\N	\N	0
59340	10	10	50	21	3600	2013-03-07 11:55:37.064	2	7	9	\N	\N	\N	0
59341	10	10	50	21	3600	2013-03-07 11:55:37.107	2	7	9	\N	\N	\N	0
59342	10	10	50	21	3600	2013-03-07 11:55:37.15	2	7	9	\N	\N	\N	0
59343	10	10	50	21	3600	2013-03-07 11:55:37.2	2	7	9	\N	\N	\N	0
59344	10	10	50	21	3600	2013-03-07 11:55:37.247	2	7	9	\N	\N	\N	0
59345	10	10	50	21	3600	2013-03-07 11:55:37.296	2	7	9	\N	\N	\N	0
59346	10	10	50	21	3600	2013-03-07 11:55:37.339	2	7	9	\N	\N	\N	0
59347	10	10	50	21	3600	2013-03-07 11:55:37.383	2	7	9	\N	\N	\N	0
59348	10	10	50	21	3600	2013-03-07 11:55:37.426	2	7	9	\N	\N	\N	0
59349	10	10	50	21	3600	2013-03-07 11:55:37.48	2	7	9	\N	\N	\N	0
59350	10	10	50	21	3600	2013-03-07 11:55:37.533	2	7	9	\N	\N	\N	0
59351	10	10	50	21	3600	2013-03-07 11:55:37.584	2	7	9	\N	\N	\N	0
59352	10	10	50	21	3600	2013-03-07 11:55:37.638	2	7	9	\N	\N	\N	0
59353	10	10	50	21	3600	2013-03-07 11:55:37.708	2	7	9	\N	\N	\N	0
59354	10	10	50	21	3600	2013-03-07 11:55:37.755	2	7	9	\N	\N	\N	0
59355	10	10	50	21	3600	2013-03-07 11:55:37.807	2	7	9	\N	\N	\N	0
59356	10	10	50	21	3600	2013-03-07 11:55:37.859	2	7	9	\N	\N	\N	0
59357	10	10	50	21	3600	2013-03-07 11:55:37.912	2	7	9	\N	\N	\N	0
59358	10	10	50	21	3600	2013-03-07 11:55:37.962	2	7	9	\N	\N	\N	0
59359	10	10	50	21	3600	2013-03-07 11:55:38.013	2	7	9	\N	\N	\N	0
59360	10	10	50	21	3600	2013-03-07 11:55:38.071	2	7	9	\N	\N	\N	0
59361	10	10	50	21	3600	2013-03-07 11:55:38.129	2	7	9	\N	\N	\N	0
59362	10	10	50	21	3600	2013-03-07 11:55:38.187	2	7	9	\N	\N	\N	0
59363	10	10	50	21	3600	2013-03-07 11:55:38.239	2	7	9	\N	\N	\N	0
59364	10	10	50	21	3600	2013-03-07 11:55:38.289	2	7	9	\N	\N	\N	0
59365	10	10	50	21	3600	2013-03-07 11:55:38.335	2	7	9	\N	\N	\N	0
59366	10	10	50	21	3600	2013-03-07 11:55:38.386	2	7	9	\N	\N	\N	0
59367	10	10	50	21	3600	2013-03-07 11:55:38.431	2	7	9	\N	\N	\N	0
59368	10	10	50	21	3600	2013-03-07 11:55:38.475	2	7	9	\N	\N	\N	0
59369	10	10	50	21	3600	2013-03-07 11:55:38.519	2	7	9	\N	\N	\N	0
59370	10	10	50	21	3600	2013-03-07 11:55:38.563	2	7	9	\N	\N	\N	0
59371	10	10	50	21	3600	2013-03-07 11:55:38.614	2	7	9	\N	\N	\N	0
59372	10	10	50	21	3600	2013-03-07 11:55:38.659	2	7	9	\N	\N	\N	0
59373	10	10	50	21	3600	2013-03-07 11:55:38.703	2	7	9	\N	\N	\N	0
59374	10	10	50	21	3600	2013-03-07 11:55:38.747	2	7	9	\N	\N	\N	0
59375	10	10	50	21	3600	2013-03-07 11:55:38.795	2	7	9	\N	\N	\N	0
59376	10	10	50	21	3600	2013-03-07 11:55:38.838	2	7	9	\N	\N	\N	0
59377	10	10	50	21	3600	2013-03-07 11:55:38.882	2	7	9	\N	\N	\N	0
59378	10	10	50	21	3600	2013-03-07 11:55:38.934	2	7	9	\N	\N	\N	0
59379	10	10	50	21	3600	2013-03-07 11:55:38.982	2	7	9	\N	\N	\N	0
59380	10	10	50	21	3600	2013-03-07 11:55:39.025	2	7	9	\N	\N	\N	0
59381	10	10	50	21	3600	2013-03-07 11:55:39.071	2	7	9	\N	\N	\N	0
59382	10	10	50	21	3600	2013-03-07 11:55:39.116	2	7	9	\N	\N	\N	0
59383	10	10	50	21	3600	2013-03-07 11:55:39.161	2	7	9	\N	\N	\N	0
59384	10	10	50	21	3600	2013-03-07 11:55:39.206	2	7	9	\N	\N	\N	0
59385	10	10	50	21	3600	2013-03-07 11:55:39.25	2	7	9	\N	\N	\N	0
59386	10	10	50	21	3600	2013-03-07 11:55:39.297	2	7	9	\N	\N	\N	0
59387	10	10	50	21	3600	2013-03-07 11:55:39.342	2	7	9	\N	\N	\N	0
59388	10	10	50	21	3600	2013-03-07 11:55:39.387	2	7	9	\N	\N	\N	0
59389	10	10	50	21	3600	2013-03-07 11:55:39.431	2	7	9	\N	\N	\N	0
59390	10	10	50	21	3600	2013-03-07 11:55:39.476	2	7	9	\N	\N	\N	0
59391	10	10	50	21	3600	2013-03-07 11:55:39.519	2	7	9	\N	\N	\N	0
59392	10	10	50	21	3600	2013-03-07 11:55:39.564	2	7	9	\N	\N	\N	0
59393	10	10	50	21	3600	2013-03-07 11:55:39.608	2	7	9	\N	\N	\N	0
59394	10	10	50	21	3600	2013-03-07 11:55:39.651	2	7	9	\N	\N	\N	0
59395	10	10	50	21	3600	2013-03-07 11:55:39.698	2	7	9	\N	\N	\N	0
59396	10	10	50	21	3600	2013-03-07 11:55:39.751	2	7	9	\N	\N	\N	0
59397	10	10	50	21	3600	2013-03-07 11:55:39.797	2	7	9	\N	\N	\N	0
59398	10	10	50	21	3600	2013-03-07 11:55:39.842	2	7	9	\N	\N	\N	0
59399	10	10	50	21	3600	2013-03-07 11:55:39.887	2	7	9	\N	\N	\N	0
59400	10	10	50	21	3600	2013-03-07 11:55:39.935	2	7	9	\N	\N	\N	0
59401	10	10	50	21	3600	2013-03-07 11:55:39.989	2	7	9	\N	\N	\N	0
59406	10	10	50	21	3600	2013-03-07 11:55:40.229	2	7	9	\N	\N	\N	0
59407	10	10	50	21	3600	2013-03-07 11:55:40.273	2	7	9	\N	\N	\N	0
59408	10	10	50	21	3600	2013-03-07 11:55:40.325	2	7	9	\N	\N	\N	0
59409	10	10	50	21	3600	2013-03-07 11:55:40.37	2	7	9	\N	\N	\N	0
59410	10	10	50	21	3600	2013-03-07 11:55:40.417	2	7	9	\N	\N	\N	0
59411	10	10	50	21	3600	2013-03-07 11:55:40.461	2	7	9	\N	\N	\N	0
59412	10	10	50	21	3600	2013-03-07 11:55:40.507	2	7	9	\N	\N	\N	0
59413	10	10	50	21	3600	2013-03-07 11:55:40.551	2	7	9	\N	\N	\N	0
59414	10	10	50	21	3600	2013-03-07 11:55:40.605	2	7	9	\N	\N	\N	0
59415	10	10	50	21	3600	2013-03-07 11:55:40.649	2	7	9	\N	\N	\N	0
59416	10	10	50	21	3600	2013-03-07 11:55:40.694	2	7	9	\N	\N	\N	0
59417	10	10	50	21	3600	2013-03-07 11:55:40.738	2	7	9	\N	\N	\N	0
59418	10	10	50	21	3600	2013-03-07 11:55:40.784	2	7	9	\N	\N	\N	0
59419	10	10	50	21	3600	2013-03-07 11:55:40.829	2	7	9	\N	\N	\N	0
59420	10	10	50	21	3600	2013-03-07 11:55:40.875	2	7	9	\N	\N	\N	0
59421	10	10	50	21	3600	2013-03-07 11:55:40.919	2	7	9	\N	\N	\N	0
59422	10	10	50	21	3600	2013-03-07 11:55:40.963	2	7	9	\N	\N	\N	0
59423	10	10	50	21	3600	2013-03-07 11:55:41.008	2	7	9	\N	\N	\N	0
59424	10	10	50	21	3600	2013-03-07 11:55:41.053	2	7	9	\N	\N	\N	0
59425	10	10	50	21	3600	2013-03-07 11:55:41.097	2	7	9	\N	\N	\N	0
59428	10	10	50	21	3600	2013-03-07 11:55:41.231	2	7	9	\N	\N	\N	0
59429	10	10	50	21	3600	2013-03-07 11:55:41.278	2	7	9	\N	\N	\N	0
59430	10	10	50	21	3600	2013-03-07 11:55:41.324	2	7	9	\N	\N	\N	0
59431	10	10	50	21	3600	2013-03-07 11:55:41.367	2	7	9	\N	\N	\N	0
59432	10	10	50	21	3600	2013-03-07 11:55:41.423	2	7	9	\N	\N	\N	0
59434	10	10	50	21	3600	2013-03-07 11:55:41.531	2	7	9	\N	\N	\N	0
59435	10	10	50	21	3600	2013-03-07 11:55:41.579	2	7	9	\N	\N	\N	0
59436	10	10	50	21	3600	2013-03-07 11:55:41.631	2	7	9	\N	\N	\N	0
59437	10	10	50	21	3600	2013-03-07 11:55:41.681	2	7	9	\N	\N	\N	0
59439	10	10	50	21	3600	2013-03-07 11:55:41.798	2	7	9	\N	\N	\N	0
59441	10	10	50	21	3600	2013-03-07 11:55:41.898	2	7	9	\N	\N	\N	0
59442	10	10	50	21	3600	2013-03-07 11:55:41.947	2	7	9	\N	\N	\N	0
59444	10	10	50	21	3600	2013-03-07 11:55:42.045	2	7	9	\N	\N	\N	0
59445	10	10	50	21	3600	2013-03-07 11:55:42.094	2	7	9	\N	\N	\N	0
59447	10	10	50	21	3600	2013-03-07 11:55:42.193	2	7	9	\N	\N	\N	0
59448	10	10	50	21	3600	2013-03-07 11:55:42.247	2	7	9	\N	\N	\N	0
59449	10	10	50	21	3600	2013-03-07 11:55:42.292	2	7	9	\N	\N	\N	0
59450	10	10	50	21	3600	2013-03-07 11:55:42.337	2	7	9	\N	\N	\N	0
59451	10	10	50	21	3600	2013-03-07 11:55:42.382	2	7	9	\N	\N	\N	0
59452	10	10	50	21	3600	2013-03-07 11:55:42.427	2	7	9	\N	\N	\N	0
59453	10	10	50	21	3600	2013-03-07 11:55:42.473	2	7	9	\N	\N	\N	0
59467	10	10	50	21	3600	2013-03-07 11:55:43.133	2	7	9	\N	\N	\N	0
59468	10	10	50	21	3600	2013-03-07 11:55:43.18	2	7	9	\N	\N	\N	0
59469	10	10	50	21	3600	2013-03-07 11:55:43.227	2	7	9	\N	\N	\N	0
59470	10	10	50	21	3600	2013-03-07 11:55:43.272	2	7	9	\N	\N	\N	0
59471	10	10	50	21	3600	2013-03-07 11:55:43.318	2	7	9	\N	\N	\N	0
59472	10	10	50	21	3600	2013-03-07 11:55:43.363	2	7	9	\N	\N	\N	0
59473	10	10	50	21	3600	2013-03-07 11:55:43.411	2	7	9	\N	\N	\N	0
59474	10	10	50	21	3600	2013-03-07 11:55:43.457	2	7	9	\N	\N	\N	0
59475	10	10	50	21	3600	2013-03-07 11:55:43.504	2	7	9	\N	\N	\N	0
59476	10	10	50	21	3600	2013-03-07 11:55:43.549	2	7	9	\N	\N	\N	0
59477	10	10	50	21	3600	2013-03-07 11:55:43.596	2	7	9	\N	\N	\N	0
59478	10	10	50	21	3600	2013-03-07 11:55:43.642	2	7	9	\N	\N	\N	0
59479	10	10	50	21	3600	2013-03-07 11:55:43.688	2	7	9	\N	\N	\N	0
59480	10	10	50	21	3600	2013-03-07 11:55:43.735	2	7	9	\N	\N	\N	0
59481	10	10	50	21	3600	2013-03-07 11:55:43.782	2	7	9	\N	\N	\N	0
59482	10	10	50	21	3600	2013-03-07 11:55:43.842	2	7	9	\N	\N	\N	0
59483	10	10	50	21	3600	2013-03-07 11:55:43.888	2	7	9	\N	\N	\N	0
59484	10	10	50	21	3600	2013-03-07 11:55:43.934	2	7	9	\N	\N	\N	0
59485	10	10	50	21	3600	2013-03-07 11:55:43.98	2	7	9	\N	\N	\N	0
59497	10	10	50	21	3600	2013-03-07 11:55:44.586	2	7	9	\N	\N	\N	0
59498	10	10	50	21	3600	2013-03-07 11:55:44.634	2	7	9	\N	\N	\N	0
59499	10	10	50	21	3600	2013-03-07 11:55:44.69	2	7	9	\N	\N	\N	0
59500	10	10	50	21	3600	2013-03-07 11:55:44.743	2	7	9	\N	\N	\N	0
59501	10	10	50	21	3600	2013-03-07 11:55:44.792	2	7	9	\N	\N	\N	0
59502	10	10	50	21	3600	2013-03-07 11:55:44.842	2	7	9	\N	\N	\N	0
59503	10	10	50	21	3600	2013-03-07 11:55:44.888	2	7	9	\N	\N	\N	0
59504	10	10	50	21	3600	2013-03-07 11:55:44.936	2	7	9	\N	\N	\N	0
59505	10	10	50	21	3600	2013-03-07 11:55:44.984	2	7	9	\N	\N	\N	0
59510	10	10	50	21	3600	2013-03-07 11:55:45.223	2	7	9	\N	\N	\N	0
59511	10	10	50	21	3600	2013-03-07 11:55:45.275	2	7	9	\N	\N	\N	0
59514	10	10	50	21	3600	2013-03-07 11:55:45.433	2	7	9	\N	\N	\N	0
59515	10	10	50	21	3600	2013-03-07 11:55:45.495	2	7	9	\N	\N	\N	0
59517	10	10	50	21	3600	2013-03-07 11:55:45.6	2	7	9	\N	\N	\N	0
59519	10	10	50	21	3600	2013-03-07 11:55:45.704	2	7	9	\N	\N	\N	0
59521	10	10	50	21	3600	2013-03-07 11:55:45.811	2	7	9	\N	\N	\N	0
59522	10	10	50	21	3600	2013-03-07 11:55:45.865	2	7	9	\N	\N	\N	0
59524	10	10	50	21	3600	2013-03-07 11:55:45.996	2	7	9	\N	\N	\N	0
59525	10	10	50	21	3600	2013-03-07 11:55:46.049	2	7	9	\N	\N	\N	0
59526	10	10	50	21	3600	2013-03-07 11:55:46.096	2	7	9	\N	\N	\N	0
59527	10	10	50	21	3600	2013-03-07 11:55:46.143	2	7	9	\N	\N	\N	0
59556	10	10	50	21	3600	2013-03-07 11:55:47.667	2	7	9	\N	\N	\N	0
59557	10	10	50	21	3600	2013-03-07 11:55:47.714	2	7	9	\N	\N	\N	0
59565	10	10	50	21	3600	2013-03-07 11:55:48.112	2	7	9	\N	\N	\N	0
59570	10	10	50	21	3600	2013-03-07 11:55:48.377	2	7	9	\N	\N	\N	0
59402	10	10	50	21	3600	2013-03-07 11:55:40.046	2	7	9	\N	\N	\N	0
59403	10	10	50	21	3600	2013-03-07 11:55:40.094	2	7	9	\N	\N	\N	0
59404	10	10	50	21	3600	2013-03-07 11:55:40.138	2	7	9	\N	\N	\N	0
59405	10	10	50	21	3600	2013-03-07 11:55:40.184	2	7	9	\N	\N	\N	0
59426	10	10	50	21	3600	2013-03-07 11:55:41.143	2	7	9	\N	\N	\N	0
59427	10	10	50	21	3600	2013-03-07 11:55:41.187	2	7	9	\N	\N	\N	0
59433	10	10	50	21	3600	2013-03-07 11:55:41.47	2	7	9	\N	\N	\N	0
59438	10	10	50	21	3600	2013-03-07 11:55:41.733	2	7	9	\N	\N	\N	0
59440	10	10	50	21	3600	2013-03-07 11:55:41.847	2	7	9	\N	\N	\N	0
59443	10	10	50	21	3600	2013-03-07 11:55:41.995	2	7	9	\N	\N	\N	0
59446	10	10	50	21	3600	2013-03-07 11:55:42.145	2	7	9	\N	\N	\N	0
59454	10	10	50	21	3600	2013-03-07 11:55:42.523	2	7	9	\N	\N	\N	0
59455	10	10	50	21	3600	2013-03-07 11:55:42.568	2	7	9	\N	\N	\N	0
59456	10	10	50	21	3600	2013-03-07 11:55:42.614	2	7	9	\N	\N	\N	0
59457	10	10	50	21	3600	2013-03-07 11:55:42.66	2	7	9	\N	\N	\N	0
59458	10	10	50	21	3600	2013-03-07 11:55:42.705	2	7	9	\N	\N	\N	0
59459	10	10	50	21	3600	2013-03-07 11:55:42.751	2	7	9	\N	\N	\N	0
59460	10	10	50	21	3600	2013-03-07 11:55:42.796	2	7	9	\N	\N	\N	0
59461	10	10	50	21	3600	2013-03-07 11:55:42.842	2	7	9	\N	\N	\N	0
59462	10	10	50	21	3600	2013-03-07 11:55:42.888	2	7	9	\N	\N	\N	0
59463	10	10	50	21	3600	2013-03-07 11:55:42.933	2	7	9	\N	\N	\N	0
59464	10	10	50	21	3600	2013-03-07 11:55:42.978	2	7	9	\N	\N	\N	0
59465	10	10	50	21	3600	2013-03-07 11:55:43.025	2	7	9	\N	\N	\N	0
59466	10	10	50	21	3600	2013-03-07 11:55:43.078	2	7	9	\N	\N	\N	0
59486	10	10	50	21	3600	2013-03-07 11:55:44.026	2	7	9	\N	\N	\N	0
59487	10	10	50	21	3600	2013-03-07 11:55:44.074	2	7	9	\N	\N	\N	0
59488	10	10	50	21	3600	2013-03-07 11:55:44.122	2	7	9	\N	\N	\N	0
59489	10	10	50	21	3600	2013-03-07 11:55:44.168	2	7	9	\N	\N	\N	0
59490	10	10	50	21	3600	2013-03-07 11:55:44.214	2	7	9	\N	\N	\N	0
59491	10	10	50	21	3600	2013-03-07 11:55:44.261	2	7	9	\N	\N	\N	0
59492	10	10	50	21	3600	2013-03-07 11:55:44.309	2	7	9	\N	\N	\N	0
59493	10	10	50	21	3600	2013-03-07 11:55:44.354	2	7	9	\N	\N	\N	0
59494	10	10	50	21	3600	2013-03-07 11:55:44.401	2	7	9	\N	\N	\N	0
59495	10	10	50	21	3600	2013-03-07 11:55:44.449	2	7	9	\N	\N	\N	0
59496	10	10	50	21	3600	2013-03-07 11:55:44.502	2	7	9	\N	\N	\N	0
59506	10	10	50	21	3600	2013-03-07 11:55:45.031	2	7	9	\N	\N	\N	0
59507	10	10	50	21	3600	2013-03-07 11:55:45.079	2	7	9	\N	\N	\N	0
59508	10	10	50	21	3600	2013-03-07 11:55:45.126	2	7	9	\N	\N	\N	0
59509	10	10	50	21	3600	2013-03-07 11:55:45.173	2	7	9	\N	\N	\N	0
59512	10	10	50	21	3600	2013-03-07 11:55:45.328	2	7	9	\N	\N	\N	0
59513	10	10	50	21	3600	2013-03-07 11:55:45.379	2	7	9	\N	\N	\N	0
59516	10	10	50	21	3600	2013-03-07 11:55:45.548	2	7	9	\N	\N	\N	0
59518	10	10	50	21	3600	2013-03-07 11:55:45.651	2	7	9	\N	\N	\N	0
59520	10	10	50	21	3600	2013-03-07 11:55:45.76	2	7	9	\N	\N	\N	0
59523	10	10	50	21	3600	2013-03-07 11:55:45.92	2	7	9	\N	\N	\N	0
59528	10	10	50	21	3600	2013-03-07 11:55:46.198	2	7	9	\N	\N	\N	0
59529	10	10	50	21	3600	2013-03-07 11:55:46.247	2	7	9	\N	\N	\N	0
59530	10	10	50	21	3600	2013-03-07 11:55:46.294	2	7	9	\N	\N	\N	0
59531	10	10	50	21	3600	2013-03-07 11:55:46.344	2	7	9	\N	\N	\N	0
59532	10	10	50	21	3600	2013-03-07 11:55:46.4	2	7	9	\N	\N	\N	0
59533	10	10	50	21	3600	2013-03-07 11:55:46.448	2	7	9	\N	\N	\N	0
59534	10	10	50	21	3600	2013-03-07 11:55:46.495	2	7	9	\N	\N	\N	0
59535	10	10	50	21	3600	2013-03-07 11:55:46.625	2	7	9	\N	\N	\N	0
59536	10	10	50	21	3600	2013-03-07 11:55:46.673	2	7	9	\N	\N	\N	0
59537	10	10	50	21	3600	2013-03-07 11:55:46.72	2	7	9	\N	\N	\N	0
59538	10	10	50	21	3600	2013-03-07 11:55:46.77	2	7	9	\N	\N	\N	0
59539	10	10	50	21	3600	2013-03-07 11:55:46.817	2	7	9	\N	\N	\N	0
59540	10	10	50	21	3600	2013-03-07 11:55:46.863	2	7	9	\N	\N	\N	0
59541	10	10	50	21	3600	2013-03-07 11:55:46.911	2	7	9	\N	\N	\N	0
59542	10	10	50	21	3600	2013-03-07 11:55:46.97	2	7	9	\N	\N	\N	0
59543	10	10	50	21	3600	2013-03-07 11:55:47.02	2	7	9	\N	\N	\N	0
59544	10	10	50	21	3600	2013-03-07 11:55:47.067	2	7	9	\N	\N	\N	0
59545	10	10	50	21	3600	2013-03-07 11:55:47.115	2	7	9	\N	\N	\N	0
59546	10	10	50	21	3600	2013-03-07 11:55:47.163	2	7	9	\N	\N	\N	0
59547	10	10	50	21	3600	2013-03-07 11:55:47.21	2	7	9	\N	\N	\N	0
59548	10	10	50	21	3600	2013-03-07 11:55:47.259	2	7	9	\N	\N	\N	0
59549	10	10	50	21	3600	2013-03-07 11:55:47.316	2	7	9	\N	\N	\N	0
59550	10	10	50	21	3600	2013-03-07 11:55:47.365	2	7	9	\N	\N	\N	0
59551	10	10	50	21	3600	2013-03-07 11:55:47.413	2	7	9	\N	\N	\N	0
59552	10	10	50	21	3600	2013-03-07 11:55:47.461	2	7	9	\N	\N	\N	0
59553	10	10	50	21	3600	2013-03-07 11:55:47.509	2	7	9	\N	\N	\N	0
59554	10	10	50	21	3600	2013-03-07 11:55:47.559	2	7	9	\N	\N	\N	0
59555	10	10	50	21	3600	2013-03-07 11:55:47.608	2	7	9	\N	\N	\N	0
59558	10	10	50	21	3600	2013-03-07 11:55:47.765	2	7	9	\N	\N	\N	0
59559	10	10	50	21	3600	2013-03-07 11:55:47.814	2	7	9	\N	\N	\N	0
59560	10	10	50	21	3600	2013-03-07 11:55:47.865	2	7	9	\N	\N	\N	0
59561	10	10	50	21	3600	2013-03-07 11:55:47.913	2	7	9	\N	\N	\N	0
59562	10	10	50	21	3600	2013-03-07 11:55:47.962	2	7	9	\N	\N	\N	0
59563	10	10	50	21	3600	2013-03-07 11:55:48.011	2	7	9	\N	\N	\N	0
59564	10	10	50	21	3600	2013-03-07 11:55:48.06	2	7	9	\N	\N	\N	0
59566	10	10	50	21	3600	2013-03-07 11:55:48.178	2	7	9	\N	\N	\N	0
59567	10	10	50	21	3600	2013-03-07 11:55:48.226	2	7	9	\N	\N	\N	0
59568	10	10	50	21	3600	2013-03-07 11:55:48.276	2	7	9	\N	\N	\N	0
59569	10	10	50	21	3600	2013-03-07 11:55:48.327	2	7	9	\N	\N	\N	0
59575	10	10	50	21	3600	2013-03-07 11:55:48.628	2	7	9	\N	\N	\N	0
59576	10	10	50	21	3600	2013-03-07 11:55:48.679	2	7	9	\N	\N	\N	0
59577	10	10	50	21	3600	2013-03-07 11:55:48.727	2	7	9	\N	\N	\N	0
59579	10	10	50	21	3600	2013-03-07 11:55:48.839	2	7	9	\N	\N	\N	0
59580	10	10	50	21	3600	2013-03-07 11:55:48.888	2	7	9	\N	\N	\N	0
59581	10	10	50	21	3600	2013-03-07 11:55:48.941	2	7	9	\N	\N	\N	0
59586	10	10	50	21	3600	2013-03-07 11:55:49.301	2	7	9	\N	\N	\N	0
59587	10	10	50	21	3600	2013-03-07 11:55:49.372	2	7	9	\N	\N	\N	0
59589	10	10	50	21	3600	2013-03-07 11:55:49.491	2	7	9	\N	\N	\N	0
59592	10	10	50	21	3600	2013-03-07 11:55:49.664	2	7	9	\N	\N	\N	0
59593	10	10	50	21	3600	2013-03-07 11:55:49.73	2	7	9	\N	\N	\N	0
59571	10	10	50	21	3600	2013-03-07 11:55:48.43	2	7	9	\N	\N	\N	0
59572	10	10	50	21	3600	2013-03-07 11:55:48.481	2	7	9	\N	\N	\N	0
59573	10	10	50	21	3600	2013-03-07 11:55:48.53	2	7	9	\N	\N	\N	0
59574	10	10	50	21	3600	2013-03-07 11:55:48.579	2	7	9	\N	\N	\N	0
59578	10	10	50	21	3600	2013-03-07 11:55:48.779	2	7	9	\N	\N	\N	0
59582	10	10	50	21	3600	2013-03-07 11:55:49.02	2	7	9	\N	\N	\N	0
59583	10	10	50	21	3600	2013-03-07 11:55:49.098	2	7	9	\N	\N	\N	0
59584	10	10	50	21	3600	2013-03-07 11:55:49.159	2	7	9	\N	\N	\N	0
59585	10	10	50	21	3600	2013-03-07 11:55:49.232	2	7	9	\N	\N	\N	0
59588	10	10	50	21	3600	2013-03-07 11:55:49.439	2	7	9	\N	\N	\N	0
59590	10	10	50	21	3600	2013-03-07 11:55:49.556	2	7	9	\N	\N	\N	0
59591	10	10	50	21	3600	2013-03-07 11:55:49.609	2	7	9	\N	\N	\N	0
59594	10	10	50	21	3600	2013-03-07 11:55:49.797	2	7	9	\N	\N	\N	0
59595	10	10	50	21	3600	2013-03-07 11:55:49.853	2	7	9	\N	\N	\N	0
59596	10	10	50	21	3600	2013-03-07 11:55:49.905	2	7	9	\N	\N	\N	0
59597	10	10	50	21	3600	2013-03-07 11:55:49.968	2	7	9	\N	\N	\N	0
59598	10	10	50	21	3600	2013-03-07 11:55:50.025	2	7	9	\N	\N	\N	0
59599	10	10	50	21	3600	2013-03-07 11:55:50.076	2	7	9	\N	\N	\N	0
59600	10	10	50	21	3600	2013-03-07 11:55:50.128	2	7	9	\N	\N	\N	0
59601	10	10	50	21	3600	2013-03-07 11:55:50.179	2	7	9	\N	\N	\N	0
59603	10	10	\N	25	70	2013-03-07 11:56:40.405	2	11	25	\N	\N	\N	0
59604	10	10	50	21	3600	2013-03-07 12:00:07.189	2	7	7	\N	\N	\N	0
60000	10	\N	50	21	3700	2013-03-07 12:14:13.108	2	7	25	\N	\N	\N	0
60001	10	10	50	21	3700	2013-03-07 12:16:34.146	2	7	9	\N	\N	\N	0
60002	10	10	50	21	3700	2013-03-07 12:41:49.349	2	7	9	\N	\N	\N	0
60003	10	10	50	21	3700	2013-03-07 12:42:40.987	2	7	9	\N	\N	\N	0
60004	10	10	50	21	3700	2013-03-07 12:43:28.543	2	7	9	\N	\N	\N	0
60005	10	10	50	21	3700	2013-03-07 12:43:56.413	2	7	9	\N	\N	\N	0
60006	10	10	\N	25	80	2013-03-07 12:44:24.552	2	11	25	\N	\N	\N	0
60007	10	10	\N	25	70	2013-03-07 12:46:29.167	2	11	9	\N	\N	\N	0
60008	10	10	\N	25	80	2013-03-07 12:46:37.564	2	11	9	\N	\N	\N	0
61000	10	10	\N	14	800	2013-03-07 13:20:02.292	2	3	7	\N	\N	\N	0
62000	10	\N	50	21	3800	2013-03-07 13:28:56.272	2	7	25	\N	\N	\N	0
63000	10	10	50	21	3800	2013-03-07 15:14:03.151	2	7	9	\N	\N	\N	0
64000	10	10	50	21	3800	2013-03-07 16:12:35.183	2	7	9	\N	\N	\N	0
65000	10	10	50	21	3800	2013-03-08 10:37:27.323	2	7	7	\N	\N	\N	0
66000	10	10	\N	34	100	2013-03-08 10:54:14.07	2	1	9	\N	\N	\N	0
67000	10	\N	50	21	3900	2013-03-08 10:58:39.813	2	7	25	\N	\N	\N	0
67001	10	10	50	21	3900	2013-03-08 10:58:40.11	2	7	9	\N	\N	\N	0
67002	10	10	50	21	3900	2013-03-08 10:58:40.342	2	7	9	\N	\N	\N	0
67003	10	10	50	21	3900	2013-03-08 10:58:40.651	2	7	9	\N	\N	\N	0
67004	10	10	50	21	3900	2013-03-08 10:58:40.781	2	7	9	\N	\N	\N	0
67005	10	10	50	21	3900	2013-03-08 10:58:40.976	2	7	9	\N	\N	\N	0
67006	10	10	50	21	3900	2013-03-08 10:58:41.084	2	7	9	\N	\N	\N	0
67007	10	10	50	21	3900	2013-03-08 10:58:41.2	2	7	9	\N	\N	\N	0
67008	10	10	50	21	3900	2013-03-08 10:58:41.306	2	7	9	\N	\N	\N	0
67009	10	10	50	21	3900	2013-03-08 10:58:41.419	2	7	9	\N	\N	\N	0
67010	10	10	50	21	3900	2013-03-08 10:58:41.519	2	7	9	\N	\N	\N	0
67011	10	10	50	21	3900	2013-03-08 10:58:41.615	2	7	9	\N	\N	\N	0
67012	10	10	50	21	3900	2013-03-08 10:58:41.717	2	7	9	\N	\N	\N	0
67013	10	10	50	21	3900	2013-03-08 10:58:41.814	2	7	9	\N	\N	\N	0
67014	10	10	50	21	3900	2013-03-08 10:58:41.918	2	7	9	\N	\N	\N	0
67015	10	10	50	21	3900	2013-03-08 10:58:42.071	2	7	9	\N	\N	\N	0
67016	10	10	50	21	3900	2013-03-08 10:58:42.205	2	7	9	\N	\N	\N	0
67017	10	10	50	21	3900	2013-03-08 10:58:42.306	2	7	9	\N	\N	\N	0
67018	10	10	50	21	3900	2013-03-08 10:58:42.407	2	7	9	\N	\N	\N	0
67019	10	10	50	21	3900	2013-03-08 10:58:42.496	2	7	9	\N	\N	\N	0
67020	10	10	50	21	3900	2013-03-08 10:58:42.583	2	7	9	\N	\N	\N	0
67021	10	10	50	21	3900	2013-03-08 10:58:42.676	2	7	9	\N	\N	\N	0
67022	10	10	50	21	3900	2013-03-08 10:58:42.775	2	7	9	\N	\N	\N	0
67023	10	10	50	21	3900	2013-03-08 10:58:42.868	2	7	9	\N	\N	\N	0
67024	10	10	50	21	3900	2013-03-08 10:58:42.96	2	7	9	\N	\N	\N	0
67025	10	10	50	21	3900	2013-03-08 10:58:43.054	2	7	9	\N	\N	\N	0
67026	10	10	50	21	3900	2013-03-08 10:58:43.141	2	7	9	\N	\N	\N	0
67027	10	10	50	21	3900	2013-03-08 10:58:43.227	2	7	9	\N	\N	\N	0
67028	10	10	50	21	3900	2013-03-08 10:58:43.317	2	7	9	\N	\N	\N	0
67029	10	10	50	21	3900	2013-03-08 10:58:43.431	2	7	9	\N	\N	\N	0
67030	10	10	50	21	3900	2013-03-08 10:58:43.525	2	7	9	\N	\N	\N	0
67031	10	10	50	21	3900	2013-03-08 10:58:43.612	2	7	9	\N	\N	\N	0
67032	10	10	50	21	3900	2013-03-08 10:58:43.701	2	7	9	\N	\N	\N	0
67033	10	10	50	21	3900	2013-03-08 10:58:43.788	2	7	9	\N	\N	\N	0
67034	10	10	50	21	3900	2013-03-08 10:58:43.875	2	7	9	\N	\N	\N	0
67035	10	10	50	21	3900	2013-03-08 10:58:43.962	2	7	9	\N	\N	\N	0
67036	10	10	50	21	3900	2013-03-08 10:58:44.052	2	7	9	\N	\N	\N	0
67037	10	10	50	21	3900	2013-03-08 10:58:44.141	2	7	9	\N	\N	\N	0
67038	10	10	50	21	3900	2013-03-08 10:58:44.229	2	7	9	\N	\N	\N	0
67039	10	10	50	21	3900	2013-03-08 10:58:44.318	2	7	9	\N	\N	\N	0
67040	10	10	50	21	3900	2013-03-08 10:58:44.407	2	7	9	\N	\N	\N	0
67041	10	10	50	21	3900	2013-03-08 10:58:44.552	2	7	9	\N	\N	\N	0
67042	10	10	50	21	3900	2013-03-08 10:58:44.685	2	7	9	\N	\N	\N	0
67043	10	10	50	21	3900	2013-03-08 10:58:44.81	2	7	9	\N	\N	\N	0
67044	10	10	50	21	3900	2013-03-08 10:58:44.92	2	7	9	\N	\N	\N	0
67045	10	10	50	21	3900	2013-03-08 10:58:45.02	2	7	9	\N	\N	\N	0
67046	10	10	50	21	3900	2013-03-08 10:58:45.143	2	7	9	\N	\N	\N	0
67047	10	10	50	21	3900	2013-03-08 10:58:45.262	2	7	9	\N	\N	\N	0
67048	10	10	50	21	3900	2013-03-08 10:58:45.35	2	7	9	\N	\N	\N	0
67049	10	10	50	21	3900	2013-03-08 10:58:45.44	2	7	9	\N	\N	\N	0
67050	10	10	50	21	3900	2013-03-08 10:58:45.528	2	7	9	\N	\N	\N	0
67051	10	10	50	21	3900	2013-03-08 10:58:45.617	2	7	9	\N	\N	\N	0
67052	10	10	50	21	3900	2013-03-08 10:58:46.202	2	7	9	\N	\N	\N	0
67053	10	10	50	21	3900	2013-03-08 10:58:46.317	2	7	9	\N	\N	\N	0
67054	10	10	50	21	3900	2013-03-08 10:58:46.406	2	7	9	\N	\N	\N	0
67055	10	10	50	21	3900	2013-03-08 10:58:46.498	2	7	9	\N	\N	\N	0
67056	10	10	50	21	3900	2013-03-08 10:58:46.588	2	7	9	\N	\N	\N	0
67057	10	10	50	21	3900	2013-03-08 10:58:46.678	2	7	9	\N	\N	\N	0
67058	10	10	50	21	3900	2013-03-08 10:58:46.773	2	7	9	\N	\N	\N	0
67059	10	10	50	21	3900	2013-03-08 10:58:46.864	2	7	9	\N	\N	\N	0
67070	10	10	50	21	3900	2013-03-08 10:58:47.971	2	7	9	\N	\N	\N	0
67071	10	10	50	21	3900	2013-03-08 10:58:48.067	2	7	9	\N	\N	\N	0
67072	10	10	50	21	3900	2013-03-08 10:58:48.156	2	7	9	\N	\N	\N	0
67074	10	10	50	21	3900	2013-03-08 10:58:48.358	2	7	9	\N	\N	\N	0
67077	10	10	50	21	3900	2013-03-08 10:58:48.728	2	7	9	\N	\N	\N	0
67080	10	10	50	21	3900	2013-03-08 10:58:49.059	2	7	9	\N	\N	\N	0
67086	10	10	50	21	3900	2013-03-08 10:58:49.61	2	7	9	\N	\N	\N	0
67087	10	10	50	21	3900	2013-03-08 10:58:49.699	2	7	9	\N	\N	\N	0
67088	10	10	50	21	3900	2013-03-08 10:58:49.818	2	7	9	\N	\N	\N	0
67089	10	10	50	21	3900	2013-03-08 10:58:49.912	2	7	9	\N	\N	\N	0
67090	10	10	50	21	3900	2013-03-08 10:58:50.003	2	7	9	\N	\N	\N	0
67091	10	10	50	21	3900	2013-03-08 10:58:50.094	2	7	9	\N	\N	\N	0
67092	10	10	50	21	3900	2013-03-08 10:58:50.193	2	7	9	\N	\N	\N	0
67093	10	10	50	21	3900	2013-03-08 10:58:50.301	2	7	9	\N	\N	\N	0
67094	10	10	50	21	3900	2013-03-08 10:58:50.394	2	7	9	\N	\N	\N	0
67101	10	10	50	21	3900	2013-03-08 10:58:51.115	2	7	9	\N	\N	\N	0
67104	10	10	50	21	3900	2013-03-08 10:58:51.447	2	7	9	\N	\N	\N	0
67108	10	10	50	21	3900	2013-03-08 10:58:51.847	2	7	9	\N	\N	\N	0
67109	10	10	50	21	3900	2013-03-08 10:58:51.952	2	7	9	\N	\N	\N	0
67111	10	10	50	21	3900	2013-03-08 10:58:52.211	2	7	9	\N	\N	\N	0
67113	10	10	50	21	3900	2013-03-08 10:58:52.477	2	7	9	\N	\N	\N	0
67116	10	10	50	21	3900	2013-03-08 10:58:52.806	2	7	9	\N	\N	\N	0
67117	10	10	50	21	3900	2013-03-08 10:58:52.902	2	7	9	\N	\N	\N	0
67118	10	10	50	21	3900	2013-03-08 10:58:52.999	2	7	9	\N	\N	\N	0
67119	10	10	50	21	3900	2013-03-08 10:58:53.096	2	7	9	\N	\N	\N	0
67120	10	10	50	21	3900	2013-03-08 10:58:53.219	2	7	9	\N	\N	\N	0
67121	10	10	50	21	3900	2013-03-08 10:58:53.311	2	7	9	\N	\N	\N	0
67122	10	10	50	21	3900	2013-03-08 10:58:53.407	2	7	9	\N	\N	\N	0
67123	10	10	50	21	3900	2013-03-08 10:58:53.505	2	7	9	\N	\N	\N	0
67124	10	10	50	21	3900	2013-03-08 10:58:53.598	2	7	9	\N	\N	\N	0
67125	10	10	50	21	3900	2013-03-08 10:58:53.693	2	7	9	\N	\N	\N	0
67126	10	10	50	21	3900	2013-03-08 10:58:53.787	2	7	9	\N	\N	\N	0
67127	10	10	50	21	3900	2013-03-08 10:58:53.883	2	7	9	\N	\N	\N	0
67128	10	10	50	21	3900	2013-03-08 10:58:53.978	2	7	9	\N	\N	\N	0
67136	10	10	50	21	3900	2013-03-08 10:58:54.774	2	7	9	\N	\N	\N	0
67137	10	10	50	21	3900	2013-03-08 10:58:54.868	2	7	9	\N	\N	\N	0
67138	10	10	50	21	3900	2013-03-08 10:58:54.965	2	7	9	\N	\N	\N	0
67139	10	10	50	21	3900	2013-03-08 10:58:55.07	2	7	9	\N	\N	\N	0
67140	10	10	50	21	3900	2013-03-08 10:58:55.164	2	7	9	\N	\N	\N	0
67141	10	10	50	21	3900	2013-03-08 10:58:55.256	2	7	9	\N	\N	\N	0
67147	10	10	50	21	3900	2013-03-08 10:58:55.86	2	7	9	\N	\N	\N	0
67149	10	10	50	21	3900	2013-03-08 10:58:56.075	2	7	9	\N	\N	\N	0
67151	10	10	50	21	3900	2013-03-08 10:58:56.304	2	7	9	\N	\N	\N	0
67153	10	10	50	21	3900	2013-03-08 10:58:56.53	2	7	9	\N	\N	\N	0
67160	10	10	50	21	3900	2013-03-08 10:58:57.218	2	7	9	\N	\N	\N	0
67162	10	10	50	21	3900	2013-03-08 10:58:57.422	2	7	9	\N	\N	\N	0
67163	10	10	50	21	3900	2013-03-08 10:58:57.53	2	7	9	\N	\N	\N	0
67164	10	10	50	21	3900	2013-03-08 10:58:57.622	2	7	9	\N	\N	\N	0
67165	10	10	50	21	3900	2013-03-08 10:58:57.715	2	7	9	\N	\N	\N	0
67166	10	10	50	21	3900	2013-03-08 10:58:57.812	2	7	9	\N	\N	\N	0
67167	10	10	50	21	3900	2013-03-08 10:58:57.907	2	7	9	\N	\N	\N	0
67185	10	10	50	21	3900	2013-03-08 10:58:59.692	2	7	9	\N	\N	\N	0
67187	10	10	50	21	3900	2013-03-08 10:58:59.949	2	7	9	\N	\N	\N	0
67189	10	10	50	21	3900	2013-03-08 10:59:00.182	2	7	9	\N	\N	\N	0
67191	10	10	50	21	3900	2013-03-08 10:59:00.401	2	7	9	\N	\N	\N	0
67192	10	10	50	21	3900	2013-03-08 10:59:00.529	2	7	9	\N	\N	\N	0
67193	10	10	50	21	3900	2013-03-08 10:59:00.627	2	7	9	\N	\N	\N	0
67194	10	10	50	21	3900	2013-03-08 10:59:00.756	2	7	9	\N	\N	\N	0
67195	10	10	50	21	3900	2013-03-08 10:59:00.948	2	7	9	\N	\N	\N	0
67196	10	10	50	21	3900	2013-03-08 10:59:01.044	2	7	9	\N	\N	\N	0
67197	10	10	50	21	3900	2013-03-08 10:59:01.149	2	7	9	\N	\N	\N	0
67199	10	10	50	21	3900	2013-03-08 10:59:01.39	2	7	9	\N	\N	\N	0
67201	10	10	50	21	3900	2013-03-08 10:59:01.634	2	7	9	\N	\N	\N	0
67203	10	10	50	21	3900	2013-03-08 10:59:01.908	2	7	9	\N	\N	\N	0
67355	10	10	50	21	3900	2013-03-08 10:59:20.263	2	7	9	\N	\N	\N	0
67356	10	10	50	21	3900	2013-03-08 10:59:20.461	2	7	9	\N	\N	\N	0
67358	10	10	50	21	3900	2013-03-08 10:59:21.054	2	7	9	\N	\N	\N	0
67360	10	10	50	21	3900	2013-03-08 10:59:21.362	2	7	9	\N	\N	\N	0
67361	10	10	50	21	3900	2013-03-08 10:59:21.471	2	7	9	\N	\N	\N	0
67362	10	10	50	21	3900	2013-03-08 10:59:21.581	2	7	9	\N	\N	\N	0
67363	10	10	50	21	3900	2013-03-08 10:59:21.69	2	7	9	\N	\N	\N	0
67364	10	10	50	21	3900	2013-03-08 10:59:21.802	2	7	9	\N	\N	\N	0
67365	10	10	50	21	3900	2013-03-08 10:59:21.915	2	7	9	\N	\N	\N	0
67366	10	10	50	21	3900	2013-03-08 10:59:22.023	2	7	9	\N	\N	\N	0
67367	10	10	50	21	3900	2013-03-08 10:59:22.13	2	7	9	\N	\N	\N	0
67368	10	10	50	21	3900	2013-03-08 10:59:22.247	2	7	9	\N	\N	\N	0
67369	10	10	50	21	3900	2013-03-08 10:59:22.517	2	7	9	\N	\N	\N	0
67060	10	10	50	21	3900	2013-03-08 10:58:46.953	2	7	9	\N	\N	\N	0
67061	10	10	50	21	3900	2013-03-08 10:58:47.046	2	7	9	\N	\N	\N	0
67062	10	10	50	21	3900	2013-03-08 10:58:47.138	2	7	9	\N	\N	\N	0
67063	10	10	50	21	3900	2013-03-08 10:58:47.23	2	7	9	\N	\N	\N	0
67064	10	10	50	21	3900	2013-03-08 10:58:47.335	2	7	9	\N	\N	\N	0
67065	10	10	50	21	3900	2013-03-08 10:58:47.451	2	7	9	\N	\N	\N	0
67066	10	10	50	21	3900	2013-03-08 10:58:47.542	2	7	9	\N	\N	\N	0
67067	10	10	50	21	3900	2013-03-08 10:58:47.635	2	7	9	\N	\N	\N	0
67068	10	10	50	21	3900	2013-03-08 10:58:47.734	2	7	9	\N	\N	\N	0
67069	10	10	50	21	3900	2013-03-08 10:58:47.831	2	7	9	\N	\N	\N	0
67073	10	10	50	21	3900	2013-03-08 10:58:48.257	2	7	9	\N	\N	\N	0
67075	10	10	50	21	3900	2013-03-08 10:58:48.469	2	7	9	\N	\N	\N	0
67076	10	10	50	21	3900	2013-03-08 10:58:48.606	2	7	9	\N	\N	\N	0
67078	10	10	50	21	3900	2013-03-08 10:58:48.83	2	7	9	\N	\N	\N	0
67079	10	10	50	21	3900	2013-03-08 10:58:48.954	2	7	9	\N	\N	\N	0
67081	10	10	50	21	3900	2013-03-08 10:58:49.158	2	7	9	\N	\N	\N	0
67082	10	10	50	21	3900	2013-03-08 10:58:49.249	2	7	9	\N	\N	\N	0
67083	10	10	50	21	3900	2013-03-08 10:58:49.341	2	7	9	\N	\N	\N	0
67084	10	10	50	21	3900	2013-03-08 10:58:49.43	2	7	9	\N	\N	\N	0
67085	10	10	50	21	3900	2013-03-08 10:58:49.519	2	7	9	\N	\N	\N	0
67095	10	10	50	21	3900	2013-03-08 10:58:50.508	2	7	9	\N	\N	\N	0
67096	10	10	50	21	3900	2013-03-08 10:58:50.598	2	7	9	\N	\N	\N	0
67097	10	10	50	21	3900	2013-03-08 10:58:50.691	2	7	9	\N	\N	\N	0
67098	10	10	50	21	3900	2013-03-08 10:58:50.788	2	7	9	\N	\N	\N	0
67099	10	10	50	21	3900	2013-03-08 10:58:50.91	2	7	9	\N	\N	\N	0
67100	10	10	50	21	3900	2013-03-08 10:58:51.016	2	7	9	\N	\N	\N	0
67102	10	10	50	21	3900	2013-03-08 10:58:51.228	2	7	9	\N	\N	\N	0
67103	10	10	50	21	3900	2013-03-08 10:58:51.347	2	7	9	\N	\N	\N	0
67105	10	10	50	21	3900	2013-03-08 10:58:51.548	2	7	9	\N	\N	\N	0
67106	10	10	50	21	3900	2013-03-08 10:58:51.641	2	7	9	\N	\N	\N	0
67107	10	10	50	21	3900	2013-03-08 10:58:51.747	2	7	9	\N	\N	\N	0
67110	10	10	50	21	3900	2013-03-08 10:58:52.086	2	7	9	\N	\N	\N	0
67112	10	10	50	21	3900	2013-03-08 10:58:52.329	2	7	9	\N	\N	\N	0
67114	10	10	50	21	3900	2013-03-08 10:58:52.586	2	7	9	\N	\N	\N	0
67115	10	10	50	21	3900	2013-03-08 10:58:52.705	2	7	9	\N	\N	\N	0
67129	10	10	50	21	3900	2013-03-08 10:58:54.072	2	7	9	\N	\N	\N	0
67130	10	10	50	21	3900	2013-03-08 10:58:54.173	2	7	9	\N	\N	\N	0
67131	10	10	50	21	3900	2013-03-08 10:58:54.291	2	7	9	\N	\N	\N	0
67132	10	10	50	21	3900	2013-03-08 10:58:54.383	2	7	9	\N	\N	\N	0
67133	10	10	50	21	3900	2013-03-08 10:58:54.477	2	7	9	\N	\N	\N	0
67134	10	10	50	21	3900	2013-03-08 10:58:54.57	2	7	9	\N	\N	\N	0
67135	10	10	50	21	3900	2013-03-08 10:58:54.673	2	7	9	\N	\N	\N	0
67142	10	10	50	21	3900	2013-03-08 10:58:55.365	2	7	9	\N	\N	\N	0
67143	10	10	50	21	3900	2013-03-08 10:58:55.458	2	7	9	\N	\N	\N	0
67144	10	10	50	21	3900	2013-03-08 10:58:55.55	2	7	9	\N	\N	\N	0
67145	10	10	50	21	3900	2013-03-08 10:58:55.644	2	7	9	\N	\N	\N	0
67146	10	10	50	21	3900	2013-03-08 10:58:55.742	2	7	9	\N	\N	\N	0
67148	10	10	50	21	3900	2013-03-08 10:58:55.971	2	7	9	\N	\N	\N	0
67150	10	10	50	21	3900	2013-03-08 10:58:56.187	2	7	9	\N	\N	\N	0
67152	10	10	50	21	3900	2013-03-08 10:58:56.425	2	7	9	\N	\N	\N	0
67154	10	10	50	21	3900	2013-03-08 10:58:56.646	2	7	9	\N	\N	\N	0
67155	10	10	50	21	3900	2013-03-08 10:58:56.742	2	7	9	\N	\N	\N	0
67156	10	10	50	21	3900	2013-03-08 10:58:56.834	2	7	9	\N	\N	\N	0
67157	10	10	50	21	3900	2013-03-08 10:58:56.926	2	7	9	\N	\N	\N	0
67158	10	10	50	21	3900	2013-03-08 10:58:57.02	2	7	9	\N	\N	\N	0
67159	10	10	50	21	3900	2013-03-08 10:58:57.116	2	7	9	\N	\N	\N	0
67161	10	10	50	21	3900	2013-03-08 10:58:57.314	2	7	9	\N	\N	\N	0
67168	10	10	50	21	3900	2013-03-08 10:58:58.004	2	7	9	\N	\N	\N	0
67169	10	10	50	21	3900	2013-03-08 10:58:58.098	2	7	9	\N	\N	\N	0
67170	10	10	50	21	3900	2013-03-08 10:58:58.193	2	7	9	\N	\N	\N	0
67171	10	10	50	21	3900	2013-03-08 10:58:58.287	2	7	9	\N	\N	\N	0
67172	10	10	50	21	3900	2013-03-08 10:58:58.38	2	7	9	\N	\N	\N	0
67173	10	10	50	21	3900	2013-03-08 10:58:58.502	2	7	9	\N	\N	\N	0
67174	10	10	50	21	3900	2013-03-08 10:58:58.609	2	7	9	\N	\N	\N	0
67175	10	10	50	21	3900	2013-03-08 10:58:58.702	2	7	9	\N	\N	\N	0
67176	10	10	50	21	3900	2013-03-08 10:58:58.804	2	7	9	\N	\N	\N	0
67177	10	10	50	21	3900	2013-03-08 10:58:58.9	2	7	9	\N	\N	\N	0
67178	10	10	50	21	3900	2013-03-08 10:58:58.994	2	7	9	\N	\N	\N	0
67179	10	10	50	21	3900	2013-03-08 10:58:59.089	2	7	9	\N	\N	\N	0
67180	10	10	50	21	3900	2013-03-08 10:58:59.185	2	7	9	\N	\N	\N	0
67181	10	10	50	21	3900	2013-03-08 10:58:59.28	2	7	9	\N	\N	\N	0
67182	10	10	50	21	3900	2013-03-08 10:58:59.375	2	7	9	\N	\N	\N	0
67183	10	10	50	21	3900	2013-03-08 10:58:59.47	2	7	9	\N	\N	\N	0
67184	10	10	50	21	3900	2013-03-08 10:58:59.564	2	7	9	\N	\N	\N	0
67186	10	10	50	21	3900	2013-03-08 10:58:59.816	2	7	9	\N	\N	\N	0
67188	10	10	50	21	3900	2013-03-08 10:59:00.069	2	7	9	\N	\N	\N	0
67190	10	10	50	21	3900	2013-03-08 10:59:00.295	2	7	9	\N	\N	\N	0
67198	10	10	50	21	3900	2013-03-08 10:59:01.267	2	7	9	\N	\N	\N	0
67200	10	10	50	21	3900	2013-03-08 10:59:01.513	2	7	9	\N	\N	\N	0
67202	10	10	50	21	3900	2013-03-08 10:59:01.754	2	7	9	\N	\N	\N	0
67204	10	10	50	21	3900	2013-03-08 10:59:02.029	2	7	9	\N	\N	\N	0
67205	10	10	50	21	3900	2013-03-08 10:59:02.157	2	7	9	\N	\N	\N	0
67206	10	10	50	21	3900	2013-03-08 10:59:02.256	2	7	9	\N	\N	\N	0
67207	10	10	50	21	3900	2013-03-08 10:59:02.359	2	7	9	\N	\N	\N	0
67208	10	10	50	21	3900	2013-03-08 10:59:02.461	2	7	9	\N	\N	\N	0
67209	10	10	50	21	3900	2013-03-08 10:59:02.559	2	7	9	\N	\N	\N	0
67210	10	10	50	21	3900	2013-03-08 10:59:02.656	2	7	9	\N	\N	\N	0
67211	10	10	50	21	3900	2013-03-08 10:59:02.755	2	7	9	\N	\N	\N	0
67212	10	10	50	21	3900	2013-03-08 10:59:02.855	2	7	9	\N	\N	\N	0
67213	10	10	50	21	3900	2013-03-08 10:59:02.954	2	7	9	\N	\N	\N	0
67214	10	10	50	21	3900	2013-03-08 10:59:03.051	2	7	9	\N	\N	\N	0
67215	10	10	50	21	3900	2013-03-08 10:59:03.159	2	7	9	\N	\N	\N	0
67216	10	10	50	21	3900	2013-03-08 10:59:03.261	2	7	9	\N	\N	\N	0
67217	10	10	50	21	3900	2013-03-08 10:59:03.393	2	7	9	\N	\N	\N	0
67218	10	10	50	21	3900	2013-03-08 10:59:03.514	2	7	9	\N	\N	\N	0
67219	10	10	50	21	3900	2013-03-08 10:59:03.634	2	7	9	\N	\N	\N	0
67220	10	10	50	21	3900	2013-03-08 10:59:03.761	2	7	9	\N	\N	\N	0
67221	10	10	50	21	3900	2013-03-08 10:59:03.888	2	7	9	\N	\N	\N	0
67222	10	10	50	21	3900	2013-03-08 10:59:04.006	2	7	9	\N	\N	\N	0
67223	10	10	50	21	3900	2013-03-08 10:59:04.126	2	7	9	\N	\N	\N	0
67224	10	10	50	21	3900	2013-03-08 10:59:04.264	2	7	9	\N	\N	\N	0
67225	10	10	50	21	3900	2013-03-08 10:59:04.366	2	7	9	\N	\N	\N	0
67226	10	10	50	21	3900	2013-03-08 10:59:04.464	2	7	9	\N	\N	\N	0
67227	10	10	50	21	3900	2013-03-08 10:59:04.565	2	7	9	\N	\N	\N	0
67228	10	10	50	21	3900	2013-03-08 10:59:04.664	2	7	9	\N	\N	\N	0
67245	10	10	50	21	3900	2013-03-08 10:59:06.47	2	7	9	\N	\N	\N	0
67248	10	10	50	21	3900	2013-03-08 10:59:06.795	2	7	9	\N	\N	\N	0
67249	10	10	50	21	3900	2013-03-08 10:59:06.901	2	7	9	\N	\N	\N	0
67250	10	10	50	21	3900	2013-03-08 10:59:07.019	2	7	9	\N	\N	\N	0
67251	10	10	50	21	3900	2013-03-08 10:59:07.128	2	7	9	\N	\N	\N	0
67252	10	10	50	21	3900	2013-03-08 10:59:07.23	2	7	9	\N	\N	\N	0
67254	10	10	50	21	3900	2013-03-08 10:59:07.487	2	7	9	\N	\N	\N	0
67257	10	10	50	21	3900	2013-03-08 10:59:07.862	2	7	9	\N	\N	\N	0
67258	10	10	50	21	3900	2013-03-08 10:59:07.992	2	7	9	\N	\N	\N	0
67259	10	10	50	21	3900	2013-03-08 10:59:08.092	2	7	9	\N	\N	\N	0
67260	10	10	50	21	3900	2013-03-08 10:59:08.201	2	7	9	\N	\N	\N	0
67261	10	10	50	21	3900	2013-03-08 10:59:08.308	2	7	9	\N	\N	\N	0
67274	10	10	50	21	3900	2013-03-08 10:59:09.669	2	7	9	\N	\N	\N	0
67278	10	10	50	21	3900	2013-03-08 10:59:10.077	2	7	9	\N	\N	\N	0
67279	10	10	50	21	3900	2013-03-08 10:59:10.18	2	7	9	\N	\N	\N	0
67280	10	10	50	21	3900	2013-03-08 10:59:10.284	2	7	9	\N	\N	\N	0
67281	10	10	50	21	3900	2013-03-08 10:59:10.407	2	7	9	\N	\N	\N	0
67282	10	10	50	21	3900	2013-03-08 10:59:10.52	2	7	9	\N	\N	\N	0
67283	10	10	50	21	3900	2013-03-08 10:59:10.629	2	7	9	\N	\N	\N	0
67284	10	10	50	21	3900	2013-03-08 10:59:10.741	2	7	9	\N	\N	\N	0
67285	10	10	50	21	3900	2013-03-08 10:59:10.847	2	7	9	\N	\N	\N	0
67286	10	10	50	21	3900	2013-03-08 10:59:10.96	2	7	9	\N	\N	\N	0
67287	10	10	50	21	3900	2013-03-08 10:59:11.09	2	7	9	\N	\N	\N	0
67289	10	10	50	21	3900	2013-03-08 10:59:11.374	2	7	9	\N	\N	\N	0
67291	10	10	50	21	3900	2013-03-08 10:59:11.722	2	7	9	\N	\N	\N	0
67229	10	10	50	21	3900	2013-03-08 10:59:04.784	2	7	9	\N	\N	\N	0
67230	10	10	50	21	3900	2013-03-08 10:59:04.884	2	7	9	\N	\N	\N	0
67231	10	10	50	21	3900	2013-03-08 10:59:04.981	2	7	9	\N	\N	\N	0
67232	10	10	50	21	3900	2013-03-08 10:59:05.084	2	7	9	\N	\N	\N	0
67233	10	10	50	21	3900	2013-03-08 10:59:05.182	2	7	9	\N	\N	\N	0
67234	10	10	50	21	3900	2013-03-08 10:59:05.291	2	7	9	\N	\N	\N	0
67235	10	10	50	21	3900	2013-03-08 10:59:05.39	2	7	9	\N	\N	\N	0
67236	10	10	50	21	3900	2013-03-08 10:59:05.508	2	7	9	\N	\N	\N	0
67237	10	10	50	21	3900	2013-03-08 10:59:05.61	2	7	9	\N	\N	\N	0
67238	10	10	50	21	3900	2013-03-08 10:59:05.708	2	7	9	\N	\N	\N	0
67239	10	10	50	21	3900	2013-03-08 10:59:05.814	2	7	9	\N	\N	\N	0
67240	10	10	50	21	3900	2013-03-08 10:59:05.926	2	7	9	\N	\N	\N	0
67241	10	10	50	21	3900	2013-03-08 10:59:06.026	2	7	9	\N	\N	\N	0
67242	10	10	50	21	3900	2013-03-08 10:59:06.128	2	7	9	\N	\N	\N	0
67243	10	10	50	21	3900	2013-03-08 10:59:06.26	2	7	9	\N	\N	\N	0
67244	10	10	50	21	3900	2013-03-08 10:59:06.362	2	7	9	\N	\N	\N	0
67246	10	10	50	21	3900	2013-03-08 10:59:06.576	2	7	9	\N	\N	\N	0
67247	10	10	50	21	3900	2013-03-08 10:59:06.678	2	7	9	\N	\N	\N	0
67253	10	10	50	21	3900	2013-03-08 10:59:07.361	2	7	9	\N	\N	\N	0
67255	10	10	50	21	3900	2013-03-08 10:59:07.628	2	7	9	\N	\N	\N	0
67256	10	10	50	21	3900	2013-03-08 10:59:07.749	2	7	9	\N	\N	\N	0
67262	10	10	50	21	3900	2013-03-08 10:59:08.42	2	7	9	\N	\N	\N	0
67263	10	10	50	21	3900	2013-03-08 10:59:08.524	2	7	9	\N	\N	\N	0
67264	10	10	50	21	3900	2013-03-08 10:59:08.628	2	7	9	\N	\N	\N	0
67265	10	10	50	21	3900	2013-03-08 10:59:08.736	2	7	9	\N	\N	\N	0
67266	10	10	50	21	3900	2013-03-08 10:59:08.838	2	7	9	\N	\N	\N	0
67267	10	10	50	21	3900	2013-03-08 10:59:08.939	2	7	9	\N	\N	\N	0
67268	10	10	50	21	3900	2013-03-08 10:59:09.041	2	7	9	\N	\N	\N	0
67269	10	10	50	21	3900	2013-03-08 10:59:09.142	2	7	9	\N	\N	\N	0
67270	10	10	50	21	3900	2013-03-08 10:59:09.247	2	7	9	\N	\N	\N	0
67271	10	10	50	21	3900	2013-03-08 10:59:09.357	2	7	9	\N	\N	\N	0
67272	10	10	50	21	3900	2013-03-08 10:59:09.457	2	7	9	\N	\N	\N	0
67273	10	10	50	21	3900	2013-03-08 10:59:09.56	2	7	9	\N	\N	\N	0
67275	10	10	50	21	3900	2013-03-08 10:59:09.771	2	7	9	\N	\N	\N	0
67276	10	10	50	21	3900	2013-03-08 10:59:09.871	2	7	9	\N	\N	\N	0
67277	10	10	50	21	3900	2013-03-08 10:59:09.974	2	7	9	\N	\N	\N	0
67288	10	10	50	21	3900	2013-03-08 10:59:11.216	2	7	9	\N	\N	\N	0
67290	10	10	50	21	3900	2013-03-08 10:59:11.541	2	7	9	\N	\N	\N	0
67292	10	10	50	21	3900	2013-03-08 10:59:11.95	2	7	9	\N	\N	\N	0
67293	10	10	50	21	3900	2013-03-08 10:59:12.104	2	7	9	\N	\N	\N	0
67294	10	10	50	21	3900	2013-03-08 10:59:12.264	2	7	9	\N	\N	\N	0
67295	10	10	50	21	3900	2013-03-08 10:59:12.548	2	7	9	\N	\N	\N	0
67296	10	10	50	21	3900	2013-03-08 10:59:12.712	2	7	9	\N	\N	\N	0
67297	10	10	50	21	3900	2013-03-08 10:59:12.92	2	7	9	\N	\N	\N	0
67298	10	10	50	21	3900	2013-03-08 10:59:13.069	2	7	9	\N	\N	\N	0
67299	10	10	50	21	3900	2013-03-08 10:59:13.223	2	7	9	\N	\N	\N	0
67300	10	10	50	21	3900	2013-03-08 10:59:13.363	2	7	9	\N	\N	\N	0
67301	10	10	50	21	3900	2013-03-08 10:59:13.519	2	7	9	\N	\N	\N	0
67302	10	10	50	21	3900	2013-03-08 10:59:13.694	2	7	9	\N	\N	\N	0
67303	10	10	50	21	3900	2013-03-08 10:59:13.855	2	7	9	\N	\N	\N	0
67304	10	10	50	21	3900	2013-03-08 10:59:13.975	2	7	9	\N	\N	\N	0
67305	10	10	50	21	3900	2013-03-08 10:59:14.092	2	7	9	\N	\N	\N	0
67306	10	10	50	21	3900	2013-03-08 10:59:14.205	2	7	9	\N	\N	\N	0
67307	10	10	50	21	3900	2013-03-08 10:59:14.317	2	7	9	\N	\N	\N	0
67308	10	10	50	21	3900	2013-03-08 10:59:14.437	2	7	9	\N	\N	\N	0
67309	10	10	50	21	3900	2013-03-08 10:59:14.575	2	7	9	\N	\N	\N	0
67310	10	10	50	21	3900	2013-03-08 10:59:14.721	2	7	9	\N	\N	\N	0
67311	10	10	50	21	3900	2013-03-08 10:59:14.824	2	7	9	\N	\N	\N	0
67312	10	10	50	21	3900	2013-03-08 10:59:14.929	2	7	9	\N	\N	\N	0
67313	10	10	50	21	3900	2013-03-08 10:59:15.045	2	7	9	\N	\N	\N	0
67314	10	10	50	21	3900	2013-03-08 10:59:15.154	2	7	9	\N	\N	\N	0
67315	10	10	50	21	3900	2013-03-08 10:59:15.265	2	7	9	\N	\N	\N	0
67316	10	10	50	21	3900	2013-03-08 10:59:15.374	2	7	9	\N	\N	\N	0
67317	10	10	50	21	3900	2013-03-08 10:59:15.477	2	7	9	\N	\N	\N	0
67318	10	10	50	21	3900	2013-03-08 10:59:15.583	2	7	9	\N	\N	\N	0
67319	10	10	50	21	3900	2013-03-08 10:59:15.696	2	7	9	\N	\N	\N	0
67320	10	10	50	21	3900	2013-03-08 10:59:15.805	2	7	9	\N	\N	\N	0
67321	10	10	50	21	3900	2013-03-08 10:59:15.926	2	7	9	\N	\N	\N	0
67322	10	10	50	21	3900	2013-03-08 10:59:16.051	2	7	9	\N	\N	\N	0
67323	10	10	50	21	3900	2013-03-08 10:59:16.169	2	7	9	\N	\N	\N	0
67324	10	10	50	21	3900	2013-03-08 10:59:16.291	2	7	9	\N	\N	\N	0
67325	10	10	50	21	3900	2013-03-08 10:59:16.484	2	7	9	\N	\N	\N	0
67326	10	10	50	21	3900	2013-03-08 10:59:16.611	2	7	9	\N	\N	\N	0
67327	10	10	50	21	3900	2013-03-08 10:59:16.719	2	7	9	\N	\N	\N	0
67328	10	10	50	21	3900	2013-03-08 10:59:16.827	2	7	9	\N	\N	\N	0
67329	10	10	50	21	3900	2013-03-08 10:59:16.938	2	7	9	\N	\N	\N	0
67330	10	10	50	21	3900	2013-03-08 10:59:17.055	2	7	9	\N	\N	\N	0
67331	10	10	50	21	3900	2013-03-08 10:59:17.161	2	7	9	\N	\N	\N	0
67332	10	10	50	21	3900	2013-03-08 10:59:17.278	2	7	9	\N	\N	\N	0
67333	10	10	50	21	3900	2013-03-08 10:59:17.386	2	7	9	\N	\N	\N	0
67334	10	10	50	21	3900	2013-03-08 10:59:17.492	2	7	9	\N	\N	\N	0
67335	10	10	50	21	3900	2013-03-08 10:59:17.602	2	7	9	\N	\N	\N	0
67336	10	10	50	21	3900	2013-03-08 10:59:17.708	2	7	9	\N	\N	\N	0
67337	10	10	50	21	3900	2013-03-08 10:59:17.812	2	7	9	\N	\N	\N	0
67338	10	10	50	21	3900	2013-03-08 10:59:17.92	2	7	9	\N	\N	\N	0
67339	10	10	50	21	3900	2013-03-08 10:59:18.038	2	7	9	\N	\N	\N	0
67340	10	10	50	21	3900	2013-03-08 10:59:18.147	2	7	9	\N	\N	\N	0
67341	10	10	50	21	3900	2013-03-08 10:59:18.255	2	7	9	\N	\N	\N	0
67342	10	10	50	21	3900	2013-03-08 10:59:18.363	2	7	9	\N	\N	\N	0
67343	10	10	50	21	3900	2013-03-08 10:59:18.472	2	7	9	\N	\N	\N	0
67344	10	10	50	21	3900	2013-03-08 10:59:18.592	2	7	9	\N	\N	\N	0
67345	10	10	50	21	3900	2013-03-08 10:59:18.713	2	7	9	\N	\N	\N	0
67346	10	10	50	21	3900	2013-03-08 10:59:18.824	2	7	9	\N	\N	\N	0
67347	10	10	50	21	3900	2013-03-08 10:59:18.936	2	7	9	\N	\N	\N	0
67348	10	10	50	21	3900	2013-03-08 10:59:19.055	2	7	9	\N	\N	\N	0
67349	10	10	50	21	3900	2013-03-08 10:59:19.17	2	7	9	\N	\N	\N	0
67350	10	10	50	21	3900	2013-03-08 10:59:19.322	2	7	9	\N	\N	\N	0
67351	10	10	50	21	3900	2013-03-08 10:59:19.501	2	7	9	\N	\N	\N	0
67352	10	10	50	21	3900	2013-03-08 10:59:19.679	2	7	9	\N	\N	\N	0
67353	10	10	50	21	3900	2013-03-08 10:59:19.922	2	7	9	\N	\N	\N	0
67354	10	10	50	21	3900	2013-03-08 10:59:20.111	2	7	9	\N	\N	\N	0
67383	10	10	50	21	3900	2013-03-08 10:59:24.053	2	7	9	\N	\N	\N	0
67384	10	10	50	21	3900	2013-03-08 10:59:24.163	2	7	9	\N	\N	\N	0
67385	10	10	50	21	3900	2013-03-08 10:59:24.274	2	7	9	\N	\N	\N	0
67386	10	10	50	21	3900	2013-03-08 10:59:24.406	2	7	9	\N	\N	\N	0
67387	10	10	50	21	3900	2013-03-08 10:59:24.572	2	7	9	\N	\N	\N	0
67390	10	10	50	21	3900	2013-03-08 10:59:24.963	2	7	9	\N	\N	\N	0
67391	10	10	50	21	3900	2013-03-08 10:59:25.13	2	7	9	\N	\N	\N	0
67393	10	10	50	21	3900	2013-03-08 10:59:25.518	2	7	9	\N	\N	\N	0
67357	10	10	50	21	3900	2013-03-08 10:59:20.747	2	7	9	\N	\N	\N	0
67359	10	10	50	21	3900	2013-03-08 10:59:21.218	2	7	9	\N	\N	\N	0
67370	10	10	50	21	3900	2013-03-08 10:59:22.639	2	7	9	\N	\N	\N	0
67371	10	10	50	21	3900	2013-03-08 10:59:22.748	2	7	9	\N	\N	\N	0
67372	10	10	50	21	3900	2013-03-08 10:59:22.856	2	7	9	\N	\N	\N	0
67373	10	10	50	21	3900	2013-03-08 10:59:22.963	2	7	9	\N	\N	\N	0
67374	10	10	50	21	3900	2013-03-08 10:59:23.07	2	7	9	\N	\N	\N	0
67375	10	10	50	21	3900	2013-03-08 10:59:23.179	2	7	9	\N	\N	\N	0
67376	10	10	50	21	3900	2013-03-08 10:59:23.286	2	7	9	\N	\N	\N	0
67377	10	10	50	21	3900	2013-03-08 10:59:23.406	2	7	9	\N	\N	\N	0
67378	10	10	50	21	3900	2013-03-08 10:59:23.513	2	7	9	\N	\N	\N	0
67379	10	10	50	21	3900	2013-03-08 10:59:23.621	2	7	9	\N	\N	\N	0
67380	10	10	50	21	3900	2013-03-08 10:59:23.729	2	7	9	\N	\N	\N	0
67381	10	10	50	21	3900	2013-03-08 10:59:23.836	2	7	9	\N	\N	\N	0
67382	10	10	50	21	3900	2013-03-08 10:59:23.942	2	7	9	\N	\N	\N	0
67388	10	10	50	21	3900	2013-03-08 10:59:24.697	2	7	9	\N	\N	\N	0
67389	10	10	50	21	3900	2013-03-08 10:59:24.832	2	7	9	\N	\N	\N	0
67392	10	10	50	21	3900	2013-03-08 10:59:25.336	2	7	9	\N	\N	\N	0
67397	10	10	50	21	3900	2013-03-08 10:59:26.136	2	7	9	\N	\N	\N	0
67398	10	10	50	21	3900	2013-03-08 10:59:26.329	2	7	9	\N	\N	\N	0
67399	10	10	50	21	3900	2013-03-08 10:59:26.465	2	7	9	\N	\N	\N	0
67400	10	10	50	21	3900	2013-03-08 10:59:26.599	2	7	9	\N	\N	\N	0
67402	10	10	50	21	3900	2013-03-08 10:59:26.913	2	7	9	\N	\N	\N	0
67404	10	10	50	21	3900	2013-03-08 10:59:27.268	2	7	9	\N	\N	\N	0
67405	10	10	50	21	3900	2013-03-08 10:59:27.417	2	7	9	\N	\N	\N	0
67406	10	10	50	21	3900	2013-03-08 10:59:27.57	2	7	9	\N	\N	\N	0
67407	10	10	50	21	3900	2013-03-08 10:59:27.75	2	7	9	\N	\N	\N	0
67410	10	10	50	21	3900	2013-03-08 10:59:28.431	2	7	9	\N	\N	\N	0
67411	10	10	50	21	3900	2013-03-08 10:59:28.677	2	7	9	\N	\N	\N	0
67413	10	10	50	21	3900	2013-03-08 10:59:29.142	2	7	9	\N	\N	\N	0
67415	10	10	50	21	3900	2013-03-08 10:59:29.542	2	7	9	\N	\N	\N	0
67417	10	10	50	21	3900	2013-03-08 10:59:29.926	2	7	9	\N	\N	\N	0
67421	10	10	50	21	3900	2013-03-08 10:59:30.536	2	7	9	\N	\N	\N	0
67433	10	10	50	21	3900	2013-03-08 10:59:32.21	2	7	9	\N	\N	\N	0
67434	10	10	50	21	3900	2013-03-08 10:59:32.322	2	7	9	\N	\N	\N	0
67435	10	10	50	21	3900	2013-03-08 10:59:32.446	2	7	9	\N	\N	\N	0
67436	10	10	50	21	3900	2013-03-08 10:59:32.557	2	7	9	\N	\N	\N	0
67437	10	10	50	21	3900	2013-03-08 10:59:32.665	2	7	9	\N	\N	\N	0
67438	10	10	50	21	3900	2013-03-08 10:59:32.776	2	7	9	\N	\N	\N	0
67439	10	10	50	21	3900	2013-03-08 10:59:32.885	2	7	9	\N	\N	\N	0
67440	10	10	50	21	3900	2013-03-08 10:59:33.014	2	7	9	\N	\N	\N	0
67441	10	10	50	21	3900	2013-03-08 10:59:33.124	2	7	9	\N	\N	\N	0
67442	10	10	50	21	3900	2013-03-08 10:59:33.243	2	7	9	\N	\N	\N	0
67443	10	10	50	21	3900	2013-03-08 10:59:33.367	2	7	9	\N	\N	\N	0
67444	10	10	50	21	3900	2013-03-08 10:59:33.491	2	7	9	\N	\N	\N	0
67445	10	10	50	21	3900	2013-03-08 10:59:33.635	2	7	9	\N	\N	\N	0
67446	10	10	50	21	3900	2013-03-08 10:59:33.758	2	7	9	\N	\N	\N	0
67447	10	10	50	21	3900	2013-03-08 10:59:33.932	2	7	9	\N	\N	\N	0
67448	10	10	50	21	3900	2013-03-08 10:59:34.05	2	7	9	\N	\N	\N	0
67449	10	10	50	21	3900	2013-03-08 10:59:34.167	2	7	9	\N	\N	\N	0
67450	10	10	50	21	3900	2013-03-08 10:59:34.279	2	7	9	\N	\N	\N	0
67451	10	10	50	21	3900	2013-03-08 10:59:34.389	2	7	9	\N	\N	\N	0
67452	10	10	50	21	3900	2013-03-08 10:59:34.518	2	7	9	\N	\N	\N	0
67453	10	10	50	21	3900	2013-03-08 10:59:34.629	2	7	9	\N	\N	\N	0
67454	10	10	50	21	3900	2013-03-08 10:59:34.744	2	7	9	\N	\N	\N	0
67455	10	10	50	21	3900	2013-03-08 10:59:34.886	2	7	9	\N	\N	\N	0
67456	10	10	50	21	3900	2013-03-08 10:59:35.002	2	7	9	\N	\N	\N	0
67457	10	10	50	21	3900	2013-03-08 10:59:35.111	2	7	9	\N	\N	\N	0
67458	10	10	50	21	3900	2013-03-08 10:59:35.222	2	7	9	\N	\N	\N	0
67459	10	10	50	21	3900	2013-03-08 10:59:35.334	2	7	9	\N	\N	\N	0
67460	10	10	50	21	3900	2013-03-08 10:59:35.448	2	7	9	\N	\N	\N	0
67461	10	10	50	21	3900	2013-03-08 10:59:35.567	2	7	9	\N	\N	\N	0
67464	10	10	50	21	3900	2013-03-08 10:59:35.934	2	7	9	\N	\N	\N	0
67465	10	10	50	21	3900	2013-03-08 10:59:36.045	2	7	9	\N	\N	\N	0
67466	10	10	50	21	3900	2013-03-08 10:59:36.156	2	7	9	\N	\N	\N	0
67467	10	10	50	21	3900	2013-03-08 10:59:36.282	2	7	9	\N	\N	\N	0
67468	10	10	50	21	3900	2013-03-08 10:59:36.413	2	7	9	\N	\N	\N	0
67469	10	10	50	21	3900	2013-03-08 10:59:36.539	2	7	9	\N	\N	\N	0
67470	10	10	50	21	3900	2013-03-08 10:59:36.652	2	7	9	\N	\N	\N	0
67471	10	10	50	21	3900	2013-03-08 10:59:36.786	2	7	9	\N	\N	\N	0
67472	10	10	50	21	3900	2013-03-08 10:59:36.924	2	7	9	\N	\N	\N	0
67474	10	10	50	21	3900	2013-03-08 10:59:37.217	2	7	9	\N	\N	\N	0
67476	10	10	50	21	3900	2013-03-08 10:59:37.573	2	7	9	\N	\N	\N	0
67478	10	10	50	21	3900	2013-03-08 10:59:37.997	2	7	9	\N	\N	\N	0
67480	10	10	50	21	3900	2013-03-08 10:59:38.382	2	7	9	\N	\N	\N	0
67481	10	10	50	21	3900	2013-03-08 10:59:38.504	2	7	9	\N	\N	\N	0
67482	10	10	50	21	3900	2013-03-08 10:59:38.629	2	7	9	\N	\N	\N	0
67483	10	10	50	21	3900	2013-03-08 10:59:38.752	2	7	9	\N	\N	\N	0
67484	10	10	50	21	3900	2013-03-08 10:59:38.868	2	7	9	\N	\N	\N	0
67485	10	10	50	21	3900	2013-03-08 10:59:38.982	2	7	9	\N	\N	\N	0
67486	10	10	50	21	3900	2013-03-08 10:59:39.096	2	7	9	\N	\N	\N	0
67489	10	10	50	21	3900	2013-03-08 10:59:39.445	2	7	9	\N	\N	\N	0
67490	10	10	50	21	3900	2013-03-08 10:59:39.568	2	7	9	\N	\N	\N	0
67491	10	10	50	21	3900	2013-03-08 10:59:39.692	2	7	9	\N	\N	\N	0
67492	10	10	50	21	3900	2013-03-08 10:59:39.838	2	7	9	\N	\N	\N	0
67493	10	10	50	21	3900	2013-03-08 10:59:39.975	2	7	9	\N	\N	\N	0
67494	10	10	50	21	3900	2013-03-08 10:59:40.108	2	7	9	\N	\N	\N	0
67495	10	10	50	21	3900	2013-03-08 10:59:40.239	2	7	9	\N	\N	\N	0
67496	10	10	50	21	3900	2013-03-08 10:59:40.353	2	7	9	\N	\N	\N	0
67497	10	10	50	21	3900	2013-03-08 10:59:40.478	2	7	9	\N	\N	\N	0
67498	10	10	50	21	3900	2013-03-08 10:59:40.592	2	7	9	\N	\N	\N	0
67499	10	10	50	21	3900	2013-03-08 10:59:40.706	2	7	9	\N	\N	\N	0
67500	10	10	50	21	3900	2013-03-08 10:59:40.822	2	7	9	\N	\N	\N	0
67501	10	10	50	21	3900	2013-03-08 10:59:40.944	2	7	9	\N	\N	\N	0
67504	10	10	50	21	3900	2013-03-08 10:59:41.344	2	7	9	\N	\N	\N	0
67514	10	10	50	21	3900	2013-03-08 10:59:42.643	2	7	9	\N	\N	\N	0
67515	10	10	50	21	3900	2013-03-08 10:59:42.759	2	7	9	\N	\N	\N	0
67394	10	10	50	21	3900	2013-03-08 10:59:25.719	2	7	9	\N	\N	\N	0
67396	10	10	50	21	3900	2013-03-08 10:59:25.991	2	7	9	\N	\N	\N	0
67401	10	10	50	21	3900	2013-03-08 10:59:26.736	2	7	9	\N	\N	\N	0
67403	10	10	50	21	3900	2013-03-08 10:59:27.083	2	7	9	\N	\N	\N	0
67408	10	10	50	21	3900	2013-03-08 10:59:27.928	2	7	9	\N	\N	\N	0
67409	10	10	50	21	3900	2013-03-08 10:59:28.119	2	7	9	\N	\N	\N	0
67412	10	10	50	21	3900	2013-03-08 10:59:28.921	2	7	9	\N	\N	\N	0
67414	10	10	50	21	3900	2013-03-08 10:59:29.316	2	7	9	\N	\N	\N	0
67416	10	10	50	21	3900	2013-03-08 10:59:29.742	2	7	9	\N	\N	\N	0
67418	10	10	50	21	3900	2013-03-08 10:59:30.08	2	7	9	\N	\N	\N	0
67419	10	10	50	21	3900	2013-03-08 10:59:30.264	2	7	9	\N	\N	\N	0
67420	10	10	50	21	3900	2013-03-08 10:59:30.405	2	7	9	\N	\N	\N	0
67422	10	10	50	21	3900	2013-03-08 10:59:30.685	2	7	9	\N	\N	\N	0
67423	10	10	50	21	3900	2013-03-08 10:59:30.836	2	7	9	\N	\N	\N	0
67424	10	10	50	21	3900	2013-03-08 10:59:30.951	2	7	9	\N	\N	\N	0
67425	10	10	50	21	3900	2013-03-08 10:59:31.095	2	7	9	\N	\N	\N	0
67426	10	10	50	21	3900	2013-03-08 10:59:31.217	2	7	9	\N	\N	\N	0
67427	10	10	50	21	3900	2013-03-08 10:59:31.33	2	7	9	\N	\N	\N	0
67428	10	10	50	21	3900	2013-03-08 10:59:31.45	2	7	9	\N	\N	\N	0
67429	10	10	50	21	3900	2013-03-08 10:59:31.56	2	7	9	\N	\N	\N	0
67430	10	10	50	21	3900	2013-03-08 10:59:31.672	2	7	9	\N	\N	\N	0
67431	10	10	50	21	3900	2013-03-08 10:59:31.783	2	7	9	\N	\N	\N	0
67432	10	10	50	21	3900	2013-03-08 10:59:31.902	2	7	9	\N	\N	\N	0
67462	10	10	50	21	3900	2013-03-08 10:59:35.703	2	7	9	\N	\N	\N	0
67463	10	10	50	21	3900	2013-03-08 10:59:35.82	2	7	9	\N	\N	\N	0
67473	10	10	50	21	3900	2013-03-08 10:59:37.073	2	7	9	\N	\N	\N	0
67475	10	10	50	21	3900	2013-03-08 10:59:37.377	2	7	9	\N	\N	\N	0
67477	10	10	50	21	3900	2013-03-08 10:59:37.804	2	7	9	\N	\N	\N	0
67479	10	10	50	21	3900	2013-03-08 10:59:38.218	2	7	9	\N	\N	\N	0
67487	10	10	50	21	3900	2013-03-08 10:59:39.213	2	7	9	\N	\N	\N	0
67488	10	10	50	21	3900	2013-03-08 10:59:39.325	2	7	9	\N	\N	\N	0
67502	10	10	50	21	3900	2013-03-08 10:59:41.075	2	7	9	\N	\N	\N	0
67503	10	10	50	21	3900	2013-03-08 10:59:41.203	2	7	9	\N	\N	\N	0
67505	10	10	50	21	3900	2013-03-08 10:59:41.476	2	7	9	\N	\N	\N	0
67507	10	10	50	21	3900	2013-03-08 10:59:41.745	2	7	9	\N	\N	\N	0
67511	10	10	50	21	3900	2013-03-08 10:59:42.26	2	7	9	\N	\N	\N	0
67513	10	10	50	21	3900	2013-03-08 10:59:42.519	2	7	9	\N	\N	\N	0
67534	10	10	50	21	3900	2013-03-08 10:59:45.024	2	7	9	\N	\N	\N	0
67536	10	10	50	21	3900	2013-03-08 10:59:45.325	2	7	9	\N	\N	\N	0
67538	10	10	50	21	3900	2013-03-08 10:59:45.581	2	7	9	\N	\N	\N	0
67539	10	10	50	21	3900	2013-03-08 10:59:45.709	2	7	9	\N	\N	\N	0
67540	10	10	50	21	3900	2013-03-08 10:59:45.826	2	7	9	\N	\N	\N	0
67541	10	10	50	21	3900	2013-03-08 10:59:45.942	2	7	9	\N	\N	\N	0
67542	10	10	50	21	3900	2013-03-08 10:59:46.058	2	7	9	\N	\N	\N	0
67543	10	10	50	21	3900	2013-03-08 10:59:46.177	2	7	9	\N	\N	\N	0
67544	10	10	50	21	3900	2013-03-08 10:59:46.311	2	7	9	\N	\N	\N	0
67545	10	10	50	21	3900	2013-03-08 10:59:46.444	2	7	9	\N	\N	\N	0
67546	10	10	50	21	3900	2013-03-08 10:59:46.565	2	7	9	\N	\N	\N	0
67547	10	10	50	21	3900	2013-03-08 10:59:46.684	2	7	9	\N	\N	\N	0
67548	10	10	50	21	3900	2013-03-08 10:59:46.803	2	7	9	\N	\N	\N	0
67549	10	10	50	21	3900	2013-03-08 10:59:46.921	2	7	9	\N	\N	\N	0
67556	10	10	50	21	3900	2013-03-08 10:59:47.762	2	7	9	\N	\N	\N	0
67557	10	10	50	21	3900	2013-03-08 10:59:47.88	2	7	9	\N	\N	\N	0
67558	10	10	50	21	3900	2013-03-08 10:59:47.997	2	7	9	\N	\N	\N	0
67559	10	10	50	21	3900	2013-03-08 10:59:48.123	2	7	9	\N	\N	\N	0
67560	10	10	50	21	3900	2013-03-08 10:59:48.24	2	7	9	\N	\N	\N	0
67561	10	10	50	21	3900	2013-03-08 10:59:48.382	2	7	9	\N	\N	\N	0
67562	10	10	50	21	3900	2013-03-08 10:59:48.5	2	7	9	\N	\N	\N	0
67563	10	10	50	21	3900	2013-03-08 10:59:48.623	2	7	9	\N	\N	\N	0
67566	10	10	50	21	3900	2013-03-08 10:59:49.036	2	7	9	\N	\N	\N	0
67568	10	10	50	21	3900	2013-03-08 10:59:49.29	2	7	9	\N	\N	\N	0
67569	10	10	50	21	3900	2013-03-08 10:59:49.416	2	7	9	\N	\N	\N	0
67570	10	10	50	21	3900	2013-03-08 10:59:49.537	2	7	9	\N	\N	\N	0
67571	10	10	50	21	3900	2013-03-08 10:59:49.657	2	7	9	\N	\N	\N	0
67572	10	10	50	21	3900	2013-03-08 10:59:49.783	2	7	9	\N	\N	\N	0
67573	10	10	50	21	3900	2013-03-08 10:59:49.902	2	7	9	\N	\N	\N	0
67574	10	10	50	21	3900	2013-03-08 10:59:50.021	2	7	9	\N	\N	\N	0
67575	10	10	50	21	3900	2013-03-08 10:59:50.139	2	7	9	\N	\N	\N	0
67576	10	10	50	21	3900	2013-03-08 10:59:50.258	2	7	9	\N	\N	\N	0
67577	10	10	50	21	3900	2013-03-08 10:59:50.377	2	7	9	\N	\N	\N	0
67578	10	10	50	21	3900	2013-03-08 10:59:50.496	2	7	9	\N	\N	\N	0
67579	10	10	50	21	3900	2013-03-08 10:59:50.626	2	7	9	\N	\N	\N	0
67580	10	10	50	21	3900	2013-03-08 10:59:50.75	2	7	9	\N	\N	\N	0
67581	10	10	50	21	3900	2013-03-08 10:59:50.879	2	7	9	\N	\N	\N	0
67585	10	10	50	21	3900	2013-03-08 10:59:51.385	2	7	9	\N	\N	\N	0
67586	10	10	50	21	3900	2013-03-08 10:59:51.514	2	7	9	\N	\N	\N	0
67587	10	10	50	21	3900	2013-03-08 10:59:51.634	2	7	9	\N	\N	\N	0
67588	10	10	50	21	3900	2013-03-08 10:59:51.797	2	7	9	\N	\N	\N	0
67589	10	10	50	21	3900	2013-03-08 10:59:51.96	2	7	9	\N	\N	\N	0
67590	10	10	50	21	3900	2013-03-08 10:59:52.339	2	7	9	\N	\N	\N	0
67592	10	10	50	21	3900	2013-03-08 10:59:52.754	2	7	9	\N	\N	\N	0
67594	10	10	50	21	3900	2013-03-08 10:59:53.022	2	7	9	\N	\N	\N	0
67595	10	10	50	21	3900	2013-03-08 10:59:53.144	2	7	9	\N	\N	\N	0
67596	10	10	50	21	3900	2013-03-08 10:59:53.267	2	7	9	\N	\N	\N	0
67597	10	10	50	21	3900	2013-03-08 10:59:53.39	2	7	9	\N	\N	\N	0
67598	10	10	50	21	3900	2013-03-08 10:59:53.512	2	7	9	\N	\N	\N	0
67599	10	10	50	21	3900	2013-03-08 10:59:53.641	2	7	9	\N	\N	\N	0
67600	10	10	50	21	3900	2013-03-08 10:59:53.765	2	7	9	\N	\N	\N	0
67601	10	10	50	21	3900	2013-03-08 10:59:53.887	2	7	9	\N	\N	\N	0
67602	10	10	50	21	3900	2013-03-08 10:59:54.011	2	7	9	\N	\N	\N	0
67395	10	10	50	21	3900	2013-03-08 10:59:25.851	2	7	9	\N	\N	\N	0
67506	10	10	50	21	3900	2013-03-08 10:59:41.606	2	7	9	\N	\N	\N	0
67508	10	10	50	21	3900	2013-03-08 10:59:41.867	2	7	9	\N	\N	\N	0
67509	10	10	50	21	3900	2013-03-08 10:59:41.986	2	7	9	\N	\N	\N	0
67510	10	10	50	21	3900	2013-03-08 10:59:42.108	2	7	9	\N	\N	\N	0
67512	10	10	50	21	3900	2013-03-08 10:59:42.388	2	7	9	\N	\N	\N	0
67516	10	10	50	21	3900	2013-03-08 10:59:42.873	2	7	9	\N	\N	\N	0
67517	10	10	50	21	3900	2013-03-08 10:59:42.989	2	7	9	\N	\N	\N	0
67518	10	10	50	21	3900	2013-03-08 10:59:43.117	2	7	9	\N	\N	\N	0
67519	10	10	50	21	3900	2013-03-08 10:59:43.232	2	7	9	\N	\N	\N	0
67520	10	10	50	21	3900	2013-03-08 10:59:43.348	2	7	9	\N	\N	\N	0
67521	10	10	50	21	3900	2013-03-08 10:59:43.463	2	7	9	\N	\N	\N	0
67522	10	10	50	21	3900	2013-03-08 10:59:43.582	2	7	9	\N	\N	\N	0
67523	10	10	50	21	3900	2013-03-08 10:59:43.697	2	7	9	\N	\N	\N	0
67524	10	10	50	21	3900	2013-03-08 10:59:43.813	2	7	9	\N	\N	\N	0
67525	10	10	50	21	3900	2013-03-08 10:59:43.944	2	7	9	\N	\N	\N	0
67526	10	10	50	21	3900	2013-03-08 10:59:44.061	2	7	9	\N	\N	\N	0
67527	10	10	50	21	3900	2013-03-08 10:59:44.179	2	7	9	\N	\N	\N	0
67528	10	10	50	21	3900	2013-03-08 10:59:44.296	2	7	9	\N	\N	\N	0
67529	10	10	50	21	3900	2013-03-08 10:59:44.412	2	7	9	\N	\N	\N	0
67530	10	10	50	21	3900	2013-03-08 10:59:44.526	2	7	9	\N	\N	\N	0
67531	10	10	50	21	3900	2013-03-08 10:59:44.644	2	7	9	\N	\N	\N	0
67532	10	10	50	21	3900	2013-03-08 10:59:44.768	2	7	9	\N	\N	\N	0
67533	10	10	50	21	3900	2013-03-08 10:59:44.893	2	7	9	\N	\N	\N	0
67535	10	10	50	21	3900	2013-03-08 10:59:45.169	2	7	9	\N	\N	\N	0
67537	10	10	50	21	3900	2013-03-08 10:59:45.456	2	7	9	\N	\N	\N	0
67550	10	10	50	21	3900	2013-03-08 10:59:47.046	2	7	9	\N	\N	\N	0
67551	10	10	50	21	3900	2013-03-08 10:59:47.166	2	7	9	\N	\N	\N	0
67552	10	10	50	21	3900	2013-03-08 10:59:47.292	2	7	9	\N	\N	\N	0
67553	10	10	50	21	3900	2013-03-08 10:59:47.409	2	7	9	\N	\N	\N	0
67554	10	10	50	21	3900	2013-03-08 10:59:47.526	2	7	9	\N	\N	\N	0
67555	10	10	50	21	3900	2013-03-08 10:59:47.644	2	7	9	\N	\N	\N	0
67564	10	10	50	21	3900	2013-03-08 10:59:48.77	2	7	9	\N	\N	\N	0
67565	10	10	50	21	3900	2013-03-08 10:59:48.9	2	7	9	\N	\N	\N	0
67567	10	10	50	21	3900	2013-03-08 10:59:49.165	2	7	9	\N	\N	\N	0
67582	10	10	50	21	3900	2013-03-08 10:59:51.019	2	7	9	\N	\N	\N	0
67583	10	10	50	21	3900	2013-03-08 10:59:51.138	2	7	9	\N	\N	\N	0
67584	10	10	50	21	3900	2013-03-08 10:59:51.262	2	7	9	\N	\N	\N	0
67591	10	10	50	21	3900	2013-03-08 10:59:52.607	2	7	9	\N	\N	\N	0
67593	10	10	50	21	3900	2013-03-08 10:59:52.89	2	7	9	\N	\N	\N	0
67604	10	10	50	21	3900	2013-03-08 11:02:25.355	2	7	7	\N	\N	\N	0
67605	10	10	\N	25	80	2013-03-08 11:05:26.859	2	11	9	\N	\N	\N	0
68000	10	10	\N	25	70	2013-03-08 11:28:17.129	2	11	7	\N	\N	\N	0
68001	10	10	\N	25	80	2013-03-08 11:34:46.802	2	11	7	\N	\N	\N	0
69000	10	10	\N	25	90	2013-03-08 12:00:15.82	2	11	25	\N	\N	\N	0
70000	10	\N	40	21	4000	2013-03-08 12:11:02.529	2	7	25	\N	\N	\N	0
70001	10	10	40	21	4000	2013-03-08 12:11:02.841	2	7	9	\N	\N	\N	0
70002	10	10	40	21	4000	2013-03-08 12:11:02.974	2	7	9	\N	\N	\N	0
70003	10	10	40	21	4000	2013-03-08 12:11:03.179	2	7	9	\N	\N	\N	0
70004	10	10	40	21	4000	2013-03-08 12:11:04.243	2	7	9	\N	\N	\N	0
70005	10	10	40	21	4000	2013-03-08 12:11:04.349	2	7	9	\N	\N	\N	0
70006	10	10	40	21	4000	2013-03-08 12:11:04.485	2	7	9	\N	\N	\N	0
70007	10	10	40	21	4000	2013-03-08 12:11:04.653	2	7	9	\N	\N	\N	0
70008	10	10	40	21	4000	2013-03-08 12:11:04.874	2	7	9	\N	\N	\N	0
70009	10	10	40	21	4000	2013-03-08 12:11:04.965	2	7	9	\N	\N	\N	0
70010	10	10	40	21	4000	2013-03-08 12:11:05.047	2	7	9	\N	\N	\N	0
70011	10	10	40	21	4000	2013-03-08 12:11:05.186	2	7	9	\N	\N	\N	0
70012	10	10	40	21	4000	2013-03-08 12:11:05.447	2	7	9	\N	\N	\N	0
70013	10	10	40	21	4000	2013-03-08 12:11:05.535	2	7	9	\N	\N	\N	0
70014	10	10	40	21	4000	2013-03-08 12:11:05.642	2	7	9	\N	\N	\N	0
70015	10	10	40	21	4000	2013-03-08 12:11:05.724	2	7	9	\N	\N	\N	0
70016	10	10	40	21	4000	2013-03-08 12:11:05.822	2	7	9	\N	\N	\N	0
70017	10	10	40	21	4000	2013-03-08 12:11:05.916	2	7	9	\N	\N	\N	0
70018	10	10	40	21	4000	2013-03-08 12:11:05.998	2	7	9	\N	\N	\N	0
70019	10	10	40	21	4000	2013-03-08 12:11:06.09	2	7	9	\N	\N	\N	0
70020	10	10	40	21	4000	2013-03-08 12:11:06.365	2	7	9	\N	\N	\N	0
70021	10	10	40	21	4000	2013-03-08 12:11:06.458	2	7	9	\N	\N	\N	0
70022	10	10	40	21	4000	2013-03-08 12:11:06.556	2	7	9	\N	\N	\N	0
70023	10	10	40	21	4000	2013-03-08 12:11:06.642	2	7	9	\N	\N	\N	0
70024	10	10	40	21	4000	2013-03-08 12:11:06.723	2	7	9	\N	\N	\N	0
70025	10	10	40	21	4000	2013-03-08 12:11:06.813	2	7	9	\N	\N	\N	0
70026	10	10	40	21	4000	2013-03-08 12:11:06.89	2	7	9	\N	\N	\N	0
70027	10	10	40	21	4000	2013-03-08 12:11:06.969	2	7	9	\N	\N	\N	0
70028	10	10	40	21	4000	2013-03-08 12:11:07.084	2	7	9	\N	\N	\N	0
70029	10	10	40	21	4000	2013-03-08 12:11:07.17	2	7	9	\N	\N	\N	0
70030	10	10	40	21	4000	2013-03-08 12:11:07.252	2	7	9	\N	\N	\N	0
70031	10	10	40	21	4000	2013-03-08 12:11:07.332	2	7	9	\N	\N	\N	0
70032	10	10	40	21	4000	2013-03-08 12:11:07.447	2	7	9	\N	\N	\N	0
70033	10	10	40	21	4000	2013-03-08 12:11:07.529	2	7	9	\N	\N	\N	0
70034	10	10	40	21	4000	2013-03-08 12:11:07.638	2	7	9	\N	\N	\N	0
70035	10	10	40	21	4000	2013-03-08 12:11:07.728	2	7	9	\N	\N	\N	0
70036	10	10	40	21	4000	2013-03-08 12:11:07.855	2	7	9	\N	\N	\N	0
70037	10	10	40	21	4000	2013-03-08 12:11:07.971	2	7	9	\N	\N	\N	0
70038	10	10	40	21	4000	2013-03-08 12:11:08.069	2	7	9	\N	\N	\N	0
70039	10	10	40	21	4000	2013-03-08 12:11:08.158	2	7	9	\N	\N	\N	0
70040	10	10	40	21	4000	2013-03-08 12:11:08.238	2	7	9	\N	\N	\N	0
70041	10	10	40	21	4000	2013-03-08 12:11:08.328	2	7	9	\N	\N	\N	0
70042	10	10	40	21	4000	2013-03-08 12:11:08.426	2	7	9	\N	\N	\N	0
70043	10	10	40	21	4000	2013-03-08 12:11:08.515	2	7	9	\N	\N	\N	0
70044	10	10	40	21	4000	2013-03-08 12:11:08.634	2	7	9	\N	\N	\N	0
70045	10	10	40	21	4000	2013-03-08 12:11:08.721	2	7	9	\N	\N	\N	0
70046	10	10	40	21	4000	2013-03-08 12:11:08.805	2	7	9	\N	\N	\N	0
70047	10	10	40	21	4000	2013-03-08 12:11:08.881	2	7	9	\N	\N	\N	0
70048	10	10	40	21	4000	2013-03-08 12:11:08.958	2	7	9	\N	\N	\N	0
70049	10	10	40	21	4000	2013-03-08 12:11:09.051	2	7	9	\N	\N	\N	0
70050	10	10	40	21	4000	2013-03-08 12:11:09.132	2	7	9	\N	\N	\N	0
70051	10	10	40	21	4000	2013-03-08 12:11:09.214	2	7	9	\N	\N	\N	0
70052	10	10	40	21	4000	2013-03-08 12:11:09.325	2	7	9	\N	\N	\N	0
70053	10	10	40	21	4000	2013-03-08 12:11:09.404	2	7	9	\N	\N	\N	0
70054	10	10	40	21	4000	2013-03-08 12:11:09.483	2	7	9	\N	\N	\N	0
70055	10	10	40	21	4000	2013-03-08 12:11:09.562	2	7	9	\N	\N	\N	0
70056	10	10	40	21	4000	2013-03-08 12:11:09.647	2	7	9	\N	\N	\N	0
70057	10	10	40	21	4000	2013-03-08 12:11:09.742	2	7	9	\N	\N	\N	0
70058	10	10	40	21	4000	2013-03-08 12:11:09.839	2	7	9	\N	\N	\N	0
70059	10	10	40	21	4000	2013-03-08 12:11:09.929	2	7	9	\N	\N	\N	0
70060	10	10	40	21	4000	2013-03-08 12:11:10.078	2	7	9	\N	\N	\N	0
70061	10	10	40	21	4000	2013-03-08 12:11:10.161	2	7	9	\N	\N	\N	0
70062	10	10	40	21	4000	2013-03-08 12:11:10.245	2	7	9	\N	\N	\N	0
70067	10	10	40	21	4000	2013-03-08 12:11:10.669	2	7	9	\N	\N	\N	0
70068	10	10	40	21	4000	2013-03-08 12:11:10.792	2	7	9	\N	\N	\N	0
70069	10	10	40	21	4000	2013-03-08 12:11:10.872	2	7	9	\N	\N	\N	0
70063	10	10	40	21	4000	2013-03-08 12:11:10.332	2	7	9	\N	\N	\N	0
70064	10	10	40	21	4000	2013-03-08 12:11:10.414	2	7	9	\N	\N	\N	0
70065	10	10	40	21	4000	2013-03-08 12:11:10.495	2	7	9	\N	\N	\N	0
70066	10	10	40	21	4000	2013-03-08 12:11:10.575	2	7	9	\N	\N	\N	0
71000	10	10	\N	25	90	2013-03-08 13:11:32.45	2	11	9	\N	\N	\N	0
71001	10	10	\N	25	100	2013-03-08 13:11:44.055	2	11	25	\N	\N	\N	0
71002	10	10	40	21	4000	2013-03-08 13:17:04.384	2	7	7	\N	\N	\N	0
71003	10	\N	50	21	4100	2013-03-08 13:17:59.926	2	7	25	\N	\N	\N	0
71004	10	\N	50	21	4101	2013-03-08 13:18:38.507	2	7	25	\N	\N	\N	0
71005	10	\N	50	21	4100	2013-03-08 13:19:21.636	3	1	1	\N	\N	\N	0
71006	10	\N	50	39	1200	2013-03-08 13:19:21.791	2	9	25	\N	\N	\N	0
71007	10	\N	50	21	4101	2013-03-08 13:19:22.25	2	7	13	1	\N	\N	0
71008	10	\N	50	10	50	2013-03-08 13:19:23.388	2	10	24	\N	\N	\N	0
71009	10	\N	50	42	900	2013-03-08 13:19:51.837	2	10	25	\N	\N	\N	0
71010	10	10	50	21	4100	2013-03-08 13:28:12.829	2	7	9	\N	\N	\N	0
71011	10	\N	50	21	4102	2013-03-08 13:28:12.952	2	7	25	\N	\N	\N	0
71012	10	10	50	21	4102	2013-03-08 13:28:35.865	2	7	7	\N	\N	\N	0
72000	10	10	50	21	4100	2013-03-08 14:48:00.71	2	7	9	\N	\N	\N	0
73000	10	\N	40	21	4200	2013-03-08 15:02:46.351	2	7	25	\N	\N	\N	0
73001	10	\N	40	21	4201	2013-03-08 15:04:02.297	2	7	25	\N	\N	\N	0
73002	10	\N	40	39	1300	2013-03-08 15:04:27.416	2	9	25	\N	\N	\N	0
73003	10	\N	40	21	4201	2013-03-08 15:04:27.557	2	7	13	1	\N	\N	0
73004	10	\N	40	42	1000	2013-03-08 15:04:56.119	2	10	25	\N	\N	\N	0
74000	10	\N	40	21	4200	2013-03-08 15:54:19.764	3	1	1	\N	\N	\N	0
74001	10	\N	40	39	1400	2013-03-08 15:54:19.957	2	9	25	\N	\N	\N	0
74002	10	\N	40	42	1100	2013-03-08 15:55:08.669	2	10	25	\N	\N	\N	0
75000	10	10	40	21	4200	2013-03-08 16:03:57.231	2	7	9	\N	\N	\N	0
75001	10	\N	40	21	4300	2013-03-08 16:03:57.373	2	7	25	\N	\N	\N	0
75002	10	10	40	21	4300	2013-03-08 16:18:43.623	2	7	7	\N	\N	\N	0
75003	10	10	40	21	4200	2013-03-08 16:19:59.457	2	7	9	\N	\N	\N	0
75004	10	\N	40	21	4301	2013-03-08 16:19:59.522	2	7	25	\N	\N	\N	0
75005	10	10	40	21	4200	2013-03-08 16:27:51.842	2	7	9	\N	\N	\N	0
75006	10	\N	40	21	4302	2013-03-08 16:27:51.907	2	7	25	\N	\N	\N	0
75007	10	10	40	21	4200	2013-03-08 16:38:17.407	2	7	9	\N	\N	\N	0
75008	10	10	40	21	4200	2013-03-08 16:38:54.878	2	7	9	\N	\N	\N	0
75009	10	\N	40	21	4303	2013-03-08 16:38:54.912	2	7	25	\N	\N	\N	0
75010	10	10	40	21	4200	2013-03-08 16:41:55.185	2	7	9	\N	\N	\N	0
75011	10	\N	40	21	4304	2013-03-08 16:41:55.233	2	7	25	\N	\N	\N	0
75012	10	\N	40	39	1500	2013-03-08 16:44:44.885	2	9	25	\N	\N	\N	0
75013	10	\N	40	21	4301	2013-03-08 16:44:45.034	2	7	13	1	\N	\N	0
75014	10	\N	40	21	4302	2013-03-08 16:45:10.984	2	7	13	1	\N	\N	0
75015	10	\N	40	39	1500	2013-03-08 16:45:10.987	2	9	16	\N	\N	\N	0
75016	10	\N	40	21	4303	2013-03-08 16:45:20.128	2	7	13	1	\N	\N	0
75017	10	\N	40	39	1500	2013-03-08 16:45:20.132	2	9	16	\N	\N	\N	0
75018	10	\N	40	21	4304	2013-03-08 16:45:29.334	2	7	13	1	\N	\N	0
75019	10	\N	40	39	1500	2013-03-08 16:45:29.337	2	9	16	\N	\N	\N	0
76000	10	\N	40	21	4304	2013-03-12 09:22:56.948	2	7	13	2	\N	\N	0
76001	10	\N	40	21	4303	2013-03-12 09:22:57.217	2	7	13	2	\N	\N	0
76002	10	\N	40	21	4302	2013-03-12 09:22:57.224	2	7	13	2	\N	\N	0
76003	10	\N	40	21	4301	2013-03-12 09:22:57.23	2	7	13	2	\N	\N	0
76004	10	\N	\N	27	1800	2013-03-12 09:22:57.394	2	2	7	\N	\N	\N	0
76005	10	10	40	39	1500	2013-03-12 09:22:57.447	2	9	7	\N	\N	\N	0
76006	10	10	40	21	4304	2013-03-12 09:23:14.591	2	7	7	\N	\N	\N	0
76007	10	10	40	21	4303	2013-03-12 09:23:20.164	2	7	7	\N	\N	\N	0
76008	10	10	40	21	4302	2013-03-12 09:23:43.709	2	7	7	\N	\N	\N	0
76009	10	10	40	21	4301	2013-03-12 09:23:50.74	2	7	7	\N	\N	\N	0
76010	10	\N	30	21	4400	2013-03-12 09:27:26.191	2	7	25	\N	\N	\N	0
76011	10	10	40	21	4200	2013-03-12 09:29:16.768	2	7	9	\N	\N	\N	0
76012	10	\N	40	21	4401	2013-03-12 09:29:16.819	2	7	25	\N	\N	\N	0
76013	10	10	40	21	4401	2013-03-12 09:30:53.188	2	7	9	\N	\N	\N	0
76014	10	\N	40	39	1600	2013-03-12 09:31:49.189	2	9	25	\N	\N	\N	0
76015	10	\N	40	21	4401	2013-03-12 09:31:49.717	2	7	13	1	\N	\N	0
76016	10	10	40	21	4200	2013-03-12 09:35:41.46	2	7	9	\N	\N	\N	0
76017	10	10	40	21	4200	2013-03-12 09:37:30.722	2	7	9	\N	\N	\N	0
76018	10	10	40	21	4401	2013-03-12 09:39:10.718	2	7	9	\N	\N	\N	0
76019	10	10	30	21	4400	2013-03-12 09:40:32.516	2	7	9	\N	\N	\N	0
77000	10	10	\N	14	802	2013-03-12 10:07:21.505	2	3	9	\N	\N	\N	0
77001	10	10	\N	14	802	2013-03-12 10:07:29.984	2	3	9	\N	\N	\N	0
77002	10	\N	50	21	4500	2013-03-12 10:15:25.073	2	7	25	\N	\N	\N	0
77003	10	10	50	21	4500	2013-03-12 10:15:32.327	2	7	7	\N	\N	\N	0
77004	10	\N	30	21	4501	2013-03-12 10:16:33.707	2	7	25	\N	\N	\N	0
77005	10	\N	30	39	1700	2013-03-12 10:16:57.075	2	9	25	\N	\N	\N	0
77006	10	\N	\N	27	2000	2013-03-12 10:18:56.952	2	2	7	\N	\N	\N	0
77007	10	10	30	39	1700	2013-03-12 10:18:56.96	2	9	7	\N	\N	\N	0
77008	10	\N	40	21	4401	2013-03-12 10:19:01.005	2	7	13	2	\N	\N	0
77009	10	\N	\N	27	1900	2013-03-12 10:19:01.031	2	2	7	\N	\N	\N	0
77010	10	10	40	39	1600	2013-03-12 10:19:01.039	2	9	7	\N	\N	\N	0
77011	10	\N	\N	27	1700	2013-03-12 10:19:05.459	2	2	7	\N	\N	\N	0
77012	10	\N	40	80	1100	2013-03-12 10:19:05.467	2	10	7	\N	\N	\N	0
77013	10	10	40	39	1400	2013-03-12 10:19:05.475	2	9	7	\N	\N	\N	0
77014	10	\N	40	21	4201	2013-03-12 10:19:10.622	2	7	13	2	\N	\N	0
77015	10	\N	\N	27	1600	2013-03-12 10:19:10.635	2	2	7	\N	\N	\N	0
77016	10	\N	40	80	1000	2013-03-12 10:19:10.639	2	10	7	\N	\N	\N	0
77017	10	10	40	39	1300	2013-03-12 10:19:10.65	2	9	7	\N	\N	\N	0
77018	10	\N	50	21	4101	2013-03-12 10:19:14.425	2	7	13	2	\N	\N	0
77019	10	\N	\N	27	1500	2013-03-12 10:19:14.448	2	2	7	\N	\N	\N	0
77020	10	\N	50	80	900	2013-03-12 10:19:14.452	2	10	7	\N	\N	\N	0
77021	10	10	50	39	1200	2013-03-12 10:19:14.461	2	9	7	\N	\N	\N	0
77022	10	10	30	21	4501	2013-03-12 10:19:20.246	2	7	7	\N	\N	\N	0
77023	10	10	40	21	4401	2013-03-12 10:19:24.229	2	7	7	\N	\N	\N	0
77024	10	10	30	21	4400	2013-03-12 10:19:28.222	2	7	7	\N	\N	\N	0
77025	10	10	40	21	4201	2013-03-12 10:19:32.441	2	7	7	\N	\N	\N	0
77026	10	10	40	21	4200	2013-03-12 10:19:36.472	2	7	7	\N	\N	\N	0
77027	10	10	50	21	4100	2013-03-12 10:23:05.084	2	7	7	\N	\N	\N	0
77028	10	10	50	21	4101	2013-03-12 10:23:11.132	2	7	7	\N	\N	\N	0
77029	10	\N	30	21	4502	2013-03-12 10:23:55.874	2	7	25	\N	\N	\N	0
77030	10	\N	30	21	4503	2013-03-12 10:24:37.83	2	7	25	\N	\N	\N	0
77031	10	\N	30	39	1701	2013-03-12 10:25:52.378	2	9	25	\N	\N	\N	0
77032	10	\N	30	21	4502	2013-03-12 10:25:52.399	2	7	13	1	\N	\N	0
77033	10	\N	30	39	1701	2013-03-12 10:26:08.492	2	9	16	\N	\N	\N	0
77034	10	10	30	21	4503	2013-03-12 10:27:55.89	2	7	9	\N	\N	\N	0
77035	10	\N	30	21	4504	2013-03-12 10:27:55.923	2	7	25	\N	\N	\N	0
77036	10	\N	30	21	4505	2013-03-12 10:28:30.378	2	7	25	\N	\N	\N	0
77039	10	\N	30	21	4504	2013-03-12 10:28:46.733	2	7	13	1	\N	\N	0
77040	10	\N	30	39	1702	2013-03-12 10:28:46.735	2	9	16	\N	\N	\N	0
77037	10	\N	30	39	1702	2013-03-12 10:28:36.53	2	9	25	\N	\N	\N	0
77038	10	\N	30	21	4505	2013-03-12 10:28:36.546	2	7	13	1	\N	\N	0
77041	10	\N	50	21	4506	2013-03-12 10:52:11.829	2	7	25	\N	\N	\N	0
77042	10	\N	50	39	1703	2013-03-12 10:52:14.983	2	9	25	\N	\N	\N	0
77043	10	\N	50	21	4506	2013-03-12 10:52:15.001	2	7	13	1	\N	\N	0
77044	10	\N	40	21	4507	2013-03-12 10:55:19.246	2	7	25	\N	\N	\N	0
77045	10	\N	40	39	1704	2013-03-12 10:55:25.345	2	9	25	\N	\N	\N	0
77046	10	10	40	21	4507	2013-03-12 10:56:01.834	2	7	9	\N	\N	\N	0
77047	10	\N	40	21	4508	2013-03-12 10:56:01.86	2	7	25	\N	\N	\N	0
77048	10	\N	40	21	4508	2013-03-12 10:56:38.092	2	7	13	1	\N	\N	0
77049	10	\N	40	39	1704	2013-03-12 10:56:38.094	2	9	16	\N	\N	\N	0
77057	10	10	30	21	4505	2013-03-12 10:57:50.113	2	7	7	\N	\N	\N	0
77061	10	\N	30	21	4509	2013-03-12 10:58:25.494	2	7	25	\N	\N	\N	0
77062	10	\N	30	39	1705	2013-03-12 10:58:33.868	2	9	25	\N	\N	\N	0
77069	10	\N	30	39	1706	2013-03-12 11:01:24.339	2	9	25	\N	\N	\N	0
77070	10	10	30	12	200	2013-03-12 11:03:14.546	2	2	34	0	\N	\N	0
77071	10	10	30	10	30	2013-03-12 11:03:14.551	2	2	9	\N	\N	\N	0
77072	10	\N	30	27	300	2013-03-12 11:03:14.682	2	2	9	\N	\N	\N	0
77073	10	\N	30	27	300	2013-03-12 11:03:14.744	2	2	9	\N	\N	\N	0
77050	10	\N	30	21	4504	2013-03-12 10:57:39.75	2	7	13	2	\N	\N	0
77051	10	\N	30	21	4505	2013-03-12 10:57:39.755	2	7	13	2	\N	\N	0
77052	10	\N	\N	27	2002	2013-03-12 10:57:39.769	2	2	7	\N	\N	\N	0
77053	10	10	30	39	1702	2013-03-12 10:57:39.781	2	9	7	\N	\N	\N	0
77054	10	\N	30	21	4502	2013-03-12 10:57:44.014	2	7	13	2	\N	\N	0
77055	10	\N	\N	27	2001	2013-03-12 10:57:44.045	2	2	7	\N	\N	\N	0
77056	10	10	30	39	1701	2013-03-12 10:57:44.057	2	9	7	\N	\N	\N	0
77058	10	10	30	21	4504	2013-03-12 10:57:54.115	2	7	7	\N	\N	\N	0
77059	10	10	30	21	4503	2013-03-12 10:57:58.128	2	7	7	\N	\N	\N	0
77060	10	10	30	21	4502	2013-03-12 10:58:01.818	2	7	7	\N	\N	\N	0
77063	10	\N	30	21	4510	2013-03-12 10:59:02.704	2	7	25	\N	\N	\N	0
77064	10	\N	30	21	4510	2013-03-12 10:59:11.383	2	7	13	1	\N	\N	0
77065	10	\N	30	39	1705	2013-03-12 10:59:11.384	2	9	16	\N	\N	\N	0
77066	10	\N	30	21	4510	2013-03-12 11:00:07.572	2	7	13	2	\N	\N	0
77067	10	\N	\N	27	2005	2013-03-12 11:00:07.588	2	2	7	\N	\N	\N	0
77068	10	10	30	39	1705	2013-03-12 11:00:07.599	2	9	7	\N	\N	\N	0
77074	10	\N	30	21	4511	2013-03-12 11:35:33.421	2	7	25	\N	\N	\N	0
77075	10	\N	30	21	4511	2013-03-12 11:35:53.827	2	7	13	1	\N	\N	0
77076	10	\N	30	39	1706	2013-03-12 11:35:53.828	2	9	16	\N	\N	\N	0
77077	10	\N	30	21	4511	2013-03-12 11:36:40.021	2	7	13	2	\N	\N	0
77078	10	\N	\N	27	2006	2013-03-12 11:36:40.035	2	2	7	\N	\N	\N	0
77079	10	10	30	39	1706	2013-03-12 11:36:40.042	2	9	7	\N	\N	\N	0
77080	10	\N	50	21	4512	2013-03-12 11:36:57.898	2	7	25	\N	\N	\N	0
77081	10	\N	50	21	4513	2013-03-12 11:37:11.166	2	7	25	\N	\N	\N	0
77082	10	\N	50	39	1707	2013-03-12 11:37:15.923	2	9	25	\N	\N	\N	0
77083	10	\N	50	21	4512	2013-03-12 11:37:16.044	2	7	13	1	\N	\N	0
77084	10	\N	50	21	4513	2013-03-12 11:37:24.695	2	7	13	1	\N	\N	0
77085	10	\N	50	39	1707	2013-03-12 11:37:24.697	2	9	16	\N	\N	\N	0
77086	10	\N	50	21	4512	2013-03-12 11:38:47.506	2	7	13	2	\N	\N	0
77087	10	\N	50	21	4513	2013-03-12 11:38:47.511	2	7	13	2	\N	\N	0
77088	10	\N	\N	27	2007	2013-03-12 11:38:47.523	2	2	7	\N	\N	\N	0
77089	10	\N	50	80	1202	2013-03-12 11:38:47.526	2	10	7	\N	\N	\N	0
77090	10	10	50	39	1707	2013-03-12 11:38:47.533	2	9	7	\N	\N	\N	0
77091	10	\N	50	39	1708	2013-03-12 11:39:00.954	2	9	25	\N	\N	\N	0
77092	10	\N	50	21	4513	2013-03-12 11:39:00.971	2	7	13	1	\N	\N	0
77093	10	\N	50	21	4512	2013-03-12 11:39:16.934	2	7	13	1	\N	\N	0
77094	10	\N	50	39	1708	2013-03-12 11:39:16.935	2	9	16	\N	\N	\N	0
77095	10	\N	40	42	1000	2013-03-12 11:41:59.393	2	10	7	\N	\N	\N	0
77096	10	\N	40	80	1201	2013-03-12 11:42:03.129	2	10	7	\N	\N	\N	0
77097	10	\N	40	42	1100	2013-03-12 11:42:06.707	2	10	7	\N	\N	\N	0
77098	10	\N	50	80	1203	2013-03-12 11:42:09.159	2	10	7	\N	\N	\N	0
77099	10	\N	50	80	1200	2013-03-12 11:42:10.344	2	10	7	\N	\N	\N	0
77100	10	\N	50	42	900	2013-03-12 11:42:14.282	2	10	7	\N	\N	\N	0
77101	10	\N	\N	27	2008	2013-03-12 11:43:24.597	2	2	7	\N	\N	\N	0
77102	10	10	50	39	1708	2013-03-12 11:43:24.604	2	9	7	\N	\N	\N	0
77103	10	\N	\N	27	2004	2013-03-12 11:43:28.468	2	2	7	\N	\N	\N	0
77104	10	10	40	39	1704	2013-03-12 11:43:28.476	2	9	7	\N	\N	\N	0
77105	10	\N	\N	27	2003	2013-03-12 11:43:32.077	2	2	7	\N	\N	\N	0
77106	10	10	50	39	1703	2013-03-12 11:43:32.084	2	9	7	\N	\N	\N	0
77107	10	10	\N	14	802	2013-03-12 11:44:38.016	2	3	9	\N	\N	\N	0
78000	10	10	\N	25	100	2013-03-12 12:08:55.668	2	11	9	\N	\N	\N	0
78001	10	10	\N	25	110	2013-03-12 12:10:37.848	2	11	25	\N	\N	\N	0
79000	10	10	\N	25	90	2013-03-12 12:26:44.884	2	11	7	\N	\N	\N	0
79001	10	10	\N	25	100	2013-03-12 12:26:56.233	2	11	7	\N	\N	\N	0
80000	10	10	\N	25	110	2013-03-12 15:28:00.184	2	11	7	\N	\N	\N	0
80001	10	10	\N	25	120	2013-03-12 15:28:13.992	2	11	25	\N	\N	\N	0
81000	10	10	\N	14	802	2013-03-12 16:23:06.871	2	3	9	\N	\N	\N	0
82000	10	10	\N	14	900	2013-03-13 09:41:14.038	2	3	7	\N	\N	\N	0
82001	10	10	\N	13	400	2013-03-13 09:41:18.088	2	4	7	\N	\N	\N	0
82002	10	10	\N	13	300	2013-03-13 09:41:23.65	2	4	7	\N	\N	\N	0
82003	10	10	\N	13	201	2013-03-13 09:42:12.457	2	4	9	\N	Licenses	\N	0
82004	10	10	\N	25	130	2013-03-13 09:55:18.787	2	11	25	\N	\N	\N	0
82005	10	10	\N	14	802	2013-03-13 09:56:56.562	2	3	7	\N	\N	\N	0
83000	10	10	\N	25	120	2013-03-13 10:32:18.742	2	11	7	\N	\N	\N	0
84000	10	10	\N	25	140	2013-03-13 10:52:54.015	2	11	25	\N	\N	\N	0
84001	10	10	\N	25	130	2013-03-13 10:53:21.175	2	11	7	\N	\N	\N	0
84002	10	\N	30	21	4600	2013-03-13 10:54:31.547	2	7	25	\N	\N	\N	0
84003	10	10	30	21	4600	2013-03-13 10:55:07.409	2	7	7	\N	\N	\N	0
84004	10	\N	40	21	4601	2013-03-13 10:55:42.654	2	7	25	\N	\N	\N	0
84005	10	\N	40	21	4601	2013-03-13 10:58:41.93	3	1	1	\N	\N	\N	0
84006	10	\N	40	39	1800	2013-03-13 10:58:42.151	2	9	25	\N	\N	\N	0
84007	10	10	40	21	4601	2013-03-13 11:12:40.609	2	7	9	\N	\N	\N	0
84008	10	\N	40	21	4602	2013-03-13 11:12:40.7	2	7	25	\N	\N	\N	0
84009	10	10	\N	14	1000	2013-03-13 11:14:35.369	2	3	9	\N	\N	\N	0
84010	10	10	40	21	4602	2013-03-13 11:15:23.996	2	7	7	\N	\N	\N	0
84011	10	10	40	21	4601	2013-03-13 11:15:47.769	2	7	9	\N	\N	\N	0
84012	10	10	40	21	4601	2013-03-13 11:16:20.426	2	7	9	\N	\N	\N	0
84013	10	\N	40	21	4603	2013-03-13 11:16:20.456	2	7	25	\N	\N	\N	0
84014	10	10	40	21	4603	2013-03-13 11:16:48.16	2	7	9	\N	\N	\N	0
84015	10	10	40	21	4601	2013-03-13 11:20:45.231	2	7	9	\N	\N	\N	0
84016	10	\N	40	21	4604	2013-03-13 11:20:45.283	2	7	25	\N	\N	\N	0
84017	10	10	40	21	4604	2013-03-13 11:20:54.558	2	7	9	\N	\N	\N	0
85000	10	10	40	21	4604	2013-03-13 11:35:41.213	2	7	9	\N	\N	\N	0
85001	10	10	40	21	4601	2013-03-13 11:35:58.771	2	7	9	\N	\N	\N	0
85002	10	10	40	21	4601	2013-03-13 11:36:17.732	2	7	9	\N	\N	\N	0
85003	10	10	40	21	4601	2013-03-13 11:37:25.273	2	7	7	\N	\N	\N	0
85004	10	10	40	21	4604	2013-03-13 11:37:29.561	2	7	7	\N	\N	\N	0
85005	10	10	40	21	4603	2013-03-13 11:37:33.708	2	7	7	\N	\N	\N	0
85006	10	\N	\N	27	2100	2013-03-13 11:41:58.72	2	2	7	\N	\N	\N	0
85007	10	10	40	39	1800	2013-03-13 11:41:58.742	2	9	7	\N	\N	\N	0
85008	10	\N	40	21	4700	2013-03-13 11:45:45.759	2	7	25	\N	\N	\N	0
85009	10	\N	40	21	4700	2013-03-13 11:45:49.847	3	1	1	\N	\N	\N	0
85010	10	\N	40	39	1900	2013-03-13 11:45:49.978	2	9	25	\N	\N	\N	0
85011	10	10	40	21	4700	2013-03-13 11:47:09.322	2	7	9	\N	\N	\N	0
85012	10	\N	40	21	4701	2013-03-13 11:47:09.477	2	7	25	\N	\N	\N	0
85013	10	10	40	21	4701	2013-03-13 11:47:50.625	2	7	9	\N	\N	\N	0
85014	10	10	40	21	4701	2013-03-13 11:49:48.842	2	7	7	\N	\N	\N	0
85015	10	10	40	21	4700	2013-03-13 11:50:55.136	2	7	9	\N	\N	\N	0
85016	10	\N	40	21	4702	2013-03-13 11:50:55.183	2	7	25	\N	\N	\N	0
85017	10	10	40	21	4702	2013-03-13 11:50:55.252	2	7	9	\N	\N	\N	0
86000	10	10	40	21	4700	2013-03-13 12:15:23.328	2	7	9	\N	\N	\N	0
86001	10	\N	40	21	4800	2013-03-13 12:15:23.514	2	7	25	\N	\N	\N	0
86002	10	10	40	21	4800	2013-03-13 12:15:23.666	2	7	9	\N	\N	\N	0
86004	10	10	40	21	4800	2013-03-13 12:24:05.5	2	7	7	\N	\N	\N	0
86005	10	10	40	21	4702	2013-03-13 12:24:11.267	2	7	7	\N	\N	\N	0
86006	10	10	40	21	4700	2013-03-13 12:24:41.058	2	7	9	\N	\N	\N	0
86007	10	\N	40	21	4801	2013-03-13 12:24:41.09	2	7	25	\N	\N	\N	0
86008	10	10	40	21	4801	2013-03-13 12:24:41.165	2	7	9	\N	\N	\N	0
86009	10	10	40	21	4700	2013-03-13 12:25:30.645	2	7	9	\N	\N	\N	0
86010	10	\N	40	21	4802	2013-03-13 12:25:30.677	2	7	25	\N	\N	\N	0
86011	10	10	40	21	4802	2013-03-13 12:25:30.764	2	7	9	\N	\N	\N	0
86012	10	\N	\N	27	2200	2013-03-13 12:26:33.96	2	2	7	\N	\N	\N	0
86013	10	10	40	39	1900	2013-03-13 12:26:33.973	2	9	7	\N	\N	\N	0
86014	10	10	40	21	4700	2013-03-13 12:27:05.323	2	7	9	\N	\N	\N	0
86015	10	10	40	21	4700	2013-03-13 12:31:18.841	2	7	9	\N	\N	\N	0
86016	10	\N	40	21	4700	2013-03-13 12:31:18.973	3	1	1	\N	\N	\N	0
86017	10	\N	40	39	2000	2013-03-13 12:31:19.104	2	9	25	\N	\N	\N	0
86018	10	\N	\N	27	2300	2013-03-13 12:33:11.264	2	2	7	\N	\N	\N	0
86019	10	10	40	39	2000	2013-03-13 12:33:11.274	2	9	7	\N	\N	\N	0
86020	10	10	40	21	4700	2013-03-13 12:33:22.397	2	7	9	\N	\N	\N	0
86021	10	\N	40	21	4700	2013-03-13 12:33:22.464	3	1	1	\N	\N	\N	0
86022	10	\N	40	39	2001	2013-03-13 12:33:22.54	2	9	25	\N	\N	\N	0
86023	10	\N	\N	27	2301	2013-03-13 12:34:47.87	2	2	7	\N	\N	\N	0
86024	10	10	40	39	2001	2013-03-13 12:34:47.878	2	9	7	\N	\N	\N	0
86025	10	10	40	21	4700	2013-03-13 12:38:01.274	2	7	9	\N	\N	\N	0
86026	10	\N	40	21	4700	2013-03-13 12:38:01.331	3	1	1	\N	\N	\N	0
86027	10	\N	40	39	2002	2013-03-13 12:38:01.397	2	9	25	\N	\N	\N	0
87000	10	10	\N	14	1000	2013-03-13 12:42:45.381	2	3	9	\N	\N	\N	0
87001	10	\N	40	21	4802	2013-03-13 12:50:14.058	2	7	13	1	\N	\N	0
87002	10	\N	40	39	2002	2013-03-13 12:50:14.088	2	9	16	\N	\N	\N	0
87003	10	\N	40	21	4802	2013-03-13 12:51:45.39	2	7	13	2	\N	\N	0
87004	10	\N	\N	27	2302	2013-03-13 12:51:45.432	2	2	7	\N	\N	\N	0
87005	10	10	40	39	2002	2013-03-13 12:51:45.443	2	9	7	\N	\N	\N	0
87006	10	10	40	21	4700	2013-03-13 12:51:51.515	2	7	7	\N	\N	\N	0
87007	10	10	40	21	4802	2013-03-13 12:51:55.19	2	7	7	\N	\N	\N	0
87008	10	10	40	21	4801	2013-03-13 12:51:59.155	2	7	7	\N	\N	\N	0
87009	10	\N	40	21	4900	2013-03-13 12:52:51.333	2	7	25	\N	\N	\N	0
87010	10	\N	40	21	4901	2013-03-13 12:53:36.563	2	7	25	\N	\N	\N	0
87011	10	10	40	21	4900	2013-03-13 12:53:41.761	2	7	9	\N	\N	\N	0
87012	10	\N	40	21	4900	2013-03-13 12:53:41.815	3	1	1	\N	\N	\N	0
87013	10	\N	40	39	2100	2013-03-13 12:53:41.902	2	9	25	\N	\N	\N	0
87014	10	\N	40	21	4901	2013-03-13 12:54:14.181	2	7	13	1	\N	\N	0
87015	10	\N	40	39	2100	2013-03-13 12:54:14.184	2	9	16	\N	\N	\N	0
87016	10	10	\N	25	150	2013-03-13 13:22:43.436	2	11	25	\N	\N	\N	0
87017	10	\N	40	21	4901	2013-03-13 13:22:55.43	2	7	13	2	\N	\N	0
87018	10	\N	\N	27	2400	2013-03-13 13:22:55.451	2	2	7	\N	\N	\N	0
87019	10	10	40	39	2100	2013-03-13 13:22:55.46	2	9	7	\N	\N	\N	0
87020	10	10	40	21	4900	2013-03-13 13:27:45.049	2	7	9	\N	\N	\N	0
87021	10	\N	40	21	4900	2013-03-13 13:27:45.128	3	1	1	\N	\N	\N	0
87022	10	\N	40	39	2101	2013-03-13 13:27:45.216	2	9	25	\N	\N	\N	0
87023	10	10	40	21	4901	2013-03-13 13:29:18.019	2	7	9	\N	\N	\N	0
87024	10	\N	40	39	2102	2013-03-13 13:29:20.872	2	9	25	\N	\N	\N	0
87025	10	\N	40	21	4901	2013-03-13 13:29:20.892	2	7	13	1	\N	\N	0
88000	10	10	\N	25	150	2013-03-13 13:35:35.434	2	11	7	\N	\N	\N	0
88001	10	10	\N	25	160	2013-03-13 13:36:05.538	2	11	25	\N	\N	\N	0
89000	10	10	\N	25	160	2013-03-13 13:49:58.908	2	11	7	\N	\N	\N	0
89001	10	\N	50	21	5000	2013-03-13 13:56:54.629	2	7	25	\N	\N	\N	0
89002	10	\N	50	39	2200	2013-03-13 13:57:05.793	2	9	25	\N	\N	\N	0
89003	10	\N	50	21	5000	2013-03-13 13:57:05.827	2	7	13	1	\N	\N	0
89004	10	\N	50	21	5001	2013-03-13 13:57:24.972	2	7	25	\N	\N	\N	0
89005	10	\N	50	21	5001	2013-03-13 13:57:35.858	2	7	13	1	\N	\N	0
89006	10	\N	50	39	2200	2013-03-13 13:57:35.86	2	9	16	\N	\N	\N	0
89007	10	10	\N	14	1000	2013-03-13 13:58:42.241	2	3	9	\N	\N	\N	0
90000	10	\N	50	21	5001	2013-03-13 14:03:07.166	2	7	13	2	\N	\N	0
90001	10	\N	50	21	5000	2013-03-13 14:03:07.24	2	7	13	2	\N	\N	0
90002	10	\N	\N	27	2500	2013-03-13 14:03:07.276	2	2	7	\N	\N	\N	0
90003	10	10	50	39	2200	2013-03-13 14:03:07.301	2	9	7	\N	\N	\N	0
90004	10	\N	50	39	2300	2013-03-13 14:04:19.659	2	9	25	\N	\N	\N	0
90005	10	\N	50	21	5000	2013-03-13 14:04:19.715	2	7	13	1	\N	\N	0
90006	10	\N	50	21	5001	2013-03-13 14:04:47.442	2	7	13	1	\N	\N	0
90007	10	\N	50	39	2300	2013-03-13 14:04:47.446	2	9	16	\N	\N	\N	0
91000	10	\N	50	21	5001	2013-03-13 14:13:03.028	2	7	13	2	\N	\N	0
91001	10	\N	50	21	5000	2013-03-13 14:13:03.079	2	7	13	2	\N	\N	0
91002	10	\N	\N	27	2600	2013-03-13 14:13:03.126	2	2	7	\N	\N	\N	0
91003	10	10	50	39	2300	2013-03-13 14:13:03.151	2	9	7	\N	\N	\N	0
91004	10	\N	50	39	2400	2013-03-13 14:13:10.77	2	9	25	\N	\N	\N	0
91005	10	\N	50	21	5000	2013-03-13 14:13:10.823	2	7	13	1	\N	\N	0
91006	10	\N	50	21	5001	2013-03-13 14:13:36.899	2	7	13	1	\N	\N	0
91007	10	\N	50	39	2400	2013-03-13 14:13:36.902	2	9	16	\N	\N	\N	0
91008	10	10	\N	14	1000	2013-03-13 14:32:36.776	2	3	9	\N	\N	\N	0
91009	10	10	\N	25	170	2013-03-13 14:33:05.163	2	11	25	\N	\N	\N	0
91010	10	\N	30	21	5100	2013-03-13 14:34:01.064	2	7	25	\N	\N	\N	0
91011	10	\N	30	39	2401	2013-03-13 14:34:12.558	2	9	25	\N	\N	\N	0
91012	10	\N	30	21	5100	2013-03-13 14:34:12.605	2	7	13	1	\N	\N	0
91013	10	\N	30	21	5101	2013-03-13 14:35:22.874	2	7	25	\N	\N	\N	0
91014	10	\N	30	21	5101	2013-03-13 14:35:38.208	2	7	13	1	\N	\N	0
91015	10	\N	30	39	2401	2013-03-13 14:35:38.211	2	9	16	\N	\N	\N	0
92000	10	10	30	12	200	2013-03-13 14:47:39.347	2	2	34	0	\N	\N	0
92001	10	10	30	10	30	2013-03-13 14:47:39.355	2	2	9	\N	\N	\N	0
92002	10	\N	30	27	300	2013-03-13 14:47:41.93	2	2	9	\N	\N	\N	0
92003	10	\N	30	27	300	2013-03-13 14:47:42.09	2	2	9	\N	\N	\N	0
92004	10	10	40	12	300	2013-03-13 14:48:06.709	2	2	34	0	\N	\N	0
92005	10	10	40	10	40	2013-03-13 14:48:06.71	2	2	9	\N	\N	\N	0
92006	10	\N	40	27	700	2013-03-13 14:48:06.723	2	2	9	\N	\N	\N	0
92007	10	\N	40	27	700	2013-03-13 14:48:06.773	2	2	9	\N	\N	\N	0
92008	10	10	\N	25	170	2013-03-13 14:50:10.684	2	11	9	\N	\N	\N	0
92009	10	10	\N	25	170	2013-03-13 14:51:30.635	2	11	9	\N	\N	\N	0
92010	10	\N	40	21	5200	2013-03-13 14:53:00.215	2	7	25	\N	\N	\N	0
92011	10	\N	40	39	2500	2013-03-13 14:53:42.474	2	9	25	\N	\N	\N	0
92012	10	\N	40	21	5200	2013-03-13 14:53:45.312	2	7	13	1	\N	\N	0
92013	10	\N	30	21	5201	2013-03-13 14:55:52.132	2	7	25	\N	\N	\N	0
92014	10	\N	30	39	2501	2013-03-13 14:55:58.186	2	9	25	\N	\N	\N	0
92015	10	\N	30	21	5201	2013-03-13 14:55:58.211	2	7	13	1	\N	\N	0
93000	10	10	\N	25	170	2013-03-13 15:19:39.798	2	11	9	\N	\N	\N	0
93001	10	10	\N	25	170	2013-03-13 15:19:55.451	2	11	9	\N	\N	\N	0
94000	10	\N	30	21	5300	2013-03-13 15:43:47.725	2	7	25	\N	\N	\N	0
94001	10	\N	30	39	2600	2013-03-13 15:43:56.95	2	9	25	\N	\N	\N	0
94002	10	\N	30	21	5300	2013-03-13 15:43:57.061	2	7	13	1	\N	\N	0
94003	10	\N	40	21	5301	2013-03-13 15:44:37.796	2	7	25	\N	\N	\N	0
94004	10	\N	40	39	2601	2013-03-13 15:44:40.109	2	9	25	\N	\N	\N	0
94005	10	\N	40	21	5301	2013-03-13 15:44:40.142	2	7	13	1	\N	\N	0
94006	10	10	\N	25	170	2013-03-13 15:45:50.951	2	11	9	\N	\N	\N	0
94007	10	\N	40	21	5301	2013-03-13 15:46:06.902	2	7	13	2	\N	\N	0
94008	10	\N	\N	27	2901	2013-03-13 15:46:06.945	2	2	7	\N	\N	\N	0
94009	10	10	40	39	2601	2013-03-13 15:46:06.953	2	9	7	\N	\N	\N	0
94010	10	\N	40	39	2602	2013-03-13 15:46:11.987	2	9	25	\N	\N	\N	0
94011	10	\N	40	21	5301	2013-03-13 15:46:12.012	2	7	13	1	\N	\N	0
95000	10	\N	40	21	5400	2013-03-13 16:23:34.265	2	7	25	\N	\N	\N	0
95001	10	\N	30	21	5401	2013-03-13 16:24:16.073	2	7	25	\N	\N	\N	0
95002	10	10	\N	34	100	2013-03-13 16:25:16.563	2	1	9	\N	\N	\N	0
96000	10	10	\N	34	100	2013-03-13 16:27:31.602	2	1	9	\N	\N	\N	0
96001	10	10	\N	34	100	2013-03-13 16:38:13.594	2	1	9	\N	\N	\N	0
96002	10	10	\N	34	100	2013-03-13 16:46:30.553	2	1	9	\N	\N	\N	0
96003	10	\N	40	21	5400	2013-03-13 16:46:33.511	3	1	1	\N	\N	\N	0
96004	10	\N	40	39	2700	2013-03-13 16:46:33.968	2	9	25	\N	\N	\N	0
96005	10	\N	30	21	5401	2013-03-13 16:46:35.015	3	1	1	\N	\N	\N	0
96006	10	\N	30	39	2701	2013-03-13 16:46:35.091	2	9	25	\N	\N	\N	0
96007	10	\N	\N	27	3001	2013-03-13 16:54:11.395	2	2	7	\N	\N	\N	0
96008	10	10	30	39	2701	2013-03-13 16:54:11.405	2	9	7	\N	\N	\N	0
96009	10	\N	\N	27	3000	2013-03-13 16:54:16.069	2	2	7	\N	\N	\N	0
96010	10	10	40	39	2700	2013-03-13 16:54:16.079	2	9	7	\N	\N	\N	0
96011	10	10	\N	34	100	2013-03-13 16:56:08.659	2	1	9	\N	\N	\N	0
96012	10	10	\N	34	100	2013-03-13 16:57:42.68	2	1	9	\N	\N	\N	0
96013	10	10	\N	34	100	2013-03-13 16:57:47.099	2	1	9	\N	\N	\N	0
96014	10	10	\N	34	100	2013-03-13 16:57:51.841	2	1	9	\N	\N	\N	0
97000	10	\N	50	21	5500	2013-03-14 12:52:55.838	2	7	25	\N	\N	\N	0
97001	10	10	50	21	5500	2013-03-14 12:53:12.559	2	7	9	\N	\N	\N	0
97002	10	\N	50	21	5500	2013-03-14 12:53:12.756	3	1	1	\N	\N	\N	0
97003	10	\N	50	39	2800	2013-03-14 12:53:13.011	2	9	25	\N	\N	\N	0
97004	10	10	50	21	5500	2013-03-14 12:54:40.784	2	7	9	\N	\N	\N	0
97005	10	\N	50	21	5501	2013-03-14 12:54:40.841	2	7	25	\N	\N	\N	0
97006	10	10	50	21	5501	2013-03-14 12:54:40.897	2	7	9	\N	\N	\N	0
97007	10	\N	50	21	5501	2013-03-14 12:55:05.748	2	7	13	1	\N	\N	0
97008	10	\N	50	39	2800	2013-03-14 12:55:05.775	2	9	16	\N	\N	\N	0
97009	10	\N	50	21	5501	2013-03-14 12:58:23.511	2	7	13	2	\N	\N	0
97010	10	\N	\N	27	3100	2013-03-14 12:58:23.531	2	2	7	\N	\N	\N	0
97011	10	10	50	39	2800	2013-03-14 12:58:23.54	2	9	7	\N	\N	\N	0
97012	10	10	50	21	5500	2013-03-14 13:02:35.232	2	7	9	\N	\N	\N	0
97013	10	\N	50	21	5500	2013-03-14 13:02:35.262	3	1	1	\N	\N	\N	0
97014	10	\N	50	39	2801	2013-03-14 13:02:35.345	2	9	25	\N	\N	\N	0
97015	10	\N	50	39	2802	2013-03-14 13:02:55.277	2	9	25	\N	\N	\N	0
97016	10	\N	50	21	5501	2013-03-14 13:02:55.296	2	7	13	1	\N	\N	0
97019	10	10	\N	34	100	2013-03-14 13:04:24.634	2	1	9	\N	\N	\N	0
97020	10	10	50	21	5500	2013-03-14 13:04:44.201	2	7	9	\N	\N	\N	0
97021	10	\N	50	39	2803	2013-03-14 13:04:44.306	2	9	25	\N	\N	\N	0
98000	10	\N	\N	27	3103	2013-03-14 13:11:07.534	2	2	7	\N	\N	\N	0
98001	10	10	50	39	2803	2013-03-14 13:11:07.553	2	9	7	\N	\N	\N	0
98002	10	\N	50	21	5501	2013-03-14 13:11:12.167	2	7	13	2	\N	\N	0
98003	10	\N	\N	27	3102	2013-03-14 13:11:12.221	2	2	7	\N	\N	\N	0
98004	10	10	50	39	2802	2013-03-14 13:11:12.23	2	9	7	\N	\N	\N	0
98005	10	\N	\N	27	3101	2013-03-14 13:11:16.724	2	2	7	\N	\N	\N	0
98006	10	10	50	39	2801	2013-03-14 13:11:16.732	2	9	7	\N	\N	\N	0
98007	10	10	50	21	5501	2013-03-14 13:11:23.693	2	7	7	\N	\N	\N	0
98008	10	10	50	21	5500	2013-03-14 13:11:30.907	2	7	9	\N	\N	\N	0
98009	10	\N	50	21	5500	2013-03-14 13:11:31	3	1	1	\N	\N	\N	0
98010	10	\N	50	39	2900	2013-03-14 13:11:31.232	2	9	25	\N	\N	\N	0
98011	10	10	50	21	5500	2013-03-14 13:12:38.708	2	7	9	\N	\N	\N	0
98012	10	\N	50	21	5600	2013-03-14 13:12:38.788	2	7	25	\N	\N	\N	0
98013	10	10	50	21	5600	2013-03-14 13:12:38.836	2	7	9	\N	\N	\N	0
98014	10	\N	50	39	2901	2013-03-14 13:12:54.166	2	9	25	\N	\N	\N	0
98015	10	\N	50	21	5600	2013-03-14 13:12:54.186	2	7	13	1	\N	\N	0
98016	10	10	50	21	5500	2013-03-14 13:15:56.288	2	7	9	\N	\N	\N	0
98017	10	\N	50	39	2902	2013-03-14 13:15:56.412	2	9	25	\N	\N	\N	0
99000	10	\N	\N	27	3202	2013-03-14 13:19:16.484	2	2	7	\N	\N	\N	0
99001	10	10	50	39	2902	2013-03-14 13:19:16.504	2	9	7	\N	\N	\N	0
99002	10	10	50	21	5500	2013-03-14 13:19:36.47	2	7	9	\N	\N	\N	0
99003	10	\N	50	39	3000	2013-03-14 13:19:36.986	2	9	25	\N	\N	\N	0
100000	10	\N	\N	27	3300	2013-03-14 13:29:43.521	2	2	7	\N	\N	\N	0
100001	10	10	50	39	3000	2013-03-14 13:29:43.547	2	9	7	\N	\N	\N	0
100002	10	\N	50	21	5600	2013-03-14 13:29:47.63	2	7	13	2	\N	\N	0
100003	10	\N	\N	27	3201	2013-03-14 13:29:47.722	2	2	7	\N	\N	\N	0
100004	10	10	50	39	2901	2013-03-14 13:29:47.745	2	9	7	\N	\N	\N	0
100005	10	10	50	21	5600	2013-03-14 13:33:12.384	2	7	7	\N	\N	\N	0
100006	10	10	50	21	5500	2013-03-14 13:33:36.203	2	7	9	\N	\N	\N	0
100007	10	\N	50	21	5700	2013-03-14 13:33:36.275	2	7	25	\N	\N	\N	0
100008	10	10	50	21	5700	2013-03-14 13:33:36.341	2	7	9	\N	\N	\N	0
100009	10	\N	50	39	3100	2013-03-14 13:37:04.927	2	9	25	\N	\N	\N	0
100010	10	\N	50	21	5700	2013-03-14 13:37:04.974	2	7	13	1	\N	\N	0
100011	10	10	50	21	5500	2013-03-14 13:37:36.284	2	7	9	\N	\N	\N	0
100012	10	\N	50	39	3101	2013-03-14 13:37:36.387	2	9	25	\N	\N	\N	0
101000	10	\N	\N	27	3401	2013-03-14 13:55:31.409	2	2	7	\N	\N	\N	0
101001	10	10	50	39	3101	2013-03-14 13:55:31.442	2	9	7	\N	\N	\N	0
101002	10	10	\N	34	100	2013-03-14 13:56:11.53	2	1	9	\N	\N	\N	0
102000	10	\N	50	21	5700	2013-03-14 14:08:53.105	2	7	13	2	\N	\N	0
102001	10	\N	\N	27	3400	2013-03-14 14:08:53.223	2	2	7	\N	\N	\N	0
102002	10	10	50	39	3100	2013-03-14 14:08:53.251	2	9	7	\N	\N	\N	0
102003	10	\N	\N	27	3200	2013-03-14 14:08:57.765	2	2	7	\N	\N	\N	0
102004	10	10	50	39	2900	2013-03-14 14:08:57.775	2	9	7	\N	\N	\N	0
102005	10	10	50	21	5500	2013-03-14 14:09:08.964	2	7	7	\N	\N	\N	0
102006	10	10	50	21	5700	2013-03-14 14:09:13.127	2	7	7	\N	\N	\N	0
103000	10	10	\N	34	100	2013-03-14 14:27:21.418	2	1	9	\N	\N	\N	0
104000	10	\N	40	21	5400	2013-03-14 14:50:00.624	3	1	1	\N	\N	\N	0
104001	10	\N	40	39	3200	2013-03-14 14:50:01.796	2	9	25	\N	\N	\N	0
104002	10	\N	30	21	5401	2013-03-14 14:50:03.494	3	1	1	\N	\N	\N	0
104003	10	\N	30	39	3201	2013-03-14 14:50:04.072	2	9	25	\N	\N	\N	0
104004	10	\N	\N	27	3500	2013-03-14 14:55:24.277	2	2	7	\N	\N	\N	0
104005	10	10	40	39	3200	2013-03-14 14:55:24.286	2	9	7	\N	\N	\N	0
104006	10	\N	\N	27	3501	2013-03-14 14:55:28.439	2	2	7	\N	\N	\N	0
104007	10	10	30	39	3201	2013-03-14 14:55:28.447	2	9	7	\N	\N	\N	0
104008	10	\N	50	21	5800	2013-03-14 14:56:23.747	2	7	25	\N	\N	\N	0
104009	10	10	50	21	5800	2013-03-14 14:57:37.594	2	7	9	\N	\N	\N	0
104010	10	\N	50	21	5800	2013-03-14 14:57:37.657	3	1	1	\N	\N	\N	0
104011	10	\N	50	39	3202	2013-03-14 14:57:37.748	2	9	25	\N	\N	\N	0
104012	10	10	50	21	5800	2013-03-14 14:58:03.297	2	7	9	\N	\N	\N	0
104013	10	\N	50	21	5801	2013-03-14 14:58:03.332	2	7	25	\N	\N	\N	0
104014	10	10	50	21	5801	2013-03-14 14:58:03.395	2	7	9	\N	\N	\N	0
104015	10	10	50	21	5801	2013-03-14 14:58:42.335	2	7	9	\N	\N	2014-01-01 00:00:00	0
104016	10	10	50	21	5801	2013-03-14 14:58:42.351	2	7	9	\N	\N	\N	0
104017	10	10	50	21	5801	2013-03-14 14:59:39.736	2	7	7	\N	\N	\N	0
104018	10	10	50	21	5800	2013-03-14 15:00:07.213	2	7	9	\N	\N	\N	0
104019	10	\N	50	21	5802	2013-03-14 15:00:07.241	2	7	25	\N	\N	\N	0
104020	10	10	50	21	5802	2013-03-14 15:00:07.297	2	7	9	\N	\N	\N	0
104021	10	\N	50	39	3203	2013-03-14 15:00:18.254	2	9	25	\N	\N	\N	0
104022	10	\N	50	21	5802	2013-03-14 15:00:18.276	2	7	13	1	\N	\N	0
104023	10	10	\N	34	100	2013-03-14 15:00:54.888	2	1	9	\N	\N	\N	0
105000	10	\N	40	21	5400	2013-03-14 15:05:00.323	3	1	1	\N	\N	\N	0
105001	10	\N	40	39	3300	2013-03-14 15:05:00.635	2	9	25	\N	\N	\N	0
105002	10	\N	30	21	5401	2013-03-14 15:05:01.229	3	1	1	\N	\N	\N	0
105003	10	\N	30	39	3301	2013-03-14 15:05:01.329	2	9	25	\N	\N	\N	0
105004	10	\N	50	39	3302	2013-03-14 15:05:01.724	2	9	25	\N	\N	\N	0
105005	10	\N	\N	27	3602	2013-03-14 15:11:39.881	2	2	7	\N	\N	\N	0
105006	10	10	50	39	3302	2013-03-14 15:11:39.89	2	9	7	\N	\N	\N	0
106000	10	\N	\N	27	3502	2013-03-14 15:17:40.678	2	2	7	\N	\N	\N	0
106001	10	10	50	39	3202	2013-03-14 15:17:40.706	2	9	7	\N	\N	\N	0
106002	10	\N	\N	27	3600	2013-03-14 15:17:44.293	2	2	7	\N	\N	\N	0
106003	10	10	40	39	3300	2013-03-14 15:17:44.303	2	9	7	\N	\N	\N	0
106004	10	\N	\N	27	3601	2013-03-14 15:17:47.728	2	2	7	\N	\N	\N	0
106005	10	10	30	39	3301	2013-03-14 15:17:47.736	2	9	7	\N	\N	\N	0
106006	10	\N	50	21	5802	2013-03-14 15:17:51.072	2	7	13	2	\N	\N	0
106007	10	\N	\N	27	3503	2013-03-14 15:17:51.129	2	2	7	\N	\N	\N	0
106008	10	10	50	39	3203	2013-03-14 15:17:51.137	2	9	7	\N	\N	\N	0
106009	10	10	50	21	5802	2013-03-14 15:18:03.527	2	7	7	\N	\N	\N	0
106010	10	10	50	21	5800	2013-03-14 15:18:07.192	2	7	7	\N	\N	\N	0
106011	10	\N	50	21	5900	2013-03-14 15:18:46.075	2	7	25	\N	\N	\N	0
106012	10	10	50	21	5900	2013-03-14 15:18:49.828	2	7	9	\N	\N	\N	0
106013	10	\N	50	21	5900	2013-03-14 15:18:49.905	3	1	1	\N	\N	\N	0
106014	10	\N	50	39	3400	2013-03-14 15:18:50.03	2	9	25	\N	\N	\N	0
106015	10	10	50	21	5900	2013-03-14 15:19:16.031	2	7	9	\N	\N	\N	0
106016	10	\N	50	21	5901	2013-03-14 15:19:16.067	2	7	25	\N	\N	\N	0
106017	10	10	50	21	5901	2013-03-14 15:19:16.118	2	7	9	\N	\N	\N	0
106018	10	\N	50	39	3401	2013-03-14 15:19:20.844	2	9	25	\N	\N	\N	0
106019	10	\N	50	21	5901	2013-03-14 15:19:20.869	2	7	13	1	\N	\N	0
106020	10	10	\N	34	100	2013-03-14 15:19:56.385	2	1	9	\N	\N	\N	0
106021	10	\N	40	21	5400	2013-03-14 15:20:00.176	3	1	1	\N	\N	\N	0
106022	10	\N	40	39	3402	2013-03-14 15:20:00.251	2	9	25	\N	\N	\N	0
106023	10	\N	30	21	5401	2013-03-14 15:20:00.535	3	1	1	\N	\N	\N	0
106024	10	\N	30	39	3403	2013-03-14 15:20:00.622	2	9	25	\N	\N	\N	0
106025	10	\N	50	39	3404	2013-03-14 15:20:00.918	2	9	25	\N	\N	\N	0
107000	10	\N	50	21	6000	2013-03-14 16:44:27.611	2	7	25	\N	\N	\N	0
108000	10	\N	50	21	6200	2013-03-14 16:59:52.057	2	7	25	\N	\N	\N	0
108001	10	\N	50	21	6201	2013-03-14 17:01:17.34	2	7	25	\N	\N	\N	0
109000	10	\N	50	21	6300	2013-03-14 17:16:43.639	2	7	25	\N	\N	\N	0
109001	10	10	50	21	5900	2013-03-14 17:17:21.6	2	7	9	\N	\N	\N	0
109002	10	\N	50	21	6301	2013-03-14 17:17:21.713	2	7	25	\N	\N	\N	0
109003	10	10	50	21	6301	2013-03-14 17:17:21.776	2	7	9	\N	\N	\N	0
110000	10	10	50	21	6201	2013-03-14 17:25:02.738	2	7	7	\N	\N	\N	0
110001	10	10	50	21	6301	2013-03-14 17:25:23.388	2	7	7	\N	\N	\N	0
110002	10	10	50	21	6300	2013-03-14 17:25:36.971	2	7	7	\N	\N	\N	0
110003	10	10	50	21	6200	2013-03-14 17:25:54.36	2	7	7	\N	\N	\N	0
110004	10	10	50	21	6000	2013-03-14 17:25:59.175	2	7	7	\N	\N	\N	0
110005	10	10	50	21	5901	2013-03-14 17:26:50.052	2	7	7	\N	\N	\N	0
110006	10	10	50	21	5900	2013-03-14 17:27:34.117	2	7	7	\N	\N	\N	0
110007	10	\N	50	21	6400	2013-03-14 17:29:06.489	2	7	25	\N	\N	\N	0
110008	10	10	50	21	6400	2013-03-14 17:29:26.761	2	7	9	\N	\N	\N	0
110009	10	\N	50	21	6400	2013-03-14 17:29:26.924	3	1	1	\N	\N	\N	0
110010	10	\N	50	39	3500	2013-03-14 17:29:27.128	2	9	25	\N	\N	\N	0
110011	10	10	50	21	6400	2013-03-14 17:30:39.93	2	7	9	\N	\N	\N	0
110012	10	\N	50	21	6401	2013-03-14 17:30:39.995	2	7	25	\N	\N	\N	0
110013	10	10	50	21	6401	2013-03-14 17:30:40.052	2	7	9	\N	\N	\N	0
110014	10	\N	50	39	3501	2013-03-14 17:30:48.837	2	9	25	\N	\N	\N	0
110015	10	\N	50	21	6401	2013-03-14 17:30:48.857	2	7	13	1	\N	\N	0
110016	10	10	50	21	6400	2013-03-14 17:32:29.087	2	7	9	\N	\N	\N	0
110017	10	\N	50	21	6402	2013-03-14 17:32:29.165	2	7	25	\N	\N	\N	0
110018	10	10	50	21	6402	2013-03-14 17:32:29.243	2	7	9	\N	\N	\N	0
111000	10	10	50	21	6400	2013-03-15 09:53:06.84	2	7	9	\N	\N	\N	0
112000	10	10	40	21	5400	2013-03-15 11:23:45.503	2	7	7	\N	\N	\N	0
112001	10	\N	40	21	6500	2013-03-15 11:24:22.395	2	7	25	\N	\N	\N	0
112002	10	10	40	21	6500	2013-03-15 11:24:25.532	2	7	9	\N	\N	\N	0
112003	10	\N	40	21	6500	2013-03-15 11:24:25.634	3	1	1	\N	\N	\N	0
112004	10	\N	40	39	3600	2013-03-15 11:24:25.842	2	9	25	\N	\N	\N	0
112005	10	\N	40	21	6501	2013-03-15 11:27:51.568	2	7	25	\N	\N	\N	0
112006	10	\N	40	21	6501	2013-03-15 11:28:25.58	2	7	13	1	\N	\N	0
112007	10	\N	40	39	3600	2013-03-15 11:28:25.589	2	9	16	\N	\N	\N	0
112008	10	10	40	21	6500	2013-03-15 11:29:10.527	2	7	9	\N	\N	\N	0
112009	10	\N	40	21	6502	2013-03-15 11:29:10.659	2	7	25	\N	\N	\N	0
112010	10	10	40	21	6502	2013-03-15 11:29:10.783	2	7	9	\N	\N	\N	0
112011	10	\N	40	21	6502	2013-03-15 11:29:32.551	2	7	13	1	\N	\N	0
112012	10	\N	40	39	3600	2013-03-15 11:29:32.553	2	9	16	\N	\N	\N	0
112013	10	\N	40	21	6503	2013-03-15 11:32:00.571	2	7	25	\N	\N	\N	0
113000	10	10	40	21	6503	2013-03-15 11:40:55.939	2	7	9	\N	\N	\N	0
113001	10	10	40	21	6503	2013-03-15 11:41:42.075	2	7	9	\N	\N	\N	0
113002	10	10	40	21	6501	2013-03-15 11:42:37.835	2	7	9	\N	\N	\N	0
113003	10	10	40	21	6501	2013-03-15 11:42:57.227	2	7	9	\N	\N	\N	0
113004	10	10	40	21	6500	2013-03-15 11:43:50.671	2	7	9	\N	\N	\N	0
113005	10	10	40	21	6500	2013-03-15 11:44:13.521	2	7	9	\N	\N	\N	0
114000	10	10	40	21	6503	2013-03-15 11:48:08.205	2	7	7	\N	\N	\N	0
114001	10	10	40	21	6501	2013-03-15 11:48:31.374	2	7	9	\N	\N	\N	0
114002	10	10	40	21	6502	2013-03-15 11:48:43.314	2	7	7	\N	\N	\N	0
114003	10	10	40	21	6500	2013-03-15 11:48:58.477	2	7	9	\N	\N	\N	0
114004	10	10	40	21	6500	2013-03-15 11:49:41.124	2	7	9	\N	\N	\N	0
114005	10	\N	40	21	6600	2013-03-15 11:49:41.237	2	7	25	\N	\N	\N	0
114006	10	10	40	21	6600	2013-03-15 11:49:41.324	2	7	9	\N	\N	\N	0
115000	10	10	40	21	6500	2013-03-15 11:56:39.521	2	7	9	\N	\N	\N	0
115001	10	\N	40	21	6700	2013-03-15 11:56:39.677	2	7	25	\N	\N	\N	0
115002	10	10	40	21	6700	2013-03-15 11:56:39.797	2	7	9	\N	\N	\N	0
116000	10	10	40	21	6500	2013-03-15 12:03:53.886	2	7	9	\N	\N	\N	0
116001	10	\N	40	21	6800	2013-03-15 12:03:54.314	2	7	25	\N	\N	\N	0
116002	10	10	40	21	6800	2013-03-15 12:03:54.417	2	7	9	\N	\N	\N	0
116003	10	10	40	21	6800	2013-03-15 12:05:16.208	2	7	7	\N	\N	\N	0
116004	10	10	40	21	6700	2013-03-15 12:05:29.845	2	7	7	\N	\N	\N	0
117000	10	10	40	21	6500	2013-03-15 12:21:06.939	2	7	9	\N	\N	\N	0
117001	10	10	40	21	6600	2013-03-15 12:21:42.568	2	7	7	\N	\N	\N	0
117002	10	10	40	21	6500	2013-03-15 12:22:42.432	2	7	9	\N	\N	\N	0
117003	10	\N	40	21	6900	2013-03-15 12:22:42.479	2	7	25	\N	\N	\N	0
117004	10	10	40	21	6900	2013-03-15 12:22:42.561	2	7	9	\N	\N	\N	0
117005	10	10	40	21	6900	2013-03-15 12:23:03.51	2	7	9	\N	\N	\N	0
117006	10	10	40	21	6900	2013-03-15 12:23:20.455	2	7	9	\N	\N	\N	0
117007	10	10	40	21	6900	2013-03-15 12:23:32.792	2	7	7	\N	\N	\N	0
118000	10	10	40	21	6500	2013-03-15 12:55:47.64	2	7	9	\N	\N	\N	0
118001	10	\N	40	21	7000	2013-03-15 12:55:48.281	2	7	25	\N	\N	\N	0
118002	10	10	40	21	7000	2013-03-15 12:55:48.37	2	7	9	\N	\N	\N	0
118003	10	10	40	21	7000	2013-03-15 12:56:46.911	2	7	7	\N	\N	\N	0
118004	10	10	40	21	6500	2013-03-15 12:59:44.451	2	7	9	\N	\N	\N	0
118005	10	\N	40	21	7001	2013-03-15 12:59:44.479	2	7	25	\N	\N	\N	0
118006	10	10	40	21	7001	2013-03-15 12:59:44.52	2	7	9	\N	\N	\N	0
118007	10	10	40	21	7001	2013-03-15 13:00:51.919	2	7	7	\N	\N	\N	0
118008	10	10	40	21	6500	2013-03-15 13:06:13.034	2	7	9	\N	\N	\N	0
118009	10	\N	40	21	7002	2013-03-15 13:06:13.136	2	7	25	\N	\N	\N	0
118010	10	10	40	21	7002	2013-03-15 13:06:13.184	2	7	9	\N	\N	\N	0
118011	10	\N	40	39	3700	2013-03-15 13:06:29.944	2	9	25	\N	\N	\N	0
118012	10	\N	40	21	7002	2013-03-15 13:06:30.06	2	7	13	1	\N	\N	0
118013	10	10	40	21	7002	2013-03-15 13:07:02.939	2	7	7	\N	\N	\N	0
118014	10	10	40	21	6500	2013-03-15 13:09:20.992	2	7	9	\N	\N	\N	0
118015	10	\N	40	21	7003	2013-03-15 13:09:21.028	2	7	25	\N	\N	\N	0
118016	10	10	40	21	7003	2013-03-15 13:09:21.103	2	7	9	\N	\N	\N	0
118017	10	10	40	21	7003	2013-03-15 13:41:58.324	2	7	7	\N	\N	\N	0
118018	10	10	40	21	6500	2013-03-15 13:44:32.647	2	7	9	\N	\N	\N	0
118019	10	\N	40	21	7004	2013-03-15 13:44:32.69	2	7	25	\N	\N	\N	0
118020	10	10	40	21	7004	2013-03-15 13:44:32.828	2	7	9	\N	\N	\N	0
118021	10	10	40	21	7004	2013-03-15 13:44:56.008	2	7	7	\N	\N	\N	0
118022	10	10	40	21	6500	2013-03-15 13:44:56.107	2	7	9	\N	\N	\N	0
119000	10	10	40	21	6500	2013-03-15 13:52:54.049	2	7	9	\N	\N	\N	0
119001	10	\N	40	21	7100	2013-03-15 13:52:54.247	2	7	25	\N	\N	\N	0
119002	10	10	40	21	7100	2013-03-15 13:52:54.341	2	7	9	\N	\N	\N	0
119003	10	10	40	21	7100	2013-03-15 13:54:09.9	2	7	7	\N	\N	\N	0
119004	10	10	40	21	6500	2013-03-15 13:54:12.797	2	7	9	\N	\N	\N	0
120000	10	10	40	21	6500	2013-03-15 14:04:44.289	2	7	9	\N	\N	\N	0
120001	10	\N	40	21	7200	2013-03-15 14:04:44.432	2	7	25	\N	\N	\N	0
120002	10	10	40	21	7200	2013-03-15 14:04:44.502	2	7	9	\N	\N	\N	0
120003	10	10	40	21	7200	2013-03-15 14:05:13.107	2	7	7	\N	\N	\N	0
120004	10	10	40	21	6500	2013-03-15 14:06:01.8	2	7	9	\N	\N	\N	0
120005	10	\N	40	21	7201	2013-03-15 14:06:01.863	2	7	25	\N	\N	\N	0
120006	10	10	40	21	7201	2013-03-15 14:06:01.913	2	7	9	\N	\N	\N	0
120007	10	10	40	21	7201	2013-03-15 14:06:07.697	2	7	7	\N	\N	\N	0
120008	10	10	40	21	6500	2013-03-15 14:06:07.918	2	7	9	\N	\N	\N	0
120009	10	\N	\N	27	4000	2013-03-15 14:13:09.736	2	2	7	\N	\N	\N	0
120010	10	10	40	39	3700	2013-03-15 14:13:09.751	2	9	7	\N	\N	\N	0
120011	10	\N	\N	27	3900	2013-03-15 14:13:16.465	2	2	7	\N	\N	\N	0
120012	10	10	40	39	3600	2013-03-15 14:13:16.476	2	9	7	\N	\N	\N	0
120013	10	\N	\N	27	3704	2013-03-15 14:13:22.33	2	2	7	\N	\N	\N	0
120014	10	10	50	39	3404	2013-03-15 14:13:22.345	2	9	7	\N	\N	\N	0
120015	10	\N	\N	27	3701	2013-03-15 14:13:26.87	2	2	7	\N	\N	\N	0
120016	10	10	50	39	3401	2013-03-15 14:13:26.88	2	9	7	\N	\N	\N	0
120017	10	\N	\N	27	3801	2013-03-15 14:13:31.066	2	2	7	\N	\N	\N	0
120018	10	10	50	39	3501	2013-03-15 14:13:31.074	2	9	7	\N	\N	\N	0
120019	10	\N	\N	27	3800	2013-03-15 14:13:35.195	2	2	7	\N	\N	\N	0
120020	10	10	50	39	3500	2013-03-15 14:13:35.204	2	9	7	\N	\N	\N	0
120021	10	\N	\N	27	3703	2013-03-15 14:13:39.283	2	2	7	\N	\N	\N	0
120022	10	10	30	39	3403	2013-03-15 14:13:39.291	2	9	7	\N	\N	\N	0
120023	10	\N	\N	27	3702	2013-03-15 14:13:43.65	2	2	7	\N	\N	\N	0
120024	10	10	40	39	3402	2013-03-15 14:13:43.661	2	9	7	\N	\N	\N	0
120025	10	\N	\N	27	3700	2013-03-15 14:13:47.432	2	2	7	\N	\N	\N	0
120026	10	10	50	39	3400	2013-03-15 14:13:47.44	2	9	7	\N	\N	\N	0
120027	10	\N	50	21	7202	2013-03-15 14:24:50.265	2	7	25	\N	\N	\N	0
120028	10	\N	50	21	7203	2013-03-15 14:25:46.722	2	7	25	\N	\N	\N	0
120037	10	10	50	21	7202	2013-03-15 14:30:05.375	2	7	9	\N	\N	\N	0
120040	10	10	50	21	7203	2013-03-15 14:33:46.889	2	7	7	\N	\N	\N	0
120041	10	10	50	21	7202	2013-03-15 14:33:51.846	2	7	7	\N	\N	\N	0
120042	10	\N	40	21	7204	2013-03-15 14:34:24.302	2	7	25	\N	\N	\N	0
120046	10	\N	30	21	7205	2013-03-15 14:42:05.347	2	7	25	\N	\N	\N	0
120047	10	10	30	21	7205	2013-03-15 14:42:07.623	2	7	9	\N	\N	\N	0
120048	10	\N	30	21	7205	2013-03-15 14:42:07.658	3	1	1	\N	\N	\N	0
120049	10	\N	30	39	3800	2013-03-15 14:42:07.744	2	9	25	\N	\N	\N	0
120050	10	\N	30	21	7206	2013-03-15 14:42:31.858	2	7	25	\N	\N	\N	0
120051	10	10	30	21	7206	2013-03-15 14:43:47.11	2	7	9	\N	\N	2012-11-01 00:00:00	0
120052	10	10	30	21	7206	2013-03-15 14:43:47.155	2	7	9	\N	\N	\N	0
120053	10	\N	30	21	7206	2013-03-15 14:43:49.136	3	1	1	\N	\N	\N	0
120054	10	\N	30	39	3801	2013-03-15 14:43:49.189	2	9	25	\N	\N	\N	0
121000	10	10	\N	25	170	2013-03-15 14:54:21.694	2	11	9	\N	\N	\N	0
121001	10	10	40	21	7204	2013-03-15 14:54:34.67	2	7	9	\N	\N	\N	0
121002	10	\N	40	21	7204	2013-03-15 14:54:34.744	3	1	1	\N	\N	\N	0
121003	10	\N	40	39	3900	2013-03-15 14:54:34.855	2	9	25	\N	\N	\N	0
121004	10	\N	50	21	7300	2013-03-15 15:00:40.303	2	7	25	\N	\N	\N	0
121005	10	\N	50	39	3901	2013-03-15 15:00:45.969	2	9	25	\N	\N	\N	0
121006	10	\N	50	21	7300	2013-03-15 15:00:45.989	2	7	13	1	\N	\N	0
121007	10	\N	50	21	7301	2013-03-15 15:01:15.647	2	7	25	\N	\N	\N	0
121008	10	10	50	21	7301	2013-03-15 15:01:22.729	2	7	9	\N	\N	\N	0
121009	10	\N	50	21	7301	2013-03-15 15:01:22.755	3	1	1	\N	\N	\N	0
121010	10	\N	50	39	3901	2013-03-15 15:01:22.799	2	9	16	\N	\N	\N	0
121011	10	10	50	21	7301	2013-03-15 15:03:41.755	2	7	9	\N	\N	\N	0
121012	10	\N	50	21	7302	2013-03-15 15:03:41.795	2	7	25	\N	\N	\N	0
121013	10	10	50	21	7302	2013-03-15 15:03:41.843	2	7	9	\N	\N	\N	0
121014	10	\N	50	39	3902	2013-03-15 15:03:47.909	2	9	25	\N	\N	\N	0
121015	10	\N	50	21	7302	2013-03-15 15:03:47.932	2	7	13	1	\N	\N	0
121016	10	\N	50	21	7303	2013-03-15 15:04:07.254	2	7	25	\N	\N	\N	0
121017	10	\N	50	21	7303	2013-03-15 15:04:12.98	2	7	13	1	\N	\N	0
121018	10	\N	50	39	3902	2013-03-15 15:04:12.983	2	9	16	\N	\N	\N	0
121019	10	\N	50	21	7303	2013-03-15 15:05:13.964	2	7	13	2	\N	\N	0
121020	10	\N	50	21	7302	2013-03-15 15:05:13.971	2	7	13	2	\N	\N	0
121021	10	\N	\N	27	4202	2013-03-15 15:05:13.989	2	2	7	\N	\N	\N	0
121022	10	10	50	39	3902	2013-03-15 15:05:13.998	2	9	7	\N	\N	\N	0
121023	10	10	50	21	7303	2013-03-15 15:05:20.084	2	7	7	\N	\N	\N	0
121024	10	10	50	21	7302	2013-03-15 15:05:24.238	2	7	7	\N	\N	\N	0
121025	10	10	50	21	7301	2013-03-15 15:05:24.44	2	7	9	\N	\N	\N	0
121026	10	10	50	21	7301	2013-03-15 15:07:41.419	2	7	9	\N	\N	\N	0
121027	10	\N	50	21	7304	2013-03-15 15:07:41.459	2	7	25	\N	\N	\N	0
121028	10	10	50	21	7304	2013-03-15 15:07:41.506	2	7	9	\N	\N	\N	0
121029	10	\N	50	39	3903	2013-03-15 15:07:46.615	2	9	25	\N	\N	\N	0
121030	10	\N	50	21	7304	2013-03-15 15:07:46.632	2	7	13	1	\N	\N	0
121031	10	\N	40	21	7305	2013-03-15 15:08:02.176	2	7	25	\N	\N	\N	0
121032	10	\N	50	21	7306	2013-03-15 15:09:07.271	2	7	25	\N	\N	\N	0
121033	10	10	50	21	7306	2013-03-15 15:10:33.919	2	7	9	\N	\N	\N	0
121034	10	10	50	21	7306	2013-03-15 15:12:49.48	2	7	9	\N	\N	\N	0
122000	10	10	\N	25	180	2013-03-18 13:01:27.169	2	11	25	\N	\N	\N	0
123000	10	10	\N	34	100	2013-03-18 13:08:23.009	2	1	9	\N	\N	\N	0
123001	10	\N	50	21	7400	2013-03-18 13:09:08.108	2	7	25	\N	\N	\N	0
123002	10	\N	50	21	7400	2013-03-18 13:13:52.488	3	1	1	\N	\N	\N	0
123003	10	\N	50	39	4000	2013-03-18 13:13:52.792	2	9	25	\N	\N	\N	0
123004	10	\N	50	21	7306	2013-03-18 13:13:53.342	2	7	13	1	\N	\N	0
123005	10	\N	50	21	7306	2013-03-18 13:14:11.401	2	7	13	2	\N	\N	0
123006	10	\N	\N	27	4300	2013-03-18 13:14:11.43	2	2	7	\N	\N	\N	0
123007	10	10	50	39	4000	2013-03-18 13:14:11.442	2	9	7	\N	\N	\N	0
123008	10	\N	50	21	7304	2013-03-18 13:14:16.922	2	7	13	2	\N	\N	0
123009	10	\N	\N	27	4203	2013-03-18 13:14:16.937	2	2	7	\N	\N	\N	0
123010	10	10	50	39	3903	2013-03-18 13:14:16.949	2	9	7	\N	\N	\N	0
123011	10	\N	50	21	7300	2013-03-18 13:14:21.005	2	7	13	2	\N	\N	0
123012	10	\N	\N	27	4201	2013-03-18 13:14:21.031	2	2	7	\N	\N	\N	0
123013	10	10	50	39	3901	2013-03-18 13:14:21.04	2	9	7	\N	\N	\N	0
124000	10	10	\N	25	25	2013-03-18 13:33:57.848	2	11	9	\N	\N	\N	0
125000	10	10	\N	25	25	2013-03-18 13:40:47.76	2	11	9	\N	\N	\N	0
126000	10	10	\N	25	25	2013-03-18 14:08:17.07	2	11	9	\N	\N	\N	0
127000	10	10	\N	25	25	2013-03-18 14:12:43.066	2	11	9	\N	\N	\N	0
128000	10	\N	50	21	7400	2013-03-18 14:15:01.156	3	1	1	\N	\N	\N	0
128001	10	\N	50	21	7301	2013-03-18 14:15:01.274	3	1	1	\N	\N	\N	0
128002	10	\N	50	39	4100	2013-03-18 14:15:01.969	2	9	25	\N	\N	\N	0
128003	10	\N	50	21	7306	2013-03-18 14:15:02.129	2	7	13	1	\N	\N	0
128004	10	\N	50	21	7304	2013-03-18 14:15:02.149	2	7	13	1	\N	\N	0
128005	10	\N	50	21	7300	2013-03-18 14:15:02.153	2	7	13	1	\N	\N	0
128006	10	\N	50	21	7306	2013-03-18 14:16:49.206	2	7	13	2	\N	\N	0
128007	10	\N	50	21	7304	2013-03-18 14:16:49.231	2	7	13	2	\N	\N	0
128008	10	\N	50	21	7300	2013-03-18 14:16:49.237	2	7	13	2	\N	\N	0
128009	10	\N	\N	27	4400	2013-03-18 14:16:49.271	2	2	7	\N	\N	\N	0
128010	10	10	50	39	4100	2013-03-18 14:16:49.287	2	9	7	\N	\N	\N	0
129000	10	\N	50	21	7500	2013-03-18 15:23:47.194	2	7	25	\N	\N	\N	0
129001	10	10	50	21	7500	2013-03-18 15:24:29.997	2	7	9	\N	\N	\N	0
129002	10	\N	50	21	7500	2013-03-18 15:24:30.095	3	1	1	\N	\N	\N	0
129003	10	\N	50	39	4200	2013-03-18 15:24:30.289	2	9	25	\N	\N	\N	0
129004	10	10	50	21	7300	2013-03-18 15:29:12.757	2	7	7	\N	\N	\N	0
129005	10	10	50	21	7301	2013-03-18 15:29:17.21	2	7	7	\N	\N	\N	0
129006	10	10	50	21	7304	2013-03-18 15:29:21.46	2	7	7	\N	\N	\N	0
129007	10	10	50	21	7400	2013-03-18 15:29:21.954	2	7	9	\N	\N	\N	0
129008	10	10	40	21	7305	2013-03-18 15:29:25.805	2	7	7	\N	\N	\N	0
129009	10	10	50	21	7306	2013-03-18 15:29:31.629	2	7	7	\N	\N	\N	0
129010	10	10	50	21	7400	2013-03-18 15:29:40.176	2	7	7	\N	\N	\N	0
129011	10	\N	50	42	1200	2013-03-18 15:30:23.949	2	10	25	\N	\N	\N	0
130000	10	10	50	21	7500	2013-03-18 15:46:01.036	2	7	9	\N	\N	\N	0
130001	10	\N	50	21	7600	2013-03-18 15:46:01.204	2	7	25	\N	\N	\N	0
130002	10	10	50	21	7600	2013-03-18 15:46:01.337	2	7	9	\N	\N	\N	0
130003	10	10	50	21	7500	2013-03-18 15:49:38.221	2	7	9	\N	\N	\N	0
130004	10	\N	50	21	7601	2013-03-18 15:49:38.297	2	7	25	\N	\N	\N	0
130005	10	10	50	21	7601	2013-03-18 15:49:38.34	2	7	9	\N	\N	\N	0
130006	10	10	50	21	7500	2013-03-18 16:26:57.551	2	7	9	\N	\N	\N	0
130007	10	\N	50	21	7602	2013-03-18 16:26:57.651	2	7	25	\N	\N	\N	0
130008	10	10	50	21	7602	2013-03-18 16:26:57.783	2	7	9	\N	\N	\N	0
130009	10	10	50	21	7500	2013-03-18 16:45:32.589	2	7	9	\N	\N	\N	0
130010	10	\N	50	21	7603	2013-03-18 16:45:32.684	2	7	25	\N	\N	\N	0
130011	10	10	50	21	7603	2013-03-18 16:45:32.737	2	7	9	\N	\N	\N	0
130012	10	10	50	21	7500	2013-03-18 16:56:03.218	2	7	9	\N	\N	\N	0
130013	10	\N	50	21	7604	2013-03-18 16:56:03.325	2	7	25	\N	\N	\N	0
130014	10	10	50	21	7604	2013-03-18 16:56:03.368	2	7	9	\N	\N	\N	0
130015	10	10	50	21	7500	2013-03-18 16:57:19.55	2	7	9	\N	\N	\N	0
130016	10	\N	50	21	7605	2013-03-18 16:57:19.615	2	7	25	\N	\N	\N	0
130017	10	10	50	21	7605	2013-03-18 16:57:19.677	2	7	9	\N	\N	\N	0
130018	10	10	50	21	7500	2013-03-18 16:58:58.544	2	7	9	\N	\N	\N	0
130019	10	\N	50	21	7606	2013-03-18 16:58:58.583	2	7	25	\N	\N	\N	0
130020	10	10	50	21	7606	2013-03-18 16:58:58.625	2	7	9	\N	\N	\N	0
130021	10	\N	50	21	7607	2013-03-18 17:00:37.269	2	7	25	\N	\N	\N	0
130022	10	10	50	21	7607	2013-03-18 17:00:43.011	2	7	9	\N	\N	\N	0
130023	10	\N	50	21	7607	2013-03-18 17:00:43.182	3	1	1	\N	\N	\N	0
130024	10	\N	50	39	4300	2013-03-18 17:00:43.404	2	9	25	\N	\N	\N	0
130025	10	10	50	21	7607	2013-03-18 17:03:40.959	2	7	9	\N	\N	\N	0
130026	10	\N	50	21	7608	2013-03-18 17:03:41.026	2	7	25	\N	\N	\N	0
130027	10	10	50	21	7608	2013-03-18 17:03:41.091	2	7	9	\N	\N	\N	0
130028	10	10	50	21	7607	2013-03-18 17:31:15.268	2	7	9	\N	\N	\N	0
130029	10	\N	50	21	7609	2013-03-18 17:31:15.336	2	7	25	\N	\N	\N	0
130030	10	10	50	21	7607	2013-03-18 17:33:35.666	2	7	9	\N	\N	\N	0
130031	10	\N	50	21	7610	2013-03-18 17:33:35.706	2	7	25	\N	\N	\N	0
130032	10	10	50	21	7607	2013-03-18 17:34:25.04	2	7	9	\N	\N	\N	0
130033	10	\N	50	21	7611	2013-03-18 17:34:25.085	2	7	25	\N	\N	\N	0
130034	10	\N	\N	27	4600	2013-03-18 17:36:48.23	2	2	7	\N	\N	\N	0
130035	10	10	50	39	4300	2013-03-18 17:36:48.239	2	9	7	\N	\N	\N	0
130036	10	\N	\N	27	4500	2013-03-18 17:36:56.938	2	2	7	\N	\N	\N	0
130037	10	\N	50	80	1300	2013-03-18 17:36:56.947	2	10	7	\N	\N	\N	0
130038	10	10	50	39	4200	2013-03-18 17:36:57.003	2	9	7	\N	\N	\N	0
130039	10	\N	50	21	7612	2013-03-18 17:38:18.412	2	7	25	\N	\N	\N	0
130040	10	10	50	21	7612	2013-03-18 17:42:13.365	2	7	9	\N	\N	\N	0
130041	10	10	50	21	7612	2013-03-18 17:48:04.375	2	7	7	\N	\N	\N	0
130042	10	\N	50	21	7613	2013-03-18 17:48:30.262	2	7	25	\N	\N	\N	0
130043	10	10	50	21	7613	2013-03-18 17:48:49.161	2	7	9	\N	\N	\N	0
130044	10	\N	50	21	7613	2013-03-18 17:48:49.195	3	1	1	\N	\N	\N	0
130045	10	\N	50	39	4301	2013-03-18 17:48:49.292	2	9	25	\N	\N	\N	0
130046	10	10	50	21	7613	2013-03-18 17:58:55.396	2	7	9	\N	\N	\N	0
130047	10	\N	50	21	7614	2013-03-18 17:58:55.475	2	7	25	\N	\N	\N	0
130048	10	10	50	21	7614	2013-03-18 17:58:55.527	2	7	9	\N	\N	\N	0
130049	10	10	50	21	7613	2013-03-18 18:05:38.009	2	7	9	\N	\N	\N	0
130050	10	\N	50	21	7615	2013-03-18 18:05:38.072	2	7	25	\N	\N	\N	0
130051	10	10	50	21	7615	2013-03-18 18:05:38.122	2	7	9	\N	\N	\N	0
130052	10	10	50	21	7613	2013-03-18 18:06:25.564	2	7	9	\N	\N	\N	0
130053	10	10	50	21	7613	2013-03-18 18:06:48.652	2	7	9	\N	\N	\N	0
130054	10	\N	50	21	7616	2013-03-18 18:06:48.702	2	7	25	\N	\N	\N	0
130055	10	10	50	21	7616	2013-03-18 18:06:48.752	2	7	9	\N	\N	\N	0
131000	10	\N	50	21	7700	2013-03-19 10:39:48.101	2	7	25	\N	\N	\N	0
131001	10	10	50	21	7700	2013-03-19 10:40:01.869	2	7	9	\N	\N	\N	0
131002	10	\N	50	21	7700	2013-03-19 10:40:02.198	3	1	1	\N	\N	\N	0
131003	10	\N	50	39	4400	2013-03-19 10:40:02.521	2	9	25	\N	\N	\N	0
131004	10	10	50	21	7700	2013-03-19 10:40:42.28	2	7	9	\N	\N	\N	0
131005	10	\N	50	21	7701	2013-03-19 10:40:42.382	2	7	25	\N	\N	\N	0
131006	10	10	50	21	7701	2013-03-19 10:40:42.447	2	7	9	\N	\N	\N	0
131007	10	10	50	21	7700	2013-03-19 10:56:25.969	2	7	7	\N	\N	\N	0
131008	10	\N	50	21	7702	2013-03-19 10:56:26.073	2	7	25	\N	\N	\N	0
131009	10	10	50	21	7702	2013-03-19 10:56:26.132	2	7	9	\N	\N	\N	0
131010	10	\N	\N	27	4700	2013-03-19 11:00:02.403	2	2	7	\N	\N	\N	0
131011	10	10	50	39	4400	2013-03-19 11:00:02.412	2	9	7	\N	\N	\N	0
131012	10	\N	\N	27	4601	2013-03-19 11:00:09.455	2	2	7	\N	\N	\N	0
131013	10	\N	50	80	1400	2013-03-19 11:00:09.464	2	10	7	\N	\N	\N	0
131014	10	10	50	39	4301	2013-03-19 11:00:09.474	2	9	7	\N	\N	\N	0
132000	10	10	50	21	7702	2013-03-19 11:05:19.811	2	7	7	\N	\N	\N	0
132001	10	10	50	21	7701	2013-03-19 11:05:32.819	2	7	7	\N	\N	\N	0
132002	10	\N	50	21	7800	2013-03-19 11:12:36.466	2	7	25	\N	\N	\N	0
132003	10	10	50	21	7800	2013-03-19 11:12:39.556	2	7	9	\N	\N	\N	0
132004	10	\N	50	21	7800	2013-03-19 11:12:39.71	3	1	1	\N	\N	\N	0
132005	10	\N	50	39	4500	2013-03-19 11:12:39.87	2	9	25	\N	\N	\N	0
132006	10	10	50	21	7800	2013-03-19 11:13:26.522	2	7	7	\N	\N	\N	0
132007	10	\N	50	21	7801	2013-03-19 11:13:26.597	2	7	25	\N	\N	\N	0
132008	10	10	50	21	7801	2013-03-19 11:13:26.664	2	7	9	\N	\N	\N	0
132009	10	10	50	21	7801	2013-03-19 11:14:53.559	2	7	7	\N	\N	\N	0
132010	10	\N	50	21	7802	2013-03-19 11:24:08.266	2	7	25	\N	\N	\N	0
132011	10	10	50	21	7802	2013-03-19 11:24:12.43	2	7	9	\N	\N	\N	0
132012	10	\N	50	21	7802	2013-03-19 11:24:12.476	3	1	1	\N	\N	\N	0
132013	10	\N	50	39	4501	2013-03-19 11:24:12.577	2	9	25	\N	\N	\N	0
132014	10	10	50	21	7802	2013-03-19 11:25:11.52	2	7	7	\N	\N	\N	0
132015	10	\N	50	21	7803	2013-03-19 11:25:11.577	2	7	25	\N	\N	\N	0
132016	10	10	50	21	7803	2013-03-19 11:25:11.636	2	7	9	\N	\N	\N	0
132017	10	10	50	21	7803	2013-03-19 11:25:57.929	2	7	7	\N	\N	\N	0
132018	10	\N	50	21	7804	2013-03-19 11:27:48.88	2	7	25	\N	\N	\N	0
132019	10	10	50	21	7804	2013-03-19 11:27:52.234	2	7	9	\N	\N	\N	0
132020	10	\N	50	21	7804	2013-03-19 11:27:52.274	3	1	1	\N	\N	\N	0
132021	10	\N	50	39	4502	2013-03-19 11:27:52.347	2	9	25	\N	\N	\N	0
132022	10	10	50	21	7804	2013-03-19 11:28:15.479	2	7	9	\N	\N	\N	0
132023	10	10	50	21	7804	2013-03-19 11:35:00.886	2	7	9	\N	\N	\N	0
132024	10	10	50	21	7804	2013-03-19 11:35:00.976	2	7	7	\N	\N	\N	0
132025	10	\N	50	21	7805	2013-03-19 11:35:01.01	2	7	25	\N	\N	\N	0
132026	10	10	50	21	7805	2013-03-19 11:35:01.058	2	7	9	\N	\N	\N	0
132027	10	10	50	21	7805	2013-03-19 11:35:33.031	2	7	7	\N	\N	\N	0
132028	10	\N	50	21	7806	2013-03-19 11:38:43.622	2	7	25	\N	\N	\N	0
132029	10	10	50	21	7806	2013-03-19 11:38:47.001	2	7	9	\N	\N	\N	0
132030	10	\N	50	39	4503	2013-03-19 11:38:47.133	2	9	25	\N	\N	\N	0
132031	10	10	50	21	7806	2013-03-19 11:39:07.096	2	7	9	\N	\N	\N	0
132032	10	10	50	21	7806	2013-03-19 11:41:00.922	2	7	9	\N	\N	\N	0
132033	10	10	50	21	7806	2013-03-19 11:41:38.034	2	7	9	\N	\N	\N	0
132034	10	10	50	21	7806	2013-03-19 11:41:38.097	2	7	7	\N	\N	\N	0
132035	10	\N	50	21	7807	2013-03-19 11:41:38.126	2	7	25	\N	\N	\N	0
132036	10	10	50	21	7807	2013-03-19 11:41:38.169	2	7	9	\N	\N	\N	0
132037	10	10	50	21	7807	2013-03-19 11:43:30.038	2	7	7	\N	\N	\N	0
133000	10	\N	50	21	7900	2013-03-19 11:54:42.829	2	7	25	\N	\N	\N	0
133001	10	10	50	21	7900	2013-03-19 11:54:49.195	2	7	9	\N	\N	\N	0
133002	10	\N	50	39	4600	2013-03-19 11:54:49.411	2	9	25	\N	\N	\N	0
133003	10	10	50	21	7900	2013-03-19 11:55:11.149	2	7	9	\N	\N	\N	0
133004	10	10	50	21	7900	2013-03-19 11:55:11.214	2	7	7	\N	\N	\N	0
133005	10	\N	50	21	7901	2013-03-19 11:55:11.242	2	7	25	\N	\N	\N	0
133006	10	10	50	21	7901	2013-03-19 11:55:11.291	2	7	9	\N	\N	\N	0
133007	10	10	50	21	7901	2013-03-19 11:58:19.314	2	7	7	\N	\N	\N	0
133008	10	\N	50	21	7902	2013-03-19 11:58:48.348	2	7	25	\N	\N	\N	0
133009	10	10	50	21	7902	2013-03-19 11:58:51.109	2	7	9	\N	\N	\N	0
133010	10	\N	50	39	4601	2013-03-19 11:58:51.223	2	9	25	\N	\N	\N	0
133011	10	10	50	21	7902	2013-03-19 11:59:05.834	2	7	9	\N	\N	\N	0
133012	10	10	50	21	7902	2013-03-19 11:59:05.916	2	7	7	\N	\N	\N	0
133013	10	\N	50	21	7903	2013-03-19 11:59:05.944	2	7	25	\N	\N	\N	0
133014	10	10	50	21	7903	2013-03-19 11:59:05.979	2	7	9	\N	\N	\N	0
133015	10	10	50	21	7903	2013-03-19 12:01:01.324	2	7	7	\N	\N	\N	0
133016	10	\N	50	21	7904	2013-03-19 12:01:15.566	2	7	25	\N	\N	\N	0
133017	10	10	50	21	7904	2013-03-19 12:01:17.723	2	7	9	\N	\N	\N	0
133018	10	\N	50	39	4602	2013-03-19 12:01:17.824	2	9	25	\N	\N	\N	0
133019	10	10	50	21	7904	2013-03-19 12:01:39.995	2	7	9	\N	\N	\N	0
133020	10	10	50	21	7904	2013-03-19 12:01:40.06	2	7	7	\N	\N	\N	0
133021	10	\N	50	21	7905	2013-03-19 12:01:40.09	2	7	25	\N	\N	\N	0
133022	10	10	50	21	7905	2013-03-19 12:01:40.125	2	7	9	\N	\N	\N	0
133023	10	10	50	21	7905	2013-03-19 12:10:59.523	2	7	7	\N	\N	\N	0
133024	10	\N	50	21	7906	2013-03-19 12:11:19.656	2	7	25	\N	\N	\N	0
133025	10	10	50	21	7906	2013-03-19 12:11:27.886	2	7	9	\N	\N	\N	0
133026	10	\N	50	39	4603	2013-03-19 12:11:28.017	2	9	25	\N	\N	\N	0
133027	10	10	50	21	7906	2013-03-19 12:11:48.65	2	7	9	\N	\N	\N	0
133028	10	\N	50	21	7907	2013-03-19 12:11:48.695	2	7	25	\N	\N	\N	0
133029	10	10	50	21	7907	2013-03-19 12:11:48.73	2	7	9	\N	\N	\N	0
133030	10	10	50	21	7907	2013-03-19 12:12:42.012	2	7	7	\N	\N	\N	0
133031	10	10	50	21	7906	2013-03-19 12:12:42.227	2	7	9	\N	\N	\N	0
133032	10	10	50	21	7906	2013-03-19 12:16:41.478	2	7	9	\N	\N	\N	0
133033	10	10	50	21	7906	2013-03-19 12:29:54.522	2	7	7	\N	\N	\N	0
133034	10	\N	50	21	7908	2013-03-19 12:30:23.847	2	7	25	\N	\N	\N	0
133035	10	10	50	21	7908	2013-03-19 12:30:30.678	2	7	9	\N	\N	\N	0
133036	10	\N	50	39	4604	2013-03-19 12:30:30.817	2	9	25	\N	\N	\N	0
133037	10	10	50	21	7908	2013-03-19 12:30:52.093	2	7	9	\N	\N	\N	0
133038	10	\N	50	21	7909	2013-03-19 12:30:52.132	2	7	25	\N	\N	\N	0
133039	10	10	50	21	7909	2013-03-19 12:30:52.175	2	7	9	\N	\N	\N	0
133040	10	10	50	21	7909	2013-03-19 12:31:54.655	2	7	7	\N	\N	\N	0
133041	10	10	50	21	7908	2013-03-19 12:31:54.846	2	7	9	\N	\N	\N	0
134000	10	10	50	21	7908	2013-03-19 13:15:05.384	2	7	7	\N	\N	\N	0
134001	10	\N	50	21	8000	2013-03-19 13:15:43.459	2	7	25	\N	\N	\N	0
134002	10	10	50	21	8000	2013-03-19 13:15:46.417	2	7	9	\N	\N	\N	0
134003	10	\N	50	39	4700	2013-03-19 13:15:46.62	2	9	25	\N	\N	\N	0
134004	10	10	50	21	8000	2013-03-19 13:16:09.869	2	7	9	\N	\N	\N	0
134005	10	\N	50	21	8001	2013-03-19 13:16:09.918	2	7	25	\N	\N	\N	0
134006	10	10	50	21	8001	2013-03-19 13:16:09.961	2	7	9	\N	\N	\N	0
135000	10	10	50	21	8001	2013-03-19 13:21:07.907	2	7	7	\N	\N	\N	0
136000	10	10	50	21	8000	2013-03-19 15:33:41.632	2	7	9	\N	\N	\N	0
137000	10	10	50	21	8000	2013-03-19 15:43:34.521	2	7	9	\N	\N	\N	0
138000	10	10	50	21	8000	2013-03-19 15:54:47.106	2	7	9	\N	\N	\N	0
139000	10	10	50	21	8000	2013-03-19 16:13:43.908	2	7	9	\N	\N	\N	0
140000	10	10	50	21	8000	2013-03-19 16:16:50.708	2	7	9	\N	\N	\N	0
141000	10	10	50	21	8000	2013-03-19 16:21:53.689	2	7	9	\N	\N	\N	0
142000	10	10	50	21	8000	2013-03-19 16:37:21.692	2	7	9	\N	\N	\N	0
142001	10	10	50	21	8000	2013-03-19 16:38:47.472	2	7	9	\N	\N	\N	0
142002	10	10	50	21	8000	2013-03-19 16:40:50.652	2	7	9	\N	\N	\N	0
143000	10	10	50	21	8000	2013-03-19 16:43:20.739	2	7	9	\N	\N	\N	0
144000	10	10	50	21	8000	2013-03-19 16:47:35.052	2	7	9	\N	\N	\N	0
145000	10	10	50	21	8000	2013-03-19 16:49:47.962	2	7	9	\N	\N	\N	0
145001	10	10	50	21	8000	2013-03-19 16:51:47.735	2	7	9	\N	\N	\N	0
146000	10	10	50	21	8000	2013-03-19 16:54:19.464	2	7	9	\N	\N	\N	0
147000	10	10	50	21	8000	2013-03-19 16:56:57.216	2	7	9	\N	\N	\N	0
148000	10	10	50	21	8000	2013-03-19 16:59:49.769	2	7	9	\N	\N	\N	0
149000	10	10	50	21	8000	2013-03-19 17:03:24.111	2	7	9	\N	\N	\N	0
150000	10	10	50	21	8000	2013-03-19 17:07:07.902	2	7	9	\N	\N	\N	0
151000	10	10	50	21	8000	2013-03-19 17:20:24.53	2	7	9	\N	\N	\N	0
151001	10	10	50	21	8000	2013-03-19 17:21:52.392	2	7	9	\N	\N	\N	0
152000	10	10	50	21	8000	2013-03-19 17:24:09.499	2	7	7	\N	\N	\N	0
152001	10	10	50	21	8000	2013-03-19 17:26:23.834	2	7	7	\N	\N	\N	0
152002	10	\N	50	21	8100	2013-03-19 17:27:08.793	2	7	25	\N	\N	\N	0
152003	10	10	50	21	8100	2013-03-19 17:27:11.858	2	7	9	\N	\N	\N	0
152004	10	\N	50	39	4800	2013-03-19 17:27:12.313	2	9	25	\N	\N	\N	0
152005	10	10	50	21	8100	2013-03-19 17:27:56.825	2	7	9	\N	\N	\N	0
152006	10	\N	50	21	8101	2013-03-19 17:27:56.964	2	7	25	\N	\N	\N	0
152007	10	10	50	21	8101	2013-03-19 17:27:57.037	2	7	9	\N	\N	\N	0
152008	10	10	50	21	8101	2013-03-19 17:28:32.505	2	7	7	\N	\N	\N	0
152009	10	10	50	21	8100	2013-03-19 17:28:32.867	2	7	9	\N	\N	\N	0
152010	10	10	50	21	8100	2013-03-19 17:28:43.731	2	7	7	\N	\N	\N	0
152011	10	\N	30	21	8102	2013-03-19 17:30:03.803	2	7	25	\N	\N	\N	0
152012	10	10	30	21	8102	2013-03-19 17:30:23.81	2	7	7	\N	\N	\N	0
152013	10	\N	50	80	1500	2013-03-19 17:36:59.397	2	10	7	\N	\N	\N	0
152014	10	\N	50	42	1200	2013-03-19 17:37:02.538	2	10	7	\N	\N	\N	0
153000	10	\N	50	21	8200	2013-03-21 12:38:38.544	2	7	25	\N	\N	\N	0
153001	10	10	50	21	8200	2013-03-21 12:38:47.956	2	7	9	\N	\N	\N	0
153002	10	\N	50	39	4900	2013-03-21 12:38:48.581	2	9	25	\N	\N	\N	0
154000	10	10	50	21	8200	2013-03-21 12:50:45.293	2	7	9	\N	\N	\N	0
154001	10	10	50	21	8200	2013-03-21 12:54:44.91	2	7	9	\N	\N	\N	0
154002	10	10	50	21	8200	2013-03-21 12:54:58.619	2	7	9	\N	\N	\N	0
154003	10	10	50	21	8200	2013-03-21 12:57:44.029	2	7	9	\N	\N	\N	0
154004	10	10	50	21	8200	2013-03-21 12:58:02.476	2	7	9	\N	\N	\N	0
154005	10	10	50	21	8200	2013-03-21 12:58:57.073	2	7	9	\N	\N	\N	0
154006	10	10	50	21	8200	2013-03-21 13:00:35.903	2	7	9	\N	\N	\N	0
154007	10	10	50	21	8200	2013-03-21 13:02:29.36	2	7	9	\N	\N	\N	0
154008	10	\N	50	21	8300	2013-03-21 13:02:29.426	2	7	25	\N	\N	\N	0
154009	10	10	50	21	8200	2013-03-21 13:04:23.816	2	7	9	\N	\N	\N	0
154010	10	\N	50	21	8301	2013-03-21 13:04:23.902	2	7	25	\N	\N	\N	0
154011	10	10	50	21	8200	2013-03-21 13:06:05.401	2	7	9	\N	\N	\N	0
154012	10	10	50	21	8200	2013-03-21 13:06:05.561	2	7	7	\N	\N	\N	0
154013	10	\N	50	21	8302	2013-03-21 13:06:05.619	2	7	25	\N	\N	\N	0
154014	10	\N	50	39	5000	2013-03-21 13:06:53.402	2	9	25	\N	\N	\N	0
154015	10	\N	50	21	8301	2013-03-21 13:06:53.518	2	7	13	1	\N	\N	0
154016	10	\N	50	21	8302	2013-03-21 13:07:10.995	2	7	13	1	\N	\N	0
154017	10	\N	50	39	4900	2013-03-21 13:07:10.997	2	9	16	\N	\N	\N	0
155000	10	\N	50	21	8302	2013-03-21 13:32:02.504	2	7	13	2	\N	\N	0
155001	10	\N	\N	27	5200	2013-03-21 13:32:02.666	2	2	7	\N	\N	\N	0
155002	10	10	50	39	4900	2013-03-21 13:32:02.725	2	9	7	\N	\N	\N	0
155003	10	\N	50	21	8301	2013-03-21 13:32:49.453	2	7	13	2	\N	\N	0
155004	10	\N	\N	27	5300	2013-03-21 13:32:49.516	2	2	7	\N	\N	\N	0
155005	10	10	50	39	5000	2013-03-21 13:32:49.528	2	9	7	\N	\N	\N	0
155006	10	10	50	21	8302	2013-03-21 13:33:18.873	2	7	7	\N	\N	\N	0
155007	10	\N	50	39	5100	2013-03-21 13:33:29.067	2	9	25	\N	\N	\N	0
155008	10	\N	50	21	8301	2013-03-21 13:33:29.121	2	7	13	1	\N	\N	0
155009	10	\N	50	21	8301	2013-03-21 13:33:33.724	2	7	13	2	\N	\N	0
155010	10	\N	\N	27	5400	2013-03-21 13:33:33.749	2	2	7	\N	\N	\N	0
155011	10	10	50	39	5100	2013-03-21 13:33:33.761	2	9	7	\N	\N	\N	0
155012	10	10	50	21	8301	2013-03-21 13:33:41.434	2	7	7	\N	\N	\N	0
155013	10	10	50	21	8300	2013-03-21 13:33:45.716	2	7	7	\N	\N	\N	0
155014	10	\N	50	21	8400	2013-03-21 13:34:21.066	2	7	25	\N	\N	\N	0
155015	10	10	50	21	8400	2013-03-21 13:34:24.254	2	7	9	\N	\N	\N	0
155016	10	\N	50	21	8400	2013-03-21 13:34:24.302	3	1	1	\N	\N	\N	0
155017	10	\N	50	39	5101	2013-03-21 13:34:24.423	2	9	25	\N	\N	\N	0
155018	10	\N	40	21	8401	2013-03-21 13:39:19.149	2	7	25	\N	\N	\N	0
155019	10	10	40	21	8401	2013-03-21 13:39:46.407	2	7	9	\N	\N	\N	0
155020	10	\N	40	21	8401	2013-03-21 13:39:46.512	3	1	1	\N	\N	\N	0
155021	10	\N	40	39	5102	2013-03-21 13:39:46.63	2	9	25	\N	\N	\N	0
155022	10	10	40	21	8401	2013-03-21 13:42:38.031	2	7	9	\N	\N	\N	0
155023	10	\N	40	21	8402	2013-03-21 13:42:38.125	2	7	25	\N	\N	\N	0
155024	10	10	40	21	8401	2013-03-21 13:48:39.195	2	7	9	\N	\N	\N	0
155025	10	\N	40	21	8403	2013-03-21 13:48:39.272	2	7	25	\N	\N	\N	0
155026	10	10	40	21	8401	2013-03-21 13:55:16.504	2	7	9	\N	\N	\N	0
155027	10	\N	40	21	8404	2013-03-21 13:55:16.577	2	7	25	\N	\N	\N	0
155028	10	\N	40	21	8405	2013-03-21 14:01:46.375	2	7	25	\N	\N	\N	0
155029	10	10	40	21	8401	2013-03-21 14:02:17.237	2	7	9	\N	\N	\N	0
155030	10	\N	40	21	8406	2013-03-21 14:02:17.295	2	7	25	\N	\N	\N	0
155031	10	10	40	21	8401	2013-03-21 14:09:26.889	2	7	9	\N	\N	\N	0
155032	10	\N	40	21	8407	2013-03-21 14:09:26.972	2	7	25	\N	\N	\N	0
155033	10	\N	40	21	8402	2013-03-21 14:10:00.438	2	1	2	\N	\N	\N	0
155034	10	\N	40	21	8403	2013-03-21 14:10:00.44	2	1	2	\N	\N	\N	0
155035	10	\N	40	21	8405	2013-03-21 14:10:00.461	2	1	2	\N	\N	\N	0
155036	10	\N	40	21	8406	2013-03-21 14:10:00.463	2	1	2	\N	\N	\N	0
155037	10	\N	40	21	8401	2013-03-21 14:10:00.465	2	1	4	\N	\N	\N	0
155038	10	\N	50	21	8400	2013-03-21 14:10:00.621	2	1	4	\N	\N	\N	0
155039	10	10	40	21	8401	2013-03-21 14:11:38.992	2	7	9	\N	\N	\N	0
155040	10	\N	40	21	8408	2013-03-21 14:11:39.057	2	7	25	\N	\N	\N	0
155041	10	10	40	21	8401	2013-03-21 14:14:08.737	2	7	9	\N	\N	\N	0
155042	10	\N	40	21	8409	2013-03-21 14:14:08.782	2	7	25	\N	\N	\N	0
155043	10	10	40	21	8401	2013-03-21 14:20:59.613	2	7	9	\N	\N	\N	0
155044	10	\N	40	21	8410	2013-03-21 14:20:59.688	2	7	25	\N	\N	\N	0
155045	10	10	40	21	8401	2013-03-21 14:25:40.649	2	7	9	\N	\N	\N	0
155046	10	\N	40	21	8411	2013-03-21 14:25:40.716	2	7	25	\N	\N	\N	0
155047	10	10	40	21	8401	2013-03-21 14:33:34.721	2	7	9	\N	\N	\N	0
155048	10	\N	40	21	8412	2013-03-21 14:33:34.831	2	7	25	\N	\N	\N	0
156000	10	\N	\N	27	5401	2013-03-21 14:56:09.264	2	2	7	\N	\N	\N	0
156001	10	10	50	39	5101	2013-03-21 14:56:09.279	2	9	7	\N	\N	\N	0
156002	10	\N	\N	27	5402	2013-03-21 14:56:12.959	2	2	7	\N	\N	\N	0
156003	10	10	40	39	5102	2013-03-21 14:56:12.985	2	9	7	\N	\N	\N	0
156004	10	\N	50	21	8500	2013-03-21 14:57:01.89	2	7	25	\N	\N	\N	0
156005	10	10	50	21	8500	2013-03-21 14:57:04.062	2	7	9	\N	\N	\N	0
156006	10	\N	50	21	8500	2013-03-21 14:57:04.128	3	1	1	\N	\N	\N	0
156007	10	\N	50	39	5200	2013-03-21 14:57:04.26	2	9	25	\N	\N	\N	0
156008	10	\N	50	21	8501	2013-03-21 14:57:48.051	2	7	25	\N	\N	\N	0
156009	10	\N	50	21	8501	2013-03-21 14:57:56.681	2	7	13	1	\N	\N	0
156010	10	\N	50	39	5200	2013-03-21 14:57:56.691	2	9	16	\N	\N	\N	0
157000	10	\N	50	21	8600	2013-03-21 15:31:46.621	2	7	25	\N	\N	\N	0
157001	10	10	50	21	8600	2013-03-21 15:31:53.5	2	7	9	\N	\N	\N	0
157002	10	\N	50	21	8600	2013-03-21 15:31:53.591	3	1	1	\N	\N	\N	0
157003	10	\N	50	39	5300	2013-03-21 15:31:53.712	2	9	25	\N	\N	\N	0
158000	10	10	\N	25	11	2013-03-21 16:25:23.034	2	11	9	\N	\N	\N	0
159000	10	10	\N	25	11	2013-03-21 16:33:52.848	2	11	9	\N	\N	\N	0
159001	10	10	\N	25	11	2013-03-21 16:41:01.663	2	11	9	\N	\N	\N	0
159002	10	10	\N	25	11	2013-03-21 16:48:19.444	2	11	9	\N	\N	\N	0
159003	10	10	\N	25	11	2013-03-21 16:50:32.752	2	11	9	\N	\N	\N	0
159004	10	10	\N	25	11	2013-03-21 16:54:23.092	2	11	9	\N	\N	\N	0
159005	10	\N	\N	27	5600	2013-03-21 17:13:39.791	2	2	7	\N	\N	\N	0
159006	10	10	50	39	5300	2013-03-21 17:13:39.814	2	9	7	\N	\N	\N	0
159007	10	\N	\N	27	5500	2013-03-21 17:13:43.905	2	2	7	\N	\N	\N	0
159008	10	10	50	39	5200	2013-03-21 17:13:43.914	2	9	7	\N	\N	\N	0
160000	10	\N	50	21	8700	2013-04-03 06:05:44.085	2	7	25	\N	\N	\N	0
160001	10	10	50	21	8700	2013-04-03 06:05:52.923	2	7	9	\N	\N	\N	0
160002	10	\N	50	39	5400	2013-04-03 06:05:53.119	2	9	25	\N	\N	\N	0
160004	10	\N	50	42	1300	2013-04-03 06:12:55.527	2	10	25	\N	\N	\N	0
160006	10	\N	50	21	8701	2013-04-03 06:20:49.061	2	7	25	\N	\N	\N	0
160007	10	\N	50	39	5401	2013-04-03 06:25:18.591	2	9	25	\N	\N	\N	0
160008	10	\N	50	21	8701	2013-04-03 06:25:18.605	2	7	13	1	\N	\N	0
160012	10	\N	30	21	8702	2013-04-03 06:37:53.24	2	7	25	\N	\N	\N	0
160013	10	10	30	21	8702	2013-04-03 06:37:56.046	2	7	9	\N	\N	\N	0
160014	10	\N	30	39	5402	2013-04-03 06:37:56.142	2	9	25	\N	\N	\N	0
160016	10	10	30	21	8702	2013-04-03 06:39:49.521	2	7	9	\N	\N	\N	0
160017	10	\N	30	39	5403	2013-04-03 06:39:49.584	2	9	25	\N	\N	\N	0
160018	10	10	30	21	8702	2013-04-03 06:42:12.242	2	7	9	\N	\N	\N	0
160019	10	\N	30	21	8703	2013-04-03 06:42:12.267	2	7	25	\N	\N	\N	0
160020	10	\N	30	39	5404	2013-04-03 06:42:30.172	2	9	25	\N	\N	\N	0
160021	10	\N	30	21	8703	2013-04-03 06:42:30.185	2	7	13	1	\N	\N	0
161000	10	\N	40	21	8800	2013-04-03 20:30:26.887	2	7	25	\N	\N	\N	0
162000	10	10	50	21	8700	2013-04-03 20:42:36.586	2	7	9	\N	\N	\N	0
162001	10	\N	50	21	8900	2013-04-03 20:42:36.651	2	7	25	\N	\N	\N	0
162002	10	\N	50	39	5500	2013-04-03 20:42:57.912	2	9	25	\N	\N	\N	0
162003	10	\N	50	21	8900	2013-04-03 20:42:57.94	2	7	13	1	\N	\N	0
163000	10	\N	40	21	9000	2013-04-03 22:13:13.867	2	7	25	\N	\N	\N	0
163001	10	10	40	21	9000	2013-04-03 22:13:20.165	2	7	9	\N	\N	\N	0
163002	10	\N	40	39	5600	2013-04-03 22:13:20.363	2	9	25	\N	\N	\N	0
163003	10	\N	\N	27	5900	2013-04-03 22:13:50.568	2	2	7	\N	\N	\N	0
163004	10	10	40	39	5600	2013-04-03 22:13:50.574	2	9	7	\N	\N	\N	0
163005	10	10	40	21	9000	2013-04-03 22:14:04.92	2	7	9	\N	\N	\N	0
163006	10	10	40	21	9000	2013-04-03 22:14:18.591	2	7	9	\N	\N	\N	0
163007	10	10	40	21	9000	2013-04-03 22:14:26.694	2	7	9	\N	\N	\N	0
163008	10	10	40	21	9000	2013-04-03 22:18:08.477	2	7	7	\N	\N	\N	0
163009	10	10	40	21	8800	2013-04-03 22:18:13.069	2	7	7	\N	\N	\N	0
163010	10	\N	40	21	9001	2013-04-03 22:19:34.914	2	7	25	\N	\N	\N	0
163011	10	\N	40	21	9002	2013-04-03 22:20:22.111	2	7	25	\N	\N	\N	0
163012	10	10	40	21	9001	2013-04-03 22:20:35.647	2	7	9	\N	\N	\N	0
163013	10	\N	40	21	9001	2013-04-03 22:20:35.672	3	1	1	\N	\N	\N	0
163014	10	\N	40	39	5601	2013-04-03 22:20:35.743	2	9	25	\N	\N	\N	0
163015	10	\N	\N	27	5901	2013-04-03 22:20:42.733	2	2	7	\N	\N	\N	0
163016	10	10	40	39	5601	2013-04-03 22:20:42.74	2	9	7	\N	\N	\N	0
163017	10	10	40	21	9001	2013-04-03 22:20:55.445	2	7	7	\N	\N	\N	0
163018	10	10	40	21	9002	2013-04-03 22:21:13.947	2	7	9	\N	\N	\N	0
163019	10	10	40	21	9002	2013-04-03 22:21:33.313	2	7	7	\N	\N	\N	0
163020	10	\N	40	21	9003	2013-04-03 22:22:06.869	2	7	25	\N	\N	\N	0
163021	10	10	40	21	9003	2013-04-03 22:22:10.562	2	7	9	\N	\N	\N	0
163022	10	\N	40	21	9003	2013-04-03 22:22:10.577	3	1	1	\N	\N	\N	0
163023	10	\N	40	39	5602	2013-04-03 22:22:10.616	2	9	25	\N	\N	\N	0
163024	10	10	40	21	9003	2013-04-03 22:44:15.494	2	7	9	\N	\N	\N	0
163025	10	\N	40	21	9004	2013-04-03 22:44:15.53	2	7	25	\N	\N	\N	0
163026	10	\N	50	80	1600	2013-04-03 23:03:01.644	2	10	7	\N	\N	\N	0
163027	10	\N	50	42	1300	2013-04-03 23:03:04.346	2	10	7	\N	\N	\N	0
163028	10	\N	50	21	9005	2013-04-03 23:06:23.066	2	7	25	\N	\N	\N	0
163029	10	10	50	21	9005	2013-04-03 23:06:30.037	2	7	9	\N	\N	\N	0
163030	10	\N	50	39	5603	2013-04-03 23:06:30.129	2	9	25	\N	\N	\N	0
163031	10	\N	\N	27	5903	2013-04-03 23:09:26.225	2	2	7	\N	\N	\N	0
163032	10	10	50	39	5603	2013-04-03 23:09:26.23	2	9	7	\N	\N	\N	0
163033	10	\N	50	21	9006	2013-04-03 23:09:54.995	2	7	25	\N	\N	\N	0
163034	10	\N	50	39	5604	2013-04-03 23:10:08.716	2	9	25	\N	\N	\N	0
163035	10	\N	50	21	9006	2013-04-03 23:10:08.727	2	7	13	1	\N	\N	0
163036	10	10	50	21	9005	2013-04-03 23:10:23.659	2	7	9	\N	\N	\N	0
163037	10	\N	50	39	5604	2013-04-03 23:10:23.731	2	9	16	\N	\N	\N	0
163038	10	\N	50	42	1400	2013-04-03 23:14:05.355	2	10	25	\N	\N	\N	0
163039	10	\N	50	21	9007	2013-04-03 23:15:44.968	2	7	25	\N	\N	\N	0
163040	10	\N	50	39	5605	2013-04-03 23:15:57.275	2	9	25	\N	\N	\N	0
163041	10	\N	50	21	9007	2013-04-03 23:15:57.288	2	7	13	1	\N	\N	0
163042	10	10	50	21	9005	2013-04-03 23:16:48.232	2	7	9	\N	\N	\N	0
163043	10	\N	50	21	9008	2013-04-03 23:16:48.269	2	7	25	\N	\N	\N	0
163044	10	\N	50	21	9008	2013-04-03 23:17:02.74	2	7	13	1	\N	\N	0
163045	10	\N	50	39	5605	2013-04-03 23:17:02.741	2	9	16	\N	\N	\N	0
163046	10	\N	50	21	9007	2013-04-03 23:21:48.748	2	7	13	2	\N	\N	0
163047	10	\N	50	21	9008	2013-04-03 23:21:48.751	2	7	13	2	\N	\N	0
163048	10	\N	\N	27	5905	2013-04-03 23:21:48.759	2	2	7	\N	\N	\N	0
163049	10	10	50	39	5605	2013-04-03 23:21:48.763	2	9	7	\N	\N	\N	0
163050	10	10	50	21	9008	2013-04-03 23:22:16.478	2	7	7	\N	\N	\N	0
163051	10	10	50	21	9005	2013-04-03 23:22:16.821	2	7	9	\N	\N	\N	0
163052	10	10	50	21	9007	2013-04-03 23:22:39.527	2	7	7	\N	\N	\N	0
163053	10	10	50	21	9005	2013-04-03 23:23:17.22	2	7	9	\N	\N	\N	0
163054	10	10	50	21	9005	2013-04-03 23:24:19.531	2	7	9	\N	\N	\N	0
163055	10	\N	50	21	9009	2013-04-03 23:24:19.566	2	7	25	\N	\N	\N	0
164000	10	\N	50	21	9100	2013-04-04 10:56:14.353	2	7	25	\N	\N	\N	0
164001	10	10	50	21	9100	2013-04-04 10:56:37.577	2	7	9	\N	\N	\N	0
164002	10	\N	60	10	60	2013-04-04 12:50:18.526	2	2	25	\N	\N	\N	0
164003	\N	\N	\N	27	6000	2013-04-04 12:50:18.549	2	2	25	\N	\N	\N	0
164004	10	\N	60	27	6000	2013-04-04 12:50:18.625	2	2	9	\N	\N	\N	0
164005	10	\N	60	21	9101	2013-04-04 12:53:19.922	2	7	25	\N	\N	\N	0
164006	10	\N	60	39	5700	2013-04-04 12:53:37.006	2	9	25	\N	\N	\N	0
164007	10	\N	60	21	9101	2013-04-04 12:53:37.029	2	7	13	1	\N	\N	0
164008	10	\N	60	21	9102	2013-04-04 12:56:12.133	2	7	25	\N	\N	\N	0
164009	10	10	60	21	9102	2013-04-04 12:56:33.508	2	7	9	\N	\N	\N	0
164010	10	\N	60	21	9102	2013-04-04 12:56:33.55	3	1	1	\N	\N	\N	0
164011	10	\N	60	39	5700	2013-04-04 12:56:33.602	2	9	16	\N	\N	\N	0
164012	10	\N	60	21	9103	2013-04-04 13:01:00.271	2	7	25	\N	\N	\N	0
164013	10	\N	60	42	1500	2013-04-04 13:02:07.186	2	10	25	\N	\N	\N	0
164014	10	\N	60	39	5701	2013-04-04 13:02:29.305	2	9	25	\N	\N	\N	0
164015	10	\N	60	21	9103	2013-04-04 13:02:29.319	2	7	13	1	\N	\N	0
164016	10	10	60	21	9102	2013-04-04 13:03:45.334	2	7	9	\N	\N	\N	0
164017	10	\N	60	21	9104	2013-04-04 13:03:45.359	2	7	25	\N	\N	\N	0
164018	10	\N	60	21	9104	2013-04-04 13:05:39.847	2	7	13	1	\N	\N	0
164019	10	\N	60	39	5701	2013-04-04 13:05:39.849	2	9	16	\N	\N	\N	0
165000	10	10	\N	14	1405	2013-04-08 10:35:08.652	2	3	9	\N	\N	\N	0
165001	10	\N	50	21	9200	2013-04-08 10:44:30.195	2	7	25	\N	\N	\N	0
166000	10	10	\N	14	1201	2013-04-08 11:29:10.996	2	3	9	\N	\N	\N	0
166001	10	10	\N	14	1201	2013-04-08 11:31:49.459	2	3	9	\N	\N	\N	0
166002	10	10	\N	14	1201	2013-04-08 11:32:21.198	2	3	9	\N	\N	\N	0
167000	10	10	\N	14	1201	2013-04-08 11:56:23.782	2	3	9	\N	\N	\N	0
167001	10	10	\N	14	1201	2013-04-08 11:56:52.921	2	3	9	\N	\N	\N	0
168000	10	10	\N	14	1201	2013-04-08 12:03:53.751	2	3	9	\N	\N	\N	0
168001	10	10	\N	14	1201	2013-04-08 12:04:22.339	2	3	9	\N	\N	\N	0
168002	10	10	\N	14	1201	2013-04-08 12:04:53.719	2	3	9	\N	\N	\N	0
168003	10	10	\N	14	1401	2013-04-08 12:05:14.791	2	3	9	\N	\N	\N	0
168004	10	\N	50	21	9300	2013-04-08 12:06:11.799	2	7	25	\N	\N	\N	0
168005	10	10	50	21	9300	2013-04-08 12:06:22.274	2	7	7	\N	\N	\N	0
168006	10	\N	50	21	9301	2013-04-08 12:07:09.157	2	7	25	\N	\N	\N	0
169000	10	10	50	21	9200	2013-04-08 12:36:45.84	2	7	9	\N	\N	2013-04-08 00:00:00	0
169001	10	10	50	21	9200	2013-04-08 12:36:45.844	2	7	9	1	\N	\N	0
169002	10	10	50	21	9200	2013-04-08 12:36:46.078	2	7	9	\N	\N	\N	0
169003	10	10	50	21	9200	2013-04-08 12:36:55.41	2	7	9	\N	\N	\N	0
169004	10	\N	50	21	9200	2013-04-08 12:36:55.656	3	1	1	\N	\N	\N	0
169005	10	\N	50	39	5800	2013-04-08 12:36:56.036	2	9	25	\N	\N	\N	0
169006	10	10	50	21	9200	2013-04-08 12:39:41.117	2	7	9	\N	\N	\N	0
169007	10	\N	50	21	9400	2013-04-08 12:39:41.182	2	7	25	\N	\N	\N	0
170000	10	10	\N	14	1201	2013-04-08 14:15:21.95	2	3	9	\N	\N	\N	0
170001	10	10	\N	14	1201	2013-04-08 14:23:12.831	2	3	9	\N	\N	\N	0
170002	10	10	\N	14	1201	2013-04-08 14:27:59.184	2	3	9	\N	\N	\N	0
170003	10	10	\N	14	1201	2013-04-08 14:29:11.766	2	3	9	\N	\N	\N	0
170004	10	10	\N	14	1201	2013-04-08 14:30:47.172	2	3	9	\N	\N	\N	0
170005	10	10	\N	14	1201	2013-04-08 14:32:39.129	2	3	9	\N	\N	\N	0
170006	10	10	\N	14	1201	2013-04-08 14:33:23.915	2	3	9	\N	\N	\N	0
170007	10	10	\N	14	1201	2013-04-08 14:36:10.805	2	3	9	\N	\N	\N	0
170008	10	10	\N	14	1201	2013-04-08 14:39:09.056	2	3	9	\N	\N	\N	0
170009	10	10	\N	14	1201	2013-04-08 14:43:45.423	2	3	9	\N	\N	\N	0
170010	10	10	\N	14	1201	2013-04-08 14:44:38.662	2	3	9	\N	\N	\N	0
170011	10	10	\N	14	1201	2013-04-08 14:46:08.881	2	3	9	\N	\N	\N	0
170012	10	10	\N	14	1201	2013-04-08 14:46:35.698	2	3	9	\N	\N	\N	0
170013	10	10	\N	14	1201	2013-04-08 14:49:32.807	2	3	9	\N	\N	\N	0
170014	10	10	\N	14	1201	2013-04-08 14:50:50.271	2	3	9	\N	\N	\N	0
170015	10	10	\N	14	1201	2013-04-08 14:52:03.727	2	3	9	\N	\N	\N	0
170016	10	10	\N	14	1201	2013-04-08 14:54:01.911	2	3	9	\N	\N	\N	0
170017	10	10	\N	14	1201	2013-04-08 14:56:42.591	2	3	9	\N	\N	\N	0
171000	10	10	\N	14	1201	2013-04-08 15:00:07.467	2	3	9	\N	\N	\N	0
171001	10	10	\N	14	1201	2013-04-08 15:01:32.823	2	3	9	\N	\N	\N	0
171002	10	10	\N	14	1201	2013-04-08 15:02:48.251	2	3	9	\N	\N	\N	0
171003	10	10	\N	14	1201	2013-04-08 15:04:34.487	2	3	9	\N	\N	\N	0
171004	10	10	\N	14	1201	2013-04-08 15:08:28.575	2	3	9	\N	\N	\N	0
172000	10	10	\N	14	1201	2013-04-08 15:10:07.736	2	3	9	\N	\N	\N	0
172001	10	10	\N	14	1201	2013-04-08 15:10:36.796	2	3	9	\N	\N	\N	0
172002	10	10	\N	14	1201	2013-04-08 15:10:55.883	2	3	9	\N	\N	\N	0
172003	10	10	\N	14	1201	2013-04-08 15:11:08.788	2	3	9	\N	\N	\N	0
173000	10	10	\N	14	1500	2013-04-08 15:56:13.742	2	3	7	\N	\N	\N	0
174000	10	10	\N	14	1201	2013-04-08 16:08:19.005	2	3	9	\N	\N	\N	0
174001	10	10	\N	14	1600	2013-04-08 16:09:04.676	2	3	7	\N	\N	\N	0
175000	10	10	\N	14	1500	2013-04-08 16:13:30.62	2	3	9	\N	\N	\N	0
175001	10	10	\N	14	1500	2013-04-08 16:13:46.449	2	3	7	\N	\N	\N	0
176000	10	10	\N	14	1600	2013-04-08 16:18:36.215	2	3	7	\N	\N	\N	0
176001	10	10	\N	14	1600	2013-04-08 16:19:32.107	2	3	7	\N	\N	\N	0
177000	10	10	\N	14	1600	2013-04-08 16:22:11.585	2	3	7	\N	\N	\N	0
177001	10	10	\N	14	1500	2013-04-08 16:23:00.57	2	3	9	\N	\N	\N	0
177002	10	10	\N	14	1500	2013-04-08 16:23:14.175	2	3	7	\N	\N	\N	0
177003	10	10	\N	14	1600	2013-04-08 16:24:41.947	2	3	7	\N	\N	\N	0
177004	10	10	\N	14	1600	2013-04-08 16:25:19.381	2	3	9	\N	\N	\N	0
177005	10	10	\N	14	1600	2013-04-08 16:25:22.85	2	3	7	\N	\N	\N	0
177006	10	10	\N	14	1500	2013-04-08 16:26:36.756	2	3	7	\N	\N	\N	0
178000	10	10	\N	14	1201	2013-04-09 12:28:58.882	2	3	9	\N	\N	\N	0
178001	10	10	\N	14	1200	2013-04-09 12:29:07.613	2	3	9	\N	\N	\N	0
178002	10	\N	50	21	9500	2013-04-09 13:05:10.648	2	7	25	\N	\N	\N	0
179000	10	\N	50	21	9603	2013-04-09 13:47:45.256	2	7	25	\N	\N	\N	0
180000	10	\N	60	21	9702	2013-04-09 14:15:06.629	2	7	25	\N	\N	\N	0
180001	10	10	60	21	9702	2013-04-09 14:19:48.51	2	7	9	\N	\N	\N	0
181000	10	\N	50	21	9800	2013-04-09 14:26:03.938	2	7	25	\N	\N	\N	0
181001	10	\N	50	21	9801	2013-04-09 14:27:27.039	2	7	25	\N	\N	\N	0
181002	10	\N	50	21	9802	2013-04-09 14:27:27.282	2	7	25	\N	\N	\N	0
181003	10	10	50	21	9800	2013-04-09 14:27:54.05	2	7	7	\N	\N	\N	0
181004	10	\N	40	21	9803	2013-04-09 14:29:44.054	2	7	25	\N	\N	\N	0
181005	10	\N	40	21	9804	2013-04-09 14:29:44.345	2	7	25	\N	\N	\N	0
181006	10	\N	40	39	5900	2013-04-09 14:31:52.272	2	9	25	\N	\N	\N	0
181007	10	\N	40	21	9803	2013-04-09 14:31:52.753	2	7	13	1	\N	\N	0
181008	10	10	40	21	9804	2013-04-09 14:32:11.27	2	7	9	\N	\N	\N	0
181009	10	\N	40	21	9804	2013-04-09 14:32:11.332	3	1	1	\N	\N	\N	0
181010	10	\N	40	39	5900	2013-04-09 14:32:11.414	2	9	16	\N	\N	\N	0
181011	10	\N	40	42	1600	2013-04-09 14:33:16.001	2	10	25	\N	\N	\N	0
182000	10	\N	40	21	9900	2013-04-09 14:45:46.808	2	7	25	\N	\N	\N	0
182001	10	\N	40	21	9901	2013-04-09 14:47:21.606	2	7	25	\N	\N	\N	0
182002	10	10	40	21	9804	2013-04-09 14:47:22.268	2	7	9	\N	\N	\N	0
182003	10	\N	40	21	9902	2013-04-09 14:47:22.326	2	7	25	\N	\N	\N	0
182004	10	\N	40	42	1600	2013-04-09 14:53:38.165	2	10	7	\N	\N	\N	0
182005	10	\N	60	42	1500	2013-04-09 14:53:41.883	2	10	7	\N	\N	\N	0
182006	10	\N	50	42	1400	2013-04-09 14:53:47.947	2	10	7	\N	\N	\N	0
182007	10	10	\N	14	1405	2013-04-09 14:54:18.14	2	3	9	\N	\N	\N	0
182008	10	10	\N	14	1404	2013-04-09 14:54:23.57	2	3	9	\N	\N	\N	0
182009	10	10	\N	14	1403	2013-04-09 14:54:33.377	2	3	9	\N	\N	\N	0
182010	10	10	\N	14	1402	2013-04-09 14:54:40.157	2	3	9	\N	\N	\N	0
182011	10	10	\N	14	1401	2013-04-09 14:54:51.081	2	3	9	\N	\N	\N	0
182012	10	10	\N	14	1400	2013-04-09 14:54:55.187	2	3	7	\N	\N	\N	0
182013	10	\N	60	21	9903	2013-04-09 14:55:45.303	2	7	25	\N	\N	\N	0
182014	10	\N	60	21	9904	2013-04-09 14:55:45.719	2	7	25	\N	\N	\N	0
182015	10	\N	60	39	6000	2013-04-09 14:56:12.379	2	9	25	\N	\N	\N	0
182016	10	\N	60	21	9903	2013-04-09 14:56:12.405	2	7	13	1	\N	\N	0
182017	10	10	60	21	9904	2013-04-09 14:56:22.786	2	7	9	\N	\N	\N	0
182018	10	\N	60	21	9904	2013-04-09 14:56:22.818	3	1	1	\N	\N	\N	0
182019	10	\N	60	39	6000	2013-04-09 14:56:22.883	2	9	16	\N	\N	\N	0
182020	10	\N	60	42	1700	2013-04-09 14:56:50.775	2	10	25	\N	\N	\N	0
183000	10	\N	30	21	10000	2013-04-09 15:07:47.529	2	7	25	\N	\N	\N	0
183001	10	\N	30	21	10001	2013-04-09 15:07:48.023	2	7	25	\N	\N	\N	0
183002	10	\N	40	21	10002	2013-04-09 15:12:42.226	2	7	25	\N	\N	\N	0
183003	10	\N	40	21	10003	2013-04-09 15:13:02.732	2	7	25	\N	\N	\N	0
183004	10	10	40	21	10002	2013-04-09 15:13:03.171	2	7	9	\N	\N	\N	0
183005	10	10	40	21	10002	2013-04-09 15:13:21.603	2	7	7	\N	\N	\N	0
183006	10	10	40	21	10003	2013-04-09 15:13:25.472	2	7	7	\N	\N	\N	0
183007	10	\N	40	21	10004	2013-04-09 15:14:04.257	2	7	25	\N	\N	\N	0
183008	10	\N	40	21	10005	2013-04-09 15:14:04.692	2	7	25	\N	\N	\N	0
183009	10	10	40	21	10005	2013-04-09 15:14:52.103	2	7	7	\N	\N	\N	0
183010	10	10	40	21	10004	2013-04-09 15:14:55.87	2	7	7	\N	\N	\N	0
183011	10	\N	40	21	10006	2013-04-09 15:26:39.442	2	7	25	\N	\N	\N	0
183012	10	\N	40	21	10007	2013-04-09 15:26:39.956	2	7	25	\N	\N	\N	0
183013	10	\N	40	39	6100	2013-04-09 15:27:31.547	2	9	25	\N	\N	\N	0
183014	10	\N	40	21	10006	2013-04-09 15:27:31.612	2	7	13	1	\N	\N	0
183015	10	10	40	21	10007	2013-04-09 15:27:49.425	2	7	9	\N	\N	\N	0
183016	10	\N	40	21	10007	2013-04-09 15:27:49.456	3	1	1	\N	\N	\N	0
183017	10	\N	40	39	6100	2013-04-09 15:27:49.504	2	9	16	\N	\N	\N	0
183018	10	\N	40	21	10008	2013-04-09 15:28:57.555	2	7	25	\N	\N	\N	0
183019	10	10	40	21	10007	2013-04-09 15:28:58.255	2	7	9	\N	\N	\N	0
183020	10	\N	40	21	10009	2013-04-09 15:28:58.3	2	7	25	\N	\N	\N	0
184000	10	\N	50	21	10100	2013-04-09 16:02:45.297	2	7	25	\N	\N	\N	0
184001	10	\N	50	21	10101	2013-04-09 16:02:53.547	2	7	25	\N	\N	\N	0
184002	10	10	50	21	10101	2013-04-09 16:05:29.389	2	7	7	\N	\N	\N	0
184003	10	\N	50	21	10102	2013-04-09 16:07:31.626	2	7	25	\N	\N	\N	0
184004	10	\N	50	21	10103	2013-04-09 16:07:37.193	2	7	25	\N	\N	\N	0
185000	10	\N	60	21	10200	2013-04-09 16:25:04.878	2	7	25	\N	\N	\N	0
185001	10	\N	60	21	10201	2013-04-09 16:25:05.446	2	7	25	\N	\N	\N	0
185002	10	\N	40	21	10202	2013-04-09 16:28:01.941	2	7	25	\N	\N	\N	0
185003	10	\N	40	21	10203	2013-04-09 16:28:02.287	2	7	25	\N	\N	\N	0
185004	10	10	40	21	10203	2013-04-09 16:29:10.745	2	7	7	\N	\N	\N	0
185005	10	10	40	21	10202	2013-04-09 16:29:16.421	2	7	7	\N	\N	\N	0
185006	10	\N	40	21	10204	2013-04-09 16:36:37.229	2	7	25	\N	\N	\N	0
185007	10	\N	40	21	10205	2013-04-09 16:36:37.526	2	7	25	\N	\N	\N	0
185008	10	\N	30	21	10206	2013-04-09 16:57:32.706	2	7	25	\N	\N	\N	0
185009	10	\N	30	21	10207	2013-04-09 16:57:33.221	2	7	25	\N	\N	\N	0
185010	10	10	30	21	10207	2013-04-09 16:57:55.668	2	7	9	\N	\N	\N	0
185011	10	\N	30	39	6200	2013-04-09 16:57:56.057	2	9	25	\N	\N	\N	0
185012	10	\N	30	21	10206	2013-04-09 16:58:14.9	2	7	13	1	\N	\N	0
185013	10	\N	30	39	6200	2013-04-09 16:58:14.911	2	9	16	\N	\N	\N	0
185014	10	\N	30	21	10208	2013-04-09 16:59:17.713	2	7	25	\N	\N	\N	0
185015	10	10	30	21	10207	2013-04-09 16:59:18.631	2	7	9	\N	\N	\N	0
185016	10	\N	30	21	10209	2013-04-09 16:59:18.682	2	7	25	\N	\N	\N	0
185017	10	\N	60	21	10210	2013-04-09 17:07:19.316	2	7	25	\N	\N	\N	0
185018	10	10	30	21	10208	2013-04-09 17:11:10.277	2	7	9	\N	\N	\N	0
186000	10	10	60	21	10201	2013-04-09 17:57:03.479	2	7	7	\N	\N	\N	0
186001	10	10	60	21	10200	2013-04-09 17:57:09.276	2	7	7	\N	\N	\N	0
187000	10	10	\N	14	1405	2013-04-10 15:15:53.063	2	3	9	\N	\N	\N	0
187001	10	10	\N	14	1405	2013-04-10 15:16:05.492	2	3	9	\N	\N	\N	0
187002	10	10	\N	14	1405	2013-04-10 15:16:12.241	2	3	9	\N	\N	\N	0
187003	10	10	\N	14	1404	2013-04-10 15:16:22.768	2	3	9	\N	\N	\N	0
187004	10	10	\N	14	1403	2013-04-10 15:16:39.456	2	3	9	\N	\N	\N	0
187005	10	10	\N	14	1402	2013-04-10 15:16:45.2	2	3	9	\N	\N	\N	0
187006	10	10	\N	14	1401	2013-04-10 15:16:59.634	2	3	9	\N	\N	\N	0
187007	10	10	\N	14	1201	2013-04-10 15:17:09.926	2	3	9	\N	\N	\N	0
187008	10	10	60	21	10210	2013-04-10 15:17:25.895	2	7	7	\N	\N	\N	0
188000	10	10	\N	14	1201	2013-04-10 17:04:59.587	2	3	9	\N	\N	\N	0
188001	10	10	\N	14	1200	2013-04-10 17:27:41.425	2	3	9	\N	\N	\N	0
188002	10	\N	60	21	10300	2013-04-10 17:46:05.516	2	7	25	\N	\N	\N	0
188003	10	\N	60	21	10301	2013-04-10 17:46:06.179	2	7	25	\N	\N	\N	0
188004	10	10	30	21	10209	2013-04-10 17:49:14.242	2	7	7	\N	\N	\N	0
188005	10	10	30	21	10207	2013-04-10 17:49:14.964	2	7	9	\N	\N	\N	0
188006	10	10	30	21	10207	2013-04-10 17:49:20.711	2	7	7	\N	\N	\N	0
188007	10	10	30	21	10206	2013-04-10 17:49:25.448	2	7	7	\N	\N	\N	0
188008	10	10	30	21	10208	2013-04-10 17:49:30.676	2	7	7	\N	\N	\N	0
189000	10	\N	30	21	10400	2013-04-11 11:56:14.393	2	7	25	\N	\N	\N	0
189001	10	\N	30	21	10401	2013-04-11 11:56:15.789	2	7	25	\N	\N	\N	0
190000	10	10	30	21	10401	2013-04-11 13:34:33.546	2	7	7	\N	\N	\N	0
190001	10	10	30	21	10400	2013-04-11 13:34:40.586	2	7	7	\N	\N	\N	0
190002	10	\N	30	21	10500	2013-04-11 13:35:09.218	2	7	25	\N	\N	\N	0
190003	10	\N	30	21	10501	2013-04-11 13:35:09.672	2	7	25	\N	\N	\N	0
190004	10	10	30	21	10501	2013-04-11 13:35:24.476	2	7	9	\N	\N	\N	0
190005	10	\N	30	39	6300	2013-04-11 13:35:25.015	2	9	25	\N	\N	\N	0
190006	10	\N	30	21	10500	2013-04-11 13:35:39.861	2	7	13	1	\N	\N	0
190007	10	\N	30	39	6300	2013-04-11 13:35:39.928	2	9	16	\N	\N	\N	0
190008	10	\N	30	21	10502	2013-04-11 13:36:49.093	2	7	25	\N	\N	\N	0
190009	10	\N	30	21	10503	2013-04-11 13:38:41.364	2	7	25	\N	\N	\N	0
190010	10	\N	30	21	10504	2013-04-11 13:42:06.542	2	7	25	\N	\N	\N	0
190011	10	\N	30	21	10505	2013-04-11 13:46:51.81	2	7	25	\N	\N	\N	0
190012	10	10	30	21	10501	2013-04-11 13:48:27.26	2	7	7	\N	\N	\N	0
190013	10	\N	30	21	10506	2013-04-11 13:50:34.568	2	7	25	\N	\N	\N	0
190014	10	\N	30	21	10507	2013-04-11 13:50:34.975	2	7	25	\N	\N	\N	0
190015	10	10	30	21	10507	2013-04-11 13:51:07.843	2	7	9	\N	\N	\N	0
190016	10	\N	30	21	10507	2013-04-11 13:51:07.882	3	1	1	\N	\N	\N	0
190017	10	\N	30	39	6301	2013-04-11 13:51:07.979	2	9	25	\N	\N	\N	0
190018	10	\N	30	21	10506	2013-04-11 13:51:35.003	2	7	13	1	\N	\N	0
190019	10	\N	30	39	6301	2013-04-11 13:51:35.004	2	9	16	\N	\N	\N	0
190020	10	\N	30	21	10508	2013-04-11 13:52:26.544	2	7	25	\N	\N	\N	0
190021	10	\N	30	21	10509	2013-04-11 13:53:37.882	2	7	25	\N	\N	\N	0
191000	10	\N	30	21	10600	2013-04-11 13:59:01.341	2	7	25	\N	\N	\N	0
191001	10	10	30	21	10507	2013-04-11 13:59:01.703	2	7	9	\N	\N	\N	0
191002	10	\N	30	21	10601	2013-04-11 13:59:01.753	2	7	25	\N	\N	\N	0
192000	10	10	30	21	10507	2013-04-11 14:04:31.802	2	7	7	\N	\N	\N	0
192001	10	10	30	21	10601	2013-04-11 14:04:49.168	2	7	7	\N	\N	\N	0
192002	10	\N	60	21	10700	2013-04-11 14:05:32.129	2	7	25	\N	\N	\N	0
192003	10	\N	60	21	10701	2013-04-11 14:05:32.458	2	7	25	\N	\N	\N	0
192004	10	10	60	21	10701	2013-04-11 14:05:36.372	2	7	9	\N	\N	\N	0
192005	10	\N	60	21	10701	2013-04-11 14:05:36.436	3	1	1	\N	\N	\N	0
192006	10	\N	60	39	6400	2013-04-11 14:05:36.563	2	9	25	\N	\N	\N	0
192007	10	\N	60	21	10700	2013-04-11 14:05:53.553	2	7	13	1	\N	\N	0
192008	10	\N	60	39	6400	2013-04-11 14:05:53.561	2	9	16	\N	\N	\N	0
192009	10	\N	60	21	10702	2013-04-11 14:06:33.136	2	7	25	\N	\N	\N	0
192010	10	10	60	21	10701	2013-04-11 14:06:34.146	2	7	9	\N	\N	\N	0
192011	10	\N	60	21	10703	2013-04-11 14:06:34.201	2	7	25	\N	\N	\N	0
193000	10	\N	60	21	10800	2013-04-11 14:11:34.146	2	7	25	\N	\N	\N	0
193001	10	\N	60	21	10801	2013-04-11 14:11:34.508	2	7	25	\N	\N	\N	0
193002	10	10	60	21	10801	2013-04-11 14:11:59.938	2	7	9	\N	\N	\N	0
193003	10	\N	60	21	10801	2013-04-11 14:12:00.004	3	1	1	\N	\N	\N	0
193004	10	\N	60	39	6500	2013-04-11 14:12:00.146	2	9	25	\N	\N	\N	0
193005	10	\N	60	21	10800	2013-04-11 14:12:40.477	2	7	13	1	\N	\N	0
193006	10	\N	60	39	6500	2013-04-11 14:12:40.488	2	9	16	\N	\N	\N	0
193007	10	\N	60	21	10802	2013-04-11 14:13:01.635	2	7	25	\N	\N	\N	0
193008	10	10	60	21	10801	2013-04-11 14:13:02.229	2	7	9	\N	\N	\N	0
193009	10	\N	60	21	10803	2013-04-11 14:13:02.274	2	7	25	\N	\N	\N	0
193010	10	10	\N	14	1401	2013-04-11 14:44:21.974	2	3	9	\N	\N	\N	0
193011	10	10	\N	13	900	2013-04-11 14:48:22.017	2	4	9	\N	API	\N	0
193012	10	10	\N	13	1000	2013-04-11 14:48:48.156	2	4	9	\N	ADVANCED REPORTING AND ANALYTICS	\N	0
193013	10	10	\N	13	1000	2013-04-11 14:48:59.466	2	4	9	\N	ADD-ON:ADVANCED REPORTING AND ANALYTICS	\N	0
193014	10	10	\N	14	1401	2013-04-11 14:50:04.125	2	3	9	\N	\N	\N	0
193015	10	10	\N	14	1706	2013-04-11 15:00:07.247	2	3	9	\N	\N	\N	0
193016	10	10	\N	14	1405	2013-04-11 15:01:12.636	2	3	9	\N	\N	\N	0
193017	10	10	\N	14	1405	2013-04-11 15:03:00.546	2	3	9	\N	\N	\N	0
193018	10	10	\N	14	1404	2013-04-11 15:07:51.58	2	3	9	\N	\N	\N	0
193019	10	10	\N	14	1401	2013-04-11 15:17:54.536	2	3	9	\N	\N	\N	0
193020	10	10	\N	14	1404	2013-04-11 15:18:09.873	2	3	9	\N	\N	\N	0
193021	10	10	\N	14	1405	2013-04-11 15:18:27.317	2	3	9	\N	\N	\N	0
193022	10	10	\N	14	1703	2013-04-11 15:23:05.063	2	3	9	\N	\N	\N	0
193023	10	10	\N	14	1704	2013-04-11 15:23:35.908	2	3	9	\N	\N	\N	0
193024	10	10	\N	13	902	2013-04-11 15:24:02.512	2	4	7	\N	\N	\N	0
193025	10	10	\N	14	1201	2013-04-11 15:24:18.689	2	3	9	\N	\N	\N	0
193026	10	10	\N	14	1402	2013-04-11 15:26:16.937	2	3	9	\N	\N	\N	0
193027	10	10	\N	14	1200	2013-04-11 15:28:06.465	2	3	9	\N	\N	\N	0
193028	10	10	\N	14	1201	2013-04-11 15:28:17.971	2	3	9	\N	\N	\N	0
193029	10	10	\N	14	1702	2013-04-11 15:31:18.939	2	3	9	\N	\N	\N	0
193030	10	10	\N	14	1702	2013-04-11 15:32:31.102	2	3	9	\N	\N	\N	0
193031	10	10	\N	14	1701	2013-04-11 15:33:39.02	2	3	9	\N	\N	\N	0
193032	10	10	\N	14	1700	2013-04-11 15:34:01.039	2	3	9	\N	\N	\N	0
193033	10	10	\N	14	1403	2013-04-11 15:34:53.169	2	3	9	\N	\N	\N	0
193034	10	10	\N	14	1706	2013-04-11 15:35:37.846	2	3	9	\N	\N	\N	0
193035	10	10	\N	14	1705	2013-04-11 15:35:57.816	2	3	9	\N	\N	\N	0
193036	10	10	\N	14	1704	2013-04-11 15:36:06.577	2	3	9	\N	\N	\N	0
193037	10	10	\N	14	1703	2013-04-11 15:36:21.283	2	3	9	\N	\N	\N	0
193038	10	10	\N	14	1405	2013-04-11 15:36:45.959	2	3	9	\N	\N	\N	0
193039	10	10	\N	14	1404	2013-04-11 15:36:56.276	2	3	9	\N	\N	\N	0
193040	10	10	\N	14	1401	2013-04-11 15:37:26.489	2	3	9	\N	\N	\N	0
194000	10	10	\N	25	190	2013-04-12 11:10:33.643	2	11	25	\N	\N	\N	0
194001	10	\N	40	21	10900	2013-04-12 11:12:13.532	2	7	25	\N	\N	\N	0
194002	10	\N	40	21	10901	2013-04-12 11:12:14.408	2	7	25	\N	\N	\N	0
195000	10	10	40	21	10901	2013-04-12 11:17:26.164	2	7	9	\N	\N	\N	0
195001	10	\N	40	21	10901	2013-04-12 11:17:26.259	3	1	1	\N	\N	\N	0
195002	10	\N	40	39	6600	2013-04-12 11:17:26.545	2	9	25	\N	\N	\N	0
195003	10	\N	40	21	10900	2013-04-12 11:18:23.721	2	7	13	1	\N	\N	0
195004	10	\N	40	39	6600	2013-04-12 11:18:23.74	2	9	16	\N	\N	\N	0
196000	10	10	\N	14	1201	2013-04-12 11:51:48.152	2	3	9	\N	\N	\N	0
196001	10	10	\N	14	1404	2013-04-12 11:52:56.988	2	3	9	\N	\N	\N	0
196002	10	10	\N	14	1703	2013-04-12 11:53:33.405	2	3	9	\N	\N	\N	0
196003	10	10	\N	14	1704	2013-04-12 11:54:00.845	2	3	9	\N	\N	\N	0
196004	10	10	\N	14	1404	2013-04-12 12:03:03.162	2	3	9	\N	\N	\N	0
196005	10	10	\N	14	1703	2013-04-12 12:03:33.731	2	3	9	\N	\N	\N	0
196006	10	10	\N	14	1705	2013-04-12 12:03:56.873	2	3	9	\N	\N	\N	0
197000	10	10	\N	14	1200	2013-04-12 12:47:41.654	2	3	9	\N	\N	\N	0
197001	10	10	\N	14	1200	2013-04-12 12:50:33.26	2	3	9	\N	\N	\N	0
198000	10	10	\N	14	1700	2013-04-12 12:55:12.105	2	3	9	\N	\N	\N	0
198001	10	10	\N	14	1200	2013-04-12 12:55:55.18	2	3	9	\N	\N	\N	0
198002	10	\N	30	21	11000	2013-04-12 12:56:55.629	2	7	25	\N	\N	\N	0
198003	10	\N	30	21	11001	2013-04-12 12:56:55.944	2	7	25	\N	\N	\N	0
199000	10	\N	60	21	11100	2013-04-12 14:22:01.551	2	7	25	\N	\N	\N	0
199001	10	\N	60	21	11101	2013-04-12 14:22:02.578	2	7	25	\N	\N	\N	0
199002	10	10	60	21	11101	2013-04-12 14:22:18.561	2	7	9	\N	\N	\N	0
199003	10	\N	60	39	6700	2013-04-12 14:22:18.968	2	9	25	\N	\N	\N	0
199004	10	\N	60	21	11101	2013-04-12 14:22:19.126	2	7	13	1	\N	\N	0
199005	10	\N	60	21	11100	2013-04-12 14:22:35.352	2	7	13	1	\N	\N	0
199006	10	\N	60	39	6700	2013-04-12 14:22:35.354	2	9	16	\N	\N	\N	0
199007	10	\N	40	21	10900	2013-04-12 14:25:19.035	2	7	13	2	\N	\N	0
199008	10	\N	\N	27	6900	2013-04-12 14:25:19.077	2	2	7	\N	\N	\N	0
199009	10	10	40	39	6600	2013-04-12 14:25:19.087	2	9	7	\N	\N	\N	0
199010	10	10	40	21	10901	2013-04-12 14:25:24.895	2	7	7	\N	\N	\N	0
199011	10	10	40	21	10900	2013-04-12 14:25:28.764	2	7	7	\N	\N	\N	0
199012	10	\N	40	21	11102	2013-04-12 14:26:06.161	2	7	25	\N	\N	\N	0
199013	10	\N	40	21	11103	2013-04-12 14:26:06.692	2	7	25	\N	\N	\N	0
199014	10	10	40	21	11103	2013-04-12 14:26:22.426	2	7	9	\N	\N	\N	0
199015	10	\N	40	21	11103	2013-04-12 14:26:22.494	3	1	1	\N	\N	\N	0
199016	10	\N	40	39	6701	2013-04-12 14:26:22.622	2	9	25	\N	\N	\N	0
199017	10	\N	40	21	11102	2013-04-12 14:27:22.898	2	7	13	1	\N	\N	0
199018	10	\N	40	39	6701	2013-04-12 14:27:22.9	2	9	16	\N	\N	\N	0
199019	10	\N	60	21	11100	2013-04-12 14:27:37.253	2	7	13	2	\N	\N	0
199020	10	\N	60	21	11101	2013-04-12 14:27:37.258	2	7	13	2	\N	\N	0
199021	10	\N	\N	27	7000	2013-04-12 14:27:37.272	2	2	7	\N	\N	\N	0
199022	10	10	60	39	6700	2013-04-12 14:27:37.279	2	9	7	\N	\N	\N	0
199023	10	10	60	21	11101	2013-04-12 14:27:49.345	2	7	9	\N	\N	2013-04-12 00:00:00	0
199024	10	10	60	21	11101	2013-04-12 14:27:49.407	2	7	9	\N	\N	\N	0
199025	10	10	60	21	11100	2013-04-12 14:28:03.234	2	7	9	\N	\N	2013-04-12 00:00:00	0
199026	10	10	60	21	11100	2013-04-12 14:28:03.288	2	7	9	\N	\N	\N	0
199027	10	10	60	21	11101	2013-04-12 14:28:07.933	2	7	9	\N	\N	\N	0
199028	10	\N	60	39	6702	2013-04-12 14:28:08.077	2	9	25	\N	\N	\N	0
199029	10	\N	60	21	11101	2013-04-12 14:28:08.101	2	7	13	1	\N	\N	0
199030	10	10	30	21	11001	2013-04-12 14:28:34.939	2	7	9	\N	\N	\N	0
199031	10	\N	30	39	6703	2013-04-12 14:28:35.043	2	9	25	\N	\N	\N	0
199032	10	\N	\N	27	7003	2013-04-12 14:29:21.461	2	2	7	\N	\N	\N	0
199033	10	10	30	39	6703	2013-04-12 14:29:21.469	2	9	7	\N	\N	\N	0
199034	10	10	30	21	11000	2013-04-12 14:29:27.769	2	7	7	\N	\N	\N	0
199035	10	10	30	21	11001	2013-04-12 14:29:31.595	2	7	7	\N	\N	\N	0
199036	10	\N	30	21	11104	2013-04-12 14:30:10.517	2	7	25	\N	\N	\N	0
199037	10	\N	30	21	11105	2013-04-12 14:30:11.058	2	7	25	\N	\N	\N	0
199038	10	10	30	21	11105	2013-04-12 14:30:14.81	2	7	9	\N	\N	\N	0
199039	10	\N	30	21	11105	2013-04-12 14:30:14.841	3	1	1	\N	\N	\N	0
199040	10	\N	30	39	6704	2013-04-12 14:30:14.962	2	9	25	\N	\N	\N	0
199041	10	\N	60	21	11101	2013-04-12 14:30:43.982	2	7	13	2	\N	\N	0
199042	10	\N	\N	27	7002	2013-04-12 14:30:43.993	2	2	7	\N	\N	\N	0
199043	10	10	60	39	6702	2013-04-12 14:30:44	2	9	7	\N	\N	\N	0
199044	10	10	60	21	11101	2013-04-12 14:30:52.689	2	7	7	\N	\N	\N	0
199045	10	10	60	21	11100	2013-04-12 14:30:56.788	2	7	7	\N	\N	\N	0
199046	10	\N	60	21	11106	2013-04-12 14:31:26.315	2	7	25	\N	\N	\N	0
199047	10	\N	60	21	11107	2013-04-12 14:31:26.793	2	7	25	\N	\N	\N	0
199048	10	10	60	21	11107	2013-04-12 14:31:31.741	2	7	9	\N	\N	\N	0
199049	10	\N	60	21	11107	2013-04-12 14:31:31.767	3	1	1	\N	\N	\N	0
199050	10	\N	60	39	6705	2013-04-12 14:31:31.857	2	9	25	\N	\N	\N	0
200000	10	\N	40	21	11200	2013-04-16 10:12:52.637	2	7	25	\N	\N	\N	0
200001	10	\N	40	21	11201	2013-04-16 10:12:52.947	2	7	25	\N	\N	\N	0
200002	10	10	40	21	11201	2013-04-16 10:13:38.036	2	7	9	\N	\N	\N	0
200003	10	10	40	21	11201	2013-04-16 10:13:57.169	2	7	9	\N	\N	\N	0
200004	10	\N	40	21	11201	2013-04-16 10:13:57.24	3	1	1	\N	\N	\N	0
200005	10	\N	40	39	6800	2013-04-16 10:13:57.376	2	9	25	\N	\N	\N	0
200006	10	\N	40	21	11200	2013-04-16 10:14:21.951	2	7	13	1	\N	\N	0
200007	10	\N	40	39	6800	2013-04-16 10:14:21.959	2	9	16	\N	\N	\N	0
200008	10	10	40	21	11201	2013-04-16 10:18:07.943	2	7	9	\N	\N	\N	0
200009	10	\N	40	21	11202	2013-04-16 10:18:07.978	2	7	25	\N	\N	\N	0
201000	10	10	40	21	11201	2013-04-16 10:35:07.394	2	7	9	\N	\N	\N	0
201001	10	\N	40	21	11300	2013-04-16 10:35:07.464	2	7	25	\N	\N	\N	0
202000	10	10	40	21	11201	2013-04-16 10:52:00.538	2	7	9	\N	\N	\N	0
202001	10	\N	40	21	11400	2013-04-16 10:52:00.752	2	7	25	\N	\N	\N	0
203000	10	10	40	21	11201	2013-04-16 11:03:25.825	2	7	9	\N	\N	\N	0
203001	10	\N	40	21	11500	2013-04-16 11:03:26.039	2	7	25	\N	\N	\N	0
204000	10	10	\N	14	1704	2013-04-16 11:12:46.697	2	3	9	\N	\N	\N	0
204001	10	10	\N	14	1704	2013-04-16 11:13:35.002	2	3	9	\N	\N	\N	0
204002	10	10	\N	14	1704	2013-04-16 11:14:19.094	2	3	9	\N	\N	\N	0
204003	10	10	\N	14	1704	2013-04-16 11:14:35.918	2	3	9	\N	\N	\N	0
204004	10	\N	50	21	11600	2013-04-16 11:15:13.901	2	7	25	\N	\N	\N	0
204005	10	\N	50	21	11601	2013-04-16 11:15:14.463	2	7	25	\N	\N	\N	0
204006	10	\N	50	39	6900	2013-04-16 11:15:37.995	2	9	25	\N	\N	\N	0
204007	10	\N	50	21	11600	2013-04-16 11:15:38.018	2	7	13	1	\N	\N	0
204008	10	10	50	21	11601	2013-04-16 11:15:46.905	2	7	9	\N	\N	\N	0
204009	10	\N	50	21	11601	2013-04-16 11:15:46.933	3	1	1	\N	\N	\N	0
204010	10	\N	50	39	6900	2013-04-16 11:15:47.005	2	9	16	\N	\N	\N	0
204011	10	10	\N	14	1405	2013-04-16 11:17:48.74	2	3	9	\N	\N	\N	0
204012	10	10	\N	14	1706	2013-04-16 11:18:04.267	2	3	9	\N	\N	\N	0
204013	10	10	50	21	11601	2013-04-16 11:18:43.765	2	7	9	\N	\N	\N	0
204014	10	\N	50	21	11602	2013-04-16 11:18:43.991	2	7	25	\N	\N	\N	0
204015	10	10	\N	14	1701	2013-04-16 11:19:19.594	2	3	9	\N	\N	\N	0
204016	10	10	\N	14	1702	2013-04-16 11:19:46.519	2	3	9	\N	\N	\N	0
204017	10	10	\N	14	1701	2013-04-16 11:19:53.775	2	3	9	\N	\N	\N	0
204018	10	10	\N	14	1706	2013-04-16 11:20:11.677	2	3	9	\N	\N	\N	0
204019	10	10	\N	14	1702	2013-04-16 11:22:07.686	2	3	9	\N	\N	\N	0
204020	10	10	\N	14	1701	2013-04-16 11:22:16.005	2	3	9	\N	\N	\N	0
204021	10	10	\N	14	1702	2013-04-16 11:23:46.324	2	3	9	\N	\N	\N	0
204022	10	10	\N	14	1701	2013-04-16 11:24:10.083	2	3	9	\N	\N	\N	0
204023	10	\N	60	21	11603	2013-04-16 11:26:23.859	2	7	25	\N	\N	\N	0
204024	10	\N	60	21	11604	2013-04-16 11:26:24.269	2	7	25	\N	\N	\N	0
204025	10	\N	60	39	6901	2013-04-16 11:26:46.781	2	9	25	\N	\N	\N	0
204026	10	\N	60	21	11603	2013-04-16 11:26:46.794	2	7	13	1	\N	\N	0
204027	10	10	60	21	11604	2013-04-16 11:26:57.185	2	7	9	\N	\N	\N	0
204028	10	\N	60	39	6901	2013-04-16 11:26:57.252	2	9	16	\N	\N	\N	0
204029	10	10	60	21	11604	2013-04-16 11:27:45.031	2	7	9	\N	\N	\N	0
204030	10	\N	60	21	11605	2013-04-16 11:27:45.207	2	7	25	\N	\N	\N	0
204031	10	10	60	21	11604	2013-04-16 11:51:27.978	2	7	9	\N	\N	\N	0
204032	10	\N	60	21	11606	2013-04-16 11:51:28.232	2	7	25	\N	\N	\N	0
\.


--
-- Data for Name: event_log_message; Type: TABLE DATA; Schema: public; Owner: jbilling
--

COPY event_log_message (id) FROM stdin;
1
2
3
4
5
6
7
8
9
10
11
12
13
14
15
16
17
18
19
20
21
22
23
24
25
26
27
28
29
30
31
32
33
34
\.


--
-- Data for Name: event_log_module; Type: TABLE DATA; Schema: public; Owner: jbilling
--

COPY event_log_module (id) FROM stdin;
1
2
3
4
5
6
7
8
9
10
11
12
13
14
15
\.


--
-- Data for Name: filter; Type: TABLE DATA; Schema: public; Owner: jbilling
--

COPY filter (id, filter_set_id, type, constraint_type, field, template, visible, integer_value, string_value, start_date_value, end_date_value, boolean_value, decimal_value, decimal_high_value, version) FROM stdin;
\.


--
-- Data for Name: filter_set; Type: TABLE DATA; Schema: public; Owner: jbilling
--

COPY filter_set (id, name, user_id, version) FROM stdin;
\.


--
-- Data for Name: generic_status; Type: TABLE DATA; Schema: public; Owner: jbilling
--

COPY generic_status (id, dtype, status_value, can_login) FROM stdin;
1	user_status	1	1
2	user_status	2	1
3	user_status	3	1
4	user_status	4	1
5	user_status	5	0
6	user_status	6	0
7	user_status	7	0
8	user_status	8	0
9	subscriber_status	1	\N
10	subscriber_status	2	\N
11	subscriber_status	3	\N
12	subscriber_status	4	\N
13	subscriber_status	5	\N
14	subscriber_status	6	\N
15	subscriber_status	7	\N
16	order_status	1	\N
17	order_status	2	\N
18	order_status	3	\N
19	order_status	4	\N
20	order_line_provisioning_status	1	\N
21	order_line_provisioning_status	2	\N
22	order_line_provisioning_status	3	\N
23	order_line_provisioning_status	4	\N
24	order_line_provisioning_status	5	\N
25	order_line_provisioning_status	6	\N
26	invoice_status	1	\N
27	invoice_status	2	\N
28	invoice_status	3	\N
29	mediation_record_status	1	\N
30	mediation_record_status	2	\N
31	mediation_record_status	3	\N
32	mediation_record_status	4	\N
33	process_run_status	1	\N
34	process_run_status	2	\N
35	process_run_status	3	\N
\.


--
-- Data for Name: generic_status_type; Type: TABLE DATA; Schema: public; Owner: jbilling
--

COPY generic_status_type (id) FROM stdin;
order_line_provisioning_status
order_status
subscriber_status
user_status
invoice_status
mediation_record_status
process_run_status
\.


--
-- Data for Name: international_description; Type: TABLE DATA; Schema: public; Owner: jbilling
--

COPY international_description (table_id, foreign_id, psudo_column, language_id, content) FROM stdin;
50	20	description	1	Manual invoice deletion
46	9	description	1	Invoice maintenance
46	11	description	1	Pluggable tasks maintenance
47	16	description	1	A purchase order as been manually applied to an invoice.
52	17	description	1	Payment (failed)
52	16	description	1	Payment (successful)
35	6	description	1	Discovery
35	7	description	1	Diners
50	16	description	1	Days before expiration for order notification 2
50	17	description	1	Days before expiration for order notification 3
52	13	description	1	Order about to expire. Step 1
52	14	description	1	Order about to expire. Step 2
52	15	description	1	Order about to expire. Step 3
35	4	description	1	AMEX
35	5	description	1	ACH
50	14	description	1	Include customer notes in invoice
50	18	description	1	Invoice number prefix
64	234	description	1	Wallis and Futuna
64	235	description	1	Yemen
64	236	description	1	Zambia
64	237	description	1	Zimbabwe
50	15	description	1	Days before expiration for order notification
50	21	description	1	Use invoice reminders
50	22	description	1	Number of days after the invoice generation for the first reminder
50	23	description	1	Number of days for next reminder
64	227	description	1	Uzbekistan
64	147	description	1	Nauru
64	148	description	1	Nepal
64	149	description	1	Netherlands
64	150	description	1	Netherlands Antilles
64	151	description	1	New Caledonia
64	152	description	1	New Zealand
64	153	description	1	Nicaragua
64	154	description	1	Niger
64	155	description	1	Nigeria
64	156	description	1	Niue
64	157	description	1	Norfolk Island
64	158	description	1	North Korea
64	159	description	1	Northern Mariana Islands
64	160	description	1	Norway
64	161	description	1	Oman
64	162	description	1	Pakistan
64	163	description	1	Palau
64	164	description	1	Panama
64	165	description	1	Papua New Guinea
64	166	description	1	Paraguay
64	167	description	1	Peru
64	168	description	1	Philippines
64	169	description	1	Pitcairn Islands
64	170	description	1	Poland
64	171	description	1	Portugal
64	172	description	1	Puerto Rico
64	173	description	1	Qatar
64	174	description	1	Reunion
64	175	description	1	Romania
64	176	description	1	Russia
64	177	description	1	Rwanda
64	178	description	1	Samoa
64	179	description	1	San Marino
64	180	description	1	Sao Tome and Principe
64	181	description	1	Saudi Arabia
64	182	description	1	Senegal
64	183	description	1	Serbia and Montenegro
64	184	description	1	Seychelles
64	185	description	1	Sierra Leone
64	186	description	1	Singapore
64	187	description	1	Slovakia
64	188	description	1	Slovenia
64	189	description	1	Solomon Islands
64	190	description	1	Somalia
64	191	description	1	South Africa
64	192	description	1	South Georgia and the South Sandwich Islands
64	193	description	1	Spain
64	194	description	1	Sri Lanka
64	195	description	1	St. Helena
64	196	description	1	St. Kitts and Nevis
64	197	description	1	St. Lucia
64	198	description	1	St. Pierre and Miquelon
64	199	description	1	St. Vincent and the Grenadines
64	200	description	1	Sudan
64	201	description	1	Suriname
64	202	description	1	Svalbard and Jan Mayen
64	203	description	1	Swaziland
64	204	description	1	Sweden
64	205	description	1	Switzerland
64	206	description	1	Syria
64	207	description	1	Taiwan
64	208	description	1	Tajikistan
64	209	description	1	Tanzania
64	210	description	1	Thailand
64	211	description	1	Togo
64	212	description	1	Tokelau
64	213	description	1	Tonga
64	214	description	1	Trinidad and Tobago
64	215	description	1	Tunisia
64	216	description	1	Turkey
64	217	description	1	Turkmenistan
64	218	description	1	Turks and Caicos Islands
64	219	description	1	Tuvalu
64	220	description	1	Uganda
64	221	description	1	Ukraine
64	222	description	1	United Arab Emirates
64	223	description	1	United Kingdom
64	224	description	1	United States
64	225	description	1	United States Minor Outlying Islands
64	226	description	1	Uruguay
64	228	description	1	Vanuatu
64	229	description	1	Vatican City
64	230	description	1	Venezuela
64	231	description	1	Viet Nam
64	232	description	1	Virgin Islands - British
64	233	description	1	Virgin Islands
64	57	description	1	Congo - DRC
64	58	description	1	Denmark
64	59	description	1	Djibouti
64	60	description	1	Dominica
64	61	description	1	Dominican Republic
64	62	description	1	East Timor
64	63	description	1	Ecuador
64	64	description	1	Egypt
64	65	description	1	El Salvador
64	66	description	1	Equatorial Guinea
64	67	description	1	Eritrea
64	68	description	1	Estonia
64	69	description	1	Ethiopia
64	70	description	1	Malvinas Islands
64	71	description	1	Faroe Islands
64	72	description	1	Fiji Islands
64	73	description	1	Finland
64	74	description	1	France
64	75	description	1	French Guiana
64	76	description	1	French Polynesia
64	77	description	1	French Southern and Antarctic Lands
64	78	description	1	Gabon
64	79	description	1	Gambia
64	80	description	1	Georgia
64	81	description	1	Germany
64	82	description	1	Ghana
64	83	description	1	Gibraltar
64	84	description	1	Greece
64	85	description	1	Greenland
64	86	description	1	Grenada
64	87	description	1	Guadeloupe
64	88	description	1	Guam
64	89	description	1	Guatemala
64	90	description	1	Guinea
64	91	description	1	Guinea-Bissau
64	92	description	1	Guyana
64	93	description	1	Haiti
64	94	description	1	Heard Island and McDonald Islands
64	95	description	1	Honduras
64	96	description	1	Hong Kong SAR
64	97	description	1	Hungary
64	98	description	1	Iceland
64	99	description	1	India
64	100	description	1	Indonesia
64	101	description	1	Iran
64	102	description	1	Iraq
64	103	description	1	Ireland
64	104	description	1	Israel
64	105	description	1	Italy
64	106	description	1	Jamaica
64	107	description	1	Japan
64	108	description	1	Jordan
64	109	description	1	Kazakhstan
64	110	description	1	Kenya
64	111	description	1	Kiribati
64	112	description	1	Korea
64	113	description	1	Kuwait
64	114	description	1	Kyrgyzstan
64	115	description	1	Laos
64	116	description	1	Latvia
64	117	description	1	Lebanon
64	118	description	1	Lesotho
64	119	description	1	Liberia
64	120	description	1	Libya
64	121	description	1	Liechtenstein
64	122	description	1	Lithuania
64	123	description	1	Luxembourg
64	124	description	1	Macao SAR
64	125	description	1	Macedonia, Former Yugoslav Republic of
64	126	description	1	Madagascar
64	127	description	1	Malawi
64	128	description	1	Malaysia
64	129	description	1	Maldives
64	130	description	1	Mali
64	131	description	1	Malta
64	132	description	1	Marshall Islands
64	133	description	1	Martinique
64	134	description	1	Mauritania
64	135	description	1	Mauritius
64	136	description	1	Mayotte
64	137	description	1	Mexico
64	138	description	1	Micronesia
64	139	description	1	Moldova
64	140	description	1	Monaco
64	141	description	1	Mongolia
64	142	description	1	Montserrat
64	143	description	1	Morocco
64	144	description	1	Mozambique
64	145	description	1	Myanmar
64	146	description	1	Namibia
64	1	description	1	Afghanistan
64	2	description	1	Albania
64	3	description	1	Algeria
64	4	description	1	American Samoa
64	5	description	1	Andorra
64	6	description	1	Angola
64	7	description	1	Anguilla
64	8	description	1	Antarctica
64	9	description	1	Antigua and Barbuda
64	10	description	1	Argentina
64	11	description	1	Armenia
64	12	description	1	Aruba
64	13	description	1	Australia
64	14	description	1	Austria
64	15	description	1	Azerbaijan
64	16	description	1	Bahamas
64	17	description	1	Bahrain
64	18	description	1	Bangladesh
64	19	description	1	Barbados
64	20	description	1	Belarus
64	21	description	1	Belgium
64	22	description	1	Belize
64	23	description	1	Benin
64	24	description	1	Bermuda
64	25	description	1	Bhutan
64	26	description	1	Bolivia
64	27	description	1	Bosnia and Herzegovina
64	28	description	1	Botswana
64	29	description	1	Bouvet Island
64	30	description	1	Brazil
64	31	description	1	British Indian Ocean Territory
64	32	description	1	Brunei
64	33	description	1	Bulgaria
64	34	description	1	Burkina Faso
64	35	description	1	Burundi
64	36	description	1	Cambodia
64	37	description	1	Cameroon
64	38	description	1	Canada
64	39	description	1	Cape Verde
64	40	description	1	Cayman Islands
64	41	description	1	Central African Republic
64	42	description	1	Chad
64	43	description	1	Chile
64	44	description	1	China
64	45	description	1	Christmas Island
64	46	description	1	Cocos - Keeling Islands
64	47	description	1	Colombia
64	48	description	1	Comoros
64	49	description	1	Congo
64	50	description	1	Cook Islands
64	51	description	1	Costa Rica
64	52	description	1	Cote d Ivoire
64	53	description	1	Croatia
64	54	description	1	Cuba
64	55	description	1	Cyprus
64	56	description	1	Czech Republic
4	1	description	1	United States Dollar
4	2	description	1	Canadian Dollar
4	3	description	1	Euro
4	4	description	1	Yen
4	5	description	1	Pound Sterling
4	6	description	1	Won
4	7	description	1	Swiss Franc
4	8	description	1	Swedish Krona
6	1	description	1	Month
6	2	description	1	Week
6	3	description	1	Day
6	4	description	1	Year
7	1	description	1	Email
7	2	description	1	Paper
9	1	description	1	Active
9	2	description	1	Overdue
9	3	description	1	Overdue 2
9	4	description	1	Overdue 3
9	5	description	1	Suspended
9	6	description	1	Suspended 2
9	7	description	1	Suspended 3
9	8	description	1	Deleted
81	1	description	1	Active
81	2	description	1	Pending Unsubscription
81	3	description	1	Unsubscribed
81	4	description	1	Pending Expiration
81	5	description	1	Expired
81	6	description	1	Nonsubscriber
81	7	description	1	Discontinued
60	1	description	1	An internal user with all the permissions
60	1	title	1	Internal
60	2	description	1	The super user of an entity
60	2	title	1	Super user
60	3	description	1	A billing clerk
60	3	title	1	Clerk
60	4	description	1	A partner that will bring customers
60	4	title	1	Partner
60	5	description	1	A customer that will query his/her account
60	5	title	1	Customer
17	1	description	1	One time
18	1	description	1	Items
18	2	description	1	Tax
19	1	description	1	pre paid
19	2	description	1	post paid
20	1	description	1	Active
20	2	description	1	Finished
20	3	description	1	Suspended
35	1	description	1	Cheque
35	2	description	1	Visa
35	3	description	1	MasterCard
41	1	description	1	Successful
41	2	description	1	Failed
41	3	description	1	Processor unavailable
41	4	description	1	Entered
46	1	description	1	Billing Process
46	2	description	1	User maintenance
46	3	description	1	Item maintenance
46	4	description	1	Item type maintenance
46	5	description	1	Item user price maintenance
46	6	description	1	Promotion maintenance
46	7	description	1	Order maintenance
46	8	description	1	Credit card maintenance
47	1	description	1	A prepaid order has unbilled time before the billing process date
47	2	description	1	Order has no active time at the date of process.
47	3	description	1	At least one complete period has to be billable.
47	4	description	1	Already billed for the current date.
47	5	description	1	This order had to be maked for exclusion in the last process.
47	6	description	1	Pre-paid order is being process after its expiration.
47	7	description	1	A row was marked as deleted.
47	8	description	1	A user password was changed.
47	9	description	1	A row was updated.
47	10	description	1	Running a billing process, but a review is found unapproved.
47	11	description	1	Running a billing process, review is required but not present.
47	12	description	1	A user status was changed.
47	13	description	1	An order status was changed.
47	14	description	1	A user had to be aged, but there's no more steps configured.
47	15	description	1	A partner has a payout ready, but no payment instrument.
50	1	description	1	Process payment with billing process
50	2	description	1	URL of CSS file
50	3	description	1	URL of logo graphic
50	4	description	1	Grace period
50	5	description	1	Partner percentage rate
50	6	description	1	Partner referral fee
50	7	description	1	Partner one time payout
50	8	description	1	Partner period unit payout
50	9	description	1	Partner period value payout
50	10	description	1	Partner automatic payout
50	11	description	1	User in charge of partners 
50	12	description	1	Partner fee currency
50	13	description	1	Self delivery of paper invoices
52	1	description	1	Invoice (email)
52	2	description	1	User Reactivated
52	3	description	1	User Overdue
52	4	description	1	User Overdue 2
52	5	description	1	User Overdue 3
52	6	description	1	User Suspended
52	7	description	1	User Suspended 2
52	8	description	1	User Suspended 3
52	9	description	1	User Deleted
52	10	description	1	Payout Remainder
52	11	description	1	Partner Payout
52	12	description	1	Invoice (paper)
50	24	description	1	Data Fattura Fine Mese
4	9	description	1	Singapore Dollar
4	10	description	1	Malaysian Ringgit
4	11	description	1	Australian Dollar
50	19	description	1	Next invoice number
7	3	description	1	Email + Paper
35	8	description	1	PayPal
52	19	description	1	Update Credit Card
20	4	description	1	Suspended (auto)
18	3	description	1	Penalty
52	20	description	1	Lost password
88	1	description	1	Active
88	2	description	1	Inactive
88	3	description	1	Pending Active
88	4	description	1	Pending Inactive
88	5	description	1	Failed
88	6	description	1	Unavailable
47	16	description	2	Uma ordem de compra foi aplicada manualmente a uma factura.
52	17	description	2	Payment (sem sucesso)
52	16	description	2	Payment (com sucesso)
35	6	description	2	Discovery
35	7	description	2	Diners
52	13	description	2	Ordem de compra a expirar. Passo 1
52	14	description	2	Ordem de compra a expirar. Passo 2
52	15	description	2	Ordem de compra a expirar. Passo 3
35	4	description	2	AMEX
35	5	description	2	CCA
50	14	description	2	Incluir notas do cliente na factura
64	234	description	2	Wallis and Futuna
64	235	description	2	Yemen
64	237	description	2	Zimbabwe
50	21	description	2	Usar os lembretes de factura
64	147	description	2	Nauru
64	148	description	2	Nepal
64	149	description	2	Holanda
64	150	description	2	Antilhas Holandesas
64	154	description	2	Niger
64	156	description	2	Niue
64	157	description	2	Ilhas Norfolk
64	158	description	2	Coreia do Norte
64	159	description	2	Ilhas Mariana do Norte
64	160	description	2	Noruega
64	161	description	2	Oman
64	163	description	2	Palau
64	164	description	2	Panama
64	166	description	2	Paraguai
64	168	description	2	Filipinas
64	169	description	2	Ilhas Pitcairn
64	171	description	2	Portugal
64	172	description	2	Porto Rico
64	173	description	2	Qatar
64	177	description	2	Rwanda
64	178	description	2	Samoa
64	182	description	2	Senegal
64	184	description	2	Seychelles
64	185	description	2	Serra Leoa
64	186	description	2	Singapure
64	192	description	2	Georgia do Sul e Ilhas Sandwich South
64	193	description	2	Espanha
64	194	description	2	Sri Lanka
64	195	description	2	Sta. Helena
64	196	description	2	Sta. Kitts e Nevis
64	197	description	2	Sta. Lucia
64	198	description	2	Sta. Pierre e Miquelon
64	199	description	2	Sto. Vicente e Grenadines
64	201	description	2	Suriname
64	202	description	2	Svalbard e Jan Mayen
64	207	description	2	Taiwan
64	211	description	2	Togo
64	212	description	2	Tokelau
64	213	description	2	Tonga
64	214	description	2	Trinidade e Tobago
64	216	description	2	Turquia
64	218	description	2	Ilhas Turks e Caicos
64	219	description	2	Tuvalu
64	220	description	2	Uganda
64	223	description	2	Reino Unido
64	224	description	2	Estados Unidos
64	225	description	2	Estados Unidos e Ilhas Menores Circundantes
64	226	description	2	Uruguai
64	228	description	2	Vanuatu
64	229	description	2	Cidade do Vaticano
64	230	description	2	Venezuela
64	231	description	2	Vietname
64	233	description	2	Ilhas Virgens
64	58	description	2	Dinamarca
64	59	description	2	Djibouti
64	60	description	2	Dominica
64	62	description	2	Timor Leste
64	63	description	2	Ecuador
64	64	description	2	Egipto
64	65	description	2	El Salvador
64	67	description	2	Eritreia
64	69	description	2	Etiopia
64	70	description	2	Ilhas Malvinas
64	72	description	2	Ilhas Fiji
64	75	description	2	Guiana Francesa
64	80	description	2	Georgia
64	81	description	2	Alemanha
64	82	description	2	Gana
64	83	description	2	Gibraltar
64	86	description	2	Granada
64	87	description	2	Guadalupe
64	88	description	2	Guantanamo
64	89	description	2	Guatemala
64	92	description	2	Guiana
64	93	description	2	Haiti
64	94	description	2	Ilhas Heard e McDonald
64	95	description	2	Honduras
64	96	description	2	Hong Kong SAR
64	97	description	2	Hungria
64	102	description	2	Iraque
64	103	description	2	Irlanda
64	104	description	2	Israel
64	106	description	2	Jamaica
64	111	description	2	Kiribati
64	112	description	2	Coreia
64	113	description	2	Kuwait
64	115	description	2	Laos
64	116	description	2	Latvia
64	118	description	2	Lesoto
64	121	description	2	Liechtenstein
64	123	description	2	Luxemburgo
64	124	description	2	Macau SAR
64	127	description	2	Malaui
64	129	description	2	Maldivas
64	130	description	2	Mali
64	131	description	2	Malta
64	132	description	2	Ilhas Marshall
64	133	description	2	Martinica
64	136	description	2	Maiote
64	139	description	2	Moldova
64	142	description	2	Monserrate
64	143	description	2	Marrocos
64	145	description	2	Mianmar
64	4	description	2	Samoa Americana
64	5	description	2	Andorra
64	6	description	2	Angola
64	7	description	2	Anguilha
64	9	description	2	Antigua e Barbuda
64	10	description	2	Argentina
64	12	description	2	Aruba
64	16	description	2	Bahamas
64	17	description	2	Bahrain
64	18	description	2	Bangladesh
64	19	description	2	Barbados
64	22	description	2	Belize
64	23	description	2	Benin
64	24	description	2	Bermuda
64	27	description	2	Bosnia e Herzegovina
64	28	description	2	Botswana
64	29	description	2	Ilha Bouvet
64	30	description	2	Brasil
64	32	description	2	Brunei
64	34	description	2	Burquina Faso
64	35	description	2	Burundi
64	36	description	2	Cambodia
64	38	description	2	Canada
64	39	description	2	Cabo Verde
64	42	description	2	Chade
64	43	description	2	Chile
64	44	description	2	China
64	45	description	2	Ilha Natal
64	46	description	2	Ilha Cocos e Keeling
64	48	description	2	Comoros
64	49	description	2	Congo
64	50	description	2	Ilhas Cook
64	51	description	2	Costa Rica
64	52	description	2	Costa do Marfim
64	54	description	2	Cuba
64	55	description	2	Chipre
4	3	description	2	Euro
4	4	description	2	Ien
4	5	description	2	Libras Estrelinas
4	6	description	2	Won
4	8	description	2	Coroa Sueca
6	2	description	2	Semana
6	3	description	2	Dia
6	4	description	2	Ano
7	1	description	2	Email
7	2	description	2	Papel
9	1	description	2	Activo
9	2	description	2	Em aberto
9	3	description	2	Em aberto 2
9	4	description	2	Em aberto 3
9	5	description	2	Suspensa
9	6	description	2	Suspensa 2
9	7	description	2	Suspensa 3
9	8	description	2	Eliminado
60	1	title	2	Interno
60	2	description	2	O super utilizador de uma entidade
60	2	title	2	Super utilizador
60	3	title	2	Operador
60	4	description	2	Um parceiro que vai angariar clientes
60	4	title	2	Parceiro
60	5	description	2	Um cliente que vai fazer pesquisas na sua conta
60	5	title	2	Cliente
18	1	description	2	Items
18	2	description	2	Imposto
20	1	description	2	Activo
20	2	description	2	Terminado
20	3	description	2	Suspenso
35	1	description	2	Cheque
35	2	description	2	Visa
35	3	description	2	MasterCard
41	1	description	2	Com sucesso
41	2	description	2	Sem sucesso
41	4	description	2	Inserido
47	6	description	2	Pre-paid order is being process after its expiration.
47	7	description	2	A linha marcada foi eliminada.
47	8	description	2	A senha de utilizador foi alterada.
47	9	description	2	Uma linha foi actualizada.
47	12	description	2	Um status de utilizador foi alterado.
47	13	description	2	Um status de uma ordem foi alterado.
50	2	description	2	URL ou ficheiro CSS
50	5	description	2	Percentagem do parceiro
50	12	description	2	Parceiro moeda
50	13	description	2	Entrega pelo mesmo das facturas em papel
52	1	description	2	Factura (email)
52	2	description	2	Utilizador Reactivado
52	3	description	2	Utilizador Em Atraso
52	4	description	2	Utilizador Em Atraso 2
52	5	description	2	Utilizador Em Atraso 3
52	6	description	2	Utilizador Suspenso
52	7	description	2	Utilizador Suspenso 2
52	8	description	2	Utilizador Suspenso 3
52	9	description	2	Utilizador Eliminado
52	10	description	2	Pagamento Remascente
52	11	description	2	Parceiro Pagamento
52	12	description	2	Factura (papel)
4	10	description	2	Ringgit Malasiano
7	3	description	2	Email + Papel
35	8	description	2	PayPal
20	4	description	2	Suspender (auto)
18	3	description	2	Penalidade
52	20	description	2	Senha esquecida
89	1	description	1	None
89	2	description	1	Pre-paid balance
89	3	description	1	Credit limit
91	1	description	1	Done and billable
91	2	description	1	Done and not billable
91	3	description	1	Error detected
91	4	description	1	Error declared
92	1	description	1	Running
92	2	description	1	Finished: successful
92	3	description	1	Finished: failed
23	1	description	1	Item management and order line total calculation
23	2	description	1	Billing process: order filters
23	3	description	1	Billing process: invoice filters
23	4	description	1	Invoice presentation
23	5	description	1	Billing process: order periods calculation
23	6	description	1	Payment gateway integration
23	7	description	1	Notifications
23	8	description	1	Payment instrument selection
23	9	description	1	Penalties for overdue invoices
23	10	description	1	Alarms when a payment gateway is down
23	11	description	1	Subscription status manager
23	12	description	1	Parameters for asynchronous payment processing
23	13	description	1	Add one product to order
23	14	description	1	Product pricing
23	15	description	1	Mediation Reader
23	16	description	1	Mediation Processor
23	17	description	1	Generic internal events listener
23	18	description	1	External provisioning processor
23	19	description	1	Purchase validation against pre-paid balance / credit limit
23	20	description	1	Billing process: customer selection
23	21	description	1	Mediation Error Handler
23	22	description	1	Scheduled Plug-ins
23	23	description	1	Rules Generators
23	24	description	1	Ageing for customers with overdue invoices
24	1	title	1	Default order totals
24	1	description	1	Calculates the order total and the total for each line, considering the item prices, the quantity and if the prices are percentage or not.
24	2	title	1	VAT
24	2	description	1	Adds an additional line to the order with a percentage charge to represent the value added tax.
24	3	title	1	Invoice due date
24	3	description	1	A very simple implementation that sets the due date of the invoice. The due date is calculated by just adding the period of time to the invoice date.
24	4	title	1	Default invoice composition.
24	4	description	1	This task will copy all the lines on the orders and invoices to the new invoice, considering the periods involved for each order, but not the fractions of periods. It will not copy the lines that are taxes. The quantity and total of each line will be multiplied by the amount of periods.
24	5	title	1	Standard Order Filter
24	5	description	1	Decides if an order should be included in an invoice for a given billing process.  This is done by taking the billing process time span, the order period, the active since/until, etc.
24	6	title	1	Standard Invoice Filter
24	6	description	1	Always returns true, meaning that the overdue invoice will be carried over to a new invoice.
24	7	title	1	Default Order Periods
24	7	description	1	Calculates the start and end period to be included in an invoice. This is done by taking the billing process time span, the order period, the active since/until, etc.
24	8	title	1	Authorize.net payment processor
24	8	description	1	Integration with the authorize.net payment gateway.
24	9	title	1	Standard Email Notification
24	9	description	1	Notifies a user by sending an email. It supports text and HTML emails
24	10	title	1	Default payment information
24	10	description	1	Finds the information of a payment method available to a customer, given priority to credit card. In other words, it will return the credit car of a customer or the ACH information in that order.
24	11	title	1	Testing plug-in for partner payouts
24	11	description	1	Plug-in useful only for testing
24	12	title	1	PDF invoice notification
24	12	description	1	Will generate a PDF version of an invoice.
24	14	title	1	No invoice carry over
24	14	description	1	Returns always false, which makes jBilling to never carry over an invoice into another newer invoice.
24	15	title	1	Default interest task
24	15	description	1	Will create a new order with a penalty item. The item is taken as a parameter to the task.
24	16	title	1	Anticipated order filter
24	16	description	1	Extends BasicOrderFilterTask, modifying the dates to make the order applicable a number of months before it would be by using the default filter.
24	17	title	1	Anticipate order periods.
24	17	description	1	Extends BasicOrderPeriodTask, modifying the dates to make the order applicable a number of months before itd be by using the default task.
24	19	title	1	Email & process authorize.net
24	19	description	1	Extends the standard authorize.net payment processor to also send an email to the company after processing the payment.
24	20	title	1	Payment gateway down alarm
24	20	description	1	Sends an email to the billing administrator as an alarm when a payment gateway is down.
24	21	title	1	Test payment processor
24	21	description	1	A test payment processor implementation to be able to test jBillings functions without using a real payment gateway.
59	92	description	1	Show order menu
24	22	title	1	Router payment processor based on Custom Fields
24	22	description	1	Allows a customer to be assigned a specific payment gateway. It checks a custom contact field to identify the gateway and then delegates the actual payment processing to another plugin.
24	23	title	1	Default subscription status manager
24	23	description	1	It determines how a payment event affects the subscription status of a user, considering its present status and a state machine.
24	24	title	1	ACH Commerce payment processor
24	24	description	1	Integration with the ACH commerce payment gateway.
24	25	title	1	Standard asynchronous parameters
24	25	description	1	A dummy task that does not add any parameters for asynchronous payment processing. This is the default.
24	26	title	1	Router asynchronous parameters
24	26	description	1	This plug-in adds parameters for asynchronous payment processing to have one processing message bean per payment processor. It is used in combination with the router payment processor plug-ins.
24	28	title	1	Standard Item Manager
24	28	description	1	It adds items to an order. If the item is already in the order, it only updates the quantity.
24	29	title	1	Rules Item Manager
24	29	description	1	This is a rules-based plug-in. It will do what the basic item manager does (actually calling it); but then it will execute external rules as well. These external rules have full control on changing the order that is getting new items.
24	30	title	1	Rules Line Total
24	30	description	1	This is a rules-based plug-in. It calculates the total for an order line (typically this is the price multiplied by the quantity); allowing for the execution of external rules.
24	31	title	1	Rules Pricing
24	31	description	1	This is a rules-based plug-in. It gives a price to an item by executing external rules. You can then add logic externally for pricing. It is also integrated with the mediation process by having access to the mediation pricing data.
24	32	title	1	Separator file reader
24	32	description	1	This is a reader for the mediation process. It reads records from a text file whose fields are separated by a character (or string).
24	33	title	1	Rules mediation processor
24	33	description	1	This is a rules-based plug-in (see chapter 7). It takes an event record from the mediation process and executes external rules to translate the record into billing meaningful data. This is at the core of the mediation component, see the ?Telecom Guide? document for more information.
24	34	title	1	Fixed length file reader
24	34	description	1	This is a reader for the mediation process. It reads records from a text file whose fields have fixed positions,and the record has a fixed length.
24	35	title	1	Payment information without validation
24	35	description	1	This is exactly the same as the standard payment information task, the only difference is that it does not validate if the credit card is expired. Use this plug-in only if you want to submit payment with expired credit cards.
24	36	title	1	Notification task for testing
24	36	description	1	This plug-in is only used for testing purposes. Instead of sending an email (or other real notification); it simply stores the text to be sent in a file named emails_sent.txt.
24	37	title	1	Order periods calculator with pro rating.
24	37	description	1	This plugin takes into consideration the field cycle starts of orders to calculate fractional order periods.
24	38	title	1	Invoice composition task with pro-rating (day as fraction)
24	38	description	1	When creating an invoice from an order, this plug-in will pro-rate any fraction of a period taking a day as the smallest billable unit.
24	39	title	1	Payment process for the Intraanuity payment gateway
24	39	description	1	Integration with the Intraanuity payment gateway.
24	40	title	1	Automatic cancellation credit.
24	40	description	1	This plug-in will create a new order with a negative price to reflect a credit when an order is canceled within a period that has been already invoiced.
24	41	title	1	Fees for early cancellation of a plan.
24	41	description	1	This plug-in will use external rules to determine if an order that is being canceled should create a new order with a penalty fee. This is typically used for early cancels of a contract.
24	42	title	1	Blacklist filter payment processor.
24	42	description	1	Used for blocking payments from reaching real payment processors. Typically configured as first payment processor in the processing chain.
24	43	title	1	Blacklist user when their status becomes suspended or higher.
24	43	description	1	Causes users and their associated details (e.g., credit card number, phone number, etc.) to be blacklisted when their status becomes suspended or higher. 
24	44	title	1	JDBC Mediation Reader.
24	44	description	1	This is a reader for the mediation process. It reads records from a JDBC database source.
24	45	title	1	MySQL Mediation Reader.
24	45	description	1	This is a reader for the mediation process. It is an extension of the JDBC reader, allowing easy configuration of a MySQL database source.
24	46	title	1	Provisioning commands rules task.
24	46	description	1	Responds to order related events. Runs rules to generate commands to send via JMS messages to the external provisioning module.
24	47	title	1	Test external provisioning task.
24	47	description	1	This plug-in is only used for testing purposes. It is a test external provisioning task for testing the provisioning modules.
24	48	title	1	CAI external provisioning task.
24	48	description	1	An external provisioning plug-in for communicating with the Ericsson Customer Administration Interface (CAI).
24	49	title	1	Currency Router payment processor
24	49	description	1	Delegates the actual payment processing to another plug-in based on the currency of the payment.
24	50	title	1	MMSC external provisioning task.
24	50	description	1	An external provisioning plug-in for communicating with the TeliaSonera MMSC.
24	51	title	1	Filters out negative invoices for carry over.
24	51	description	1	This filter will only invoices with a positive balance to be carried over to the next invoice.
24	52	title	1	File invoice exporter.
24	52	description	1	It will generate a file with one line per invoice generated.
24	53	title	1	Rules caller on an event.
24	53	description	1	It will call a package of rules when an internal event happens.
24	54	title	1	Dynamic balance manager
24	54	description	1	It will update the dynamic balance of a customer (pre-paid or credit limit) when events affecting the balance happen.
24	55	title	1	Balance validator based on the customer balance.
24	55	description	1	Used for real-time mediation, this plug-in will validate a call based on the current dynamic balance of a customer.
24	56	title	1	Balance validator based on rules.
24	56	description	1	Used for real-time mediation, this plug-in will validate a call based on a package or rules
24	57	title	1	Payment processor for Payments Gateway.
24	57	description	1	Integration with the Payments Gateway payment processor.
24	58	title	1	Credit cards are stored externally.
24	58	description	1	Saves the credit card information in the payment gateway, rather than the jBilling DB.
24	59	title	1	Rules Item Manager 2
24	59	description	1	This is a rules-based plug-in compatible with the mediation module of jBilling 2.2.x. It will do what the basic item manager does (actually calling it); but then it will execute external rules as well. These external rules have full control on changing the order that is getting new items.
24	60	title	1	Rules Line Total - 2
24	60	description	1	This is a rules-based plug-in, compatible with the mediation process of jBilling 2.2.x and later. It calculates the total for an order line (typically this is the price multiplied by the quantity); allowing for the execution of external rules.
24	61	title	1	Rules Pricing 2
24	61	description	1	This is a rules-based plug-in compatible with the mediation module of jBilling 2.2.x. It gives a price to an item by executing external rules. You can then add logic externally for pricing. It is also integrated with the mediation process by having access to the mediation pricing data.
24	63	title	1	Test payment processor for external storage.
24	63	description	1	A fake plug-in to test payments that would be stored externally.
24	64	title	1	WorldPay integration
24	64	description	1	Payment processor plug-in to integrate with RBS WorldPay
24	65	title	1	WorldPay integration with external storage
24	65	description	1	Payment processor plug-in to integrate with RBS WorldPay. It stores the credit card information (number, etc) in the gateway.
24	66	title	1	Auto recharge
24	66	description	1	Monitors the balance of a customer and upon reaching a limit, it requests a real-time payment
24	67	title	1	Beanstream gateway integration
24	67	description	1	Payment processor for integration with the Beanstream payment gateway
24	68	title	1	Sage payments gateway integration
24	68	description	1	Payment processor for integration with the Sage payment gateway
24	69	title	1	Standard billing process users filter
24	69	description	1	Called when the billing process runs to select which users to evaluate. This basic implementation simply returns every user not in suspended (or worse) status
24	70	title	1	Selective billing process users filter
24	70	description	1	Called when the billing process runs to select which users to evaluate. This only returns users with orders that have a next invoice date earlier than the billing process.
24	71	title	1	Mediation file error handler
24	71	description	1	Event records with errors are saved to a file
24	73	title	1	Mediation data base error handler
24	73	description	1	Event records with errors are saved to a database table
24	75	title	1	Paypal integration with external storage
24	75	description	1	Submits payments to paypal as a payment gateway and stores credit card information in PayPal as well
24	76	title	1	Authorize.net integration with external storage
24	76	description	1	Submits payments to authorize.net as a payment gateway and stores credit card information in authorize.net as well
24	77	title	1	Payment method router payment processor
24	77	description	1	Delegates the actual payment processing to another plug-in based on the payment method of the payment.
24	78	title	1	Dynamic rules generator
24	78	description	1	Generates rules dynamically based on a Velocity template.
24	79	title	1	Mediation Process Task
24	79	description	1	A scheduled task to execute the Mediation Process.
24	80	title	1	Billing Process Task
24	80	description	1	A scheduled task to execute the Billing Process.
24	87	title	1	Basic ageing
24	87	description	1	Ages a user based on the number of days that the account is overdue.
24	88	title	1	Ageing process task
24	88	description	1	A scheduled task to execute the Ageing Process.
24	89	title	1	Business day ageing
24	89	description	1	Ages a user based on the number of business days (excluding holidays) that the account is overdue.
99	1	description	1	Referral Fee
99	2	description	1	Payment Processor
99	3	description	1	IP Address
47	17	description	1	The order line has been updated
47	18	description	1	The order next billing date has been changed
47	19	description	1	Last API call to get the the user subscription status transitions
47	20	description	1	User subscription status has changed
47	21	description	1	User account is now locked
47	22	description	1	The order main subscription flag was changed
47	23	description	1	All the one-time orders the mediation found were in status finished
47	24	description	1	A valid payment method was not found. The payment request was cancelled
47	25	description	1	A new row has been created
47	26	description	1	An invoiced order was cancelled, a credit order was created
47	27	description	1	A user id was added to the blacklist
47	28	description	1	A user id was removed from the blacklist
47	29	description	1	Posted a provisioning command using a UUID
47	30	description	1	A command was posted for provisioning
47	31	description	1	The provisioning status of an order line has changed
47	32	description	1	User subscription status has NOT changed
47	33	description	1	The dynamic balance of a user has changed
47	34	description	1	The invoice if child flag has changed
101	1	description	1	Invoice Reports
101	2	description	1	Order Reports
101	3	description	1	Payment Reports
101	4	description	1	User Reports
100	1	description	1	Total amount invoiced grouped by period.
100	2	description	1	Detailed balance ageing report. Shows the age of outstanding customer balances.
100	3	description	1	Number of users subscribed to a specific product.
100	4	description	1	Total payment amount received grouped by period.
100	5	description	1	Number of customers created within a period.
100	6	description	1	Total revenue (sum of received payments) per customer.
100	7	description	1	Simple accounts receivable report showing current account balances.
100	8	description	1	General ledger details of all invoiced charges for the given day.
100	9	description	1	General ledger summary of all invoiced charges for the given day, grouped by item type.
104	1	description	1	Invoices
104	2	description	1	Orders
104	3	description	1	Payments
104	4	description	1	Users
50	25	description	1	Use overdue penalties (interest).
50	27	description	1	Use order anticipation.
50	28	description	1	Paypal account.
50	29	description	1	Paypal button URL.
50	30	description	1	URL for HTTP ageing callback.
50	31	description	1	Use continuous invoice dates.
50	32	description	1	Attach PDF invoice to email notification.
50	33	description	1	Force one order per invoice.
50	35	description	1	Add order Id to invoice lines.
50	36	description	1	Allow customers to edit own contact information.
50	37	description	1	Hide (mask) credit card numbers.
50	38	description	1	Link ageing to customer subscriber status.
50	39	description	1	Lock-out user after failed login attempts.
50	40	description	1	Expire user passwords after days.
50	41	description	1	Use main-subscription orders.
50	42	description	1	Use pro-rating.
50	43	description	1	Use payment blacklist.
50	44	description	1	Allow negative payments.
50	45	description	1	Delay negative invoice payments.
50	46	description	1	Allow invoice without orders.
50	47	description	1	Last read mediation record id.
50	48	description	1	Use provisioning.
50	49	description	1	Automatic customer recharge threshold.
50	50	description	1	Invoice decimal rounding.
50	4	instruction	1	Grace period in days before ageing a customer with an overdue invoice.
50	5	instruction	1	Partner default percentage commission rate. See the Partner section of the documentation.
50	6	instruction	1	Partner default flat fee to be paid as commission. See the Partner section of the documentation.
50	7	instruction	1	Set to '1' to enable one-time payment for partners. If set, partners will only get paid once per customer. See the Partner section of the documentation.
50	8	instruction	1	Partner default payout period unit. See the Partner section of the documentation.
50	9	instruction	1	Partner default payout period value. See the Partner section of the documentation.
50	10	instruction	1	Set to '1' to enable batch payment payouts using the billing process and the configured payment processor. See the Partner section of the documentation.
50	11	instruction	1	Partner default assigned clerk id. See the Partner section of the documentation.
50	12	instruction	1	Currency ID to use when paying partners. See the Partner section of the documentation.
50	13	instruction	1	Set to '1' to e-mail invoices as the billing company. '0' to deliver invoices as jBilling.
50	14	instruction	1	Set to '1' to show notes in invoices, '0' to disable.
50	15	instruction	1	Days before the orders 'active until' date to send the 1st notification. Leave blank to disable.
50	16	instruction	1	Days before the orders 'active until' date to send the 2nd notification. Leave blank to disable.
50	17	instruction	1	Days before the orders 'active until' date to send the 3rd notification. Leave blank to disable.
50	18	instruction	1	Prefix value for generated invoice public numbers.
50	19	instruction	1	The current value for generated invoice public numbers. New invoices will be assigned a public number by incrementing this value.
50	20	instruction	1	Set to '1' to allow invoices to be deleted, '0' to disable.
50	21	instruction	1	Set to '1' to allow invoice reminder notifications, '0' to disable.
50	24	instruction	1	Set to '1' to enable, '0' to disable.
50	25	instruction	1	Set to '1' to enable the billing process to calculate interest on overdue payments, '0' to disable. Calculation of interest is handled by the selected penalty plug-in.
50	27	instruction	1	Set to '1' to use the 'OrderFilterAnticipateTask' to invoice a number of months in advance, '0' to disable. Plug-in must be configured separately.
50	28	instruction	1	PayPal account name.
59	93	description	1	Show payments & refunds menu
50	29	instruction	1	A URL where the graphic of the PayPal button resides. The button is displayed to customers when they are making a payment. The default is usually the best option, except when another language is needed.
50	30	instruction	1	URL for the HTTP Callback to invoke when the ageing process changes a status of a user.
50	31	instruction	1	Default '2000-01-01'. If this preference is used, the system will make sure that all your invoices have their dates in a incremental way. Any invoice with a greater 'ID' will also have a greater (or equal) date. In other words, a new invoice can not have an earlier date than an existing (older) invoice. To use this preference, set it as a string with the date where to start.
50	32	instruction	1	Set to '1' to attach a PDF version of the invoice to all invoice notification e-mails. '0' to disable.
50	33	instruction	1	Set to '1' to show the 'include in separate invoice' flag on an order. '0' to disable.
50	35	instruction	1	Set to '1' to include the ID of the order in the description text of the resulting invoice line. '0' to disable. This can help to easily track which exact orders is responsible for a line in an invoice, considering that many orders can be included in a single invoice.
50	36	instruction	1	Set to '1' to allow customers to edit their own contact information. '0' to disable.
50	37	instruction	1	Set to '1' to mask all credit card numbers. '0' to disable. When set, numbers are masked to all users, even administrators, and in all log files.
50	38	instruction	1	Set to '1' to change the subscription status of a user when the user ages. '0' to disable.
50	39	instruction	1	The number of retries to allow before locking the user account. A locked user account will have their password changed to the value of lockout_password in the jbilling.properties configuration file.
50	40	instruction	1	If greater than zero, it represents the number of days that a password is valid. After those days, the password is expired and the user is forced to change it.
50	41	instruction	1	Set to '1' to allow the usage of the 'main subscription' flag for orders This flag is read only by the mediation process when determining where to place charges coming from external events.
50	42	instruction	1	Set to '1' to allow the use of pro-rating to invoice fractions of a period. Shows the 'cycle' attribute of an order. Note that you need to configure the corresponding plug-ins for this feature to be fully functional.
50	43	instruction	1	If the payment blacklist feature is used, this is set to the id of the configuration of the PaymentFilterTask plug-in. See the Blacklist section of the documentation.
50	44	instruction	1	Set to '1' to allow negative payments. '0' to disable
50	45	instruction	1	Set to '1' to delay payment of negative invoice amounts, causing the balance to be carried over to the next invoice. Invoices that have had negative balances from other invoices transferred to them are allowed to immediately make a negative payment (credit) if needed. '0' to disable. Preference 44 & 46 are usually also enabled.
50	46	instruction	1	Set to '1' to allow invoices with negative balances to generate a new invoice that isn't composed of any orders so that their balances will always get carried over to a new invoice for the credit to take place. '0' to disable. Preference 44 & 45 are usually also enabled.
50	47	instruction	1	ID of the last record read by the mediation process. This is used to determine what records are 'new' and need to be read.
50	48	instruction	1	Set to '1' to allow the use of provisioning. '0' to disable.
50	49	instruction	1	The threshold value for automatic payments. Pre-paid users with an automatic recharge value set will generate an automatic payment whenever the account balance falls below this threshold. Note that you need to configure the AutoRechargeTask plug-in for this feature to be fully functional.
50	50	instruction	1	The number of decimal places to be shown on the invoice. Defaults to 2.
90	1	description	1	Paid
90	2	description	1	Unpaid
90	3	description	1	Carried
59	10	description	1	Create customer
59	11	description	1	Edit customer
59	12	description	1	Delete customer
59	13	description	1	Inspect customer
59	14	description	1	Blacklist customer
59	15	description	1	View customer details
59	16	description	1	Download customer CSV
59	20	description	1	Create order
59	21	description	1	Edit order
59	22	description	1	Delete order
59	23	description	1	Generate invoice for order
59	24	description	1	View order details
59	25	description	1	Download order CSV
59	26	description	1	Edit line price
59	27	description	1	Edit line description
59	28	description	1	View all customers
59	30	description	1	Create payment
59	31	description	1	Edit payment
59	32	description	1	Delete payment
59	33	description	1	Link payment to invoice
59	34	description	1	View payment details
59	35	description	1	Download payment CSV
59	36	description	1	View all customers
59	40	description	1	Create product
59	41	description	1	Edit product
59	42	description	1	Delete product
59	43	description	1	View product details
59	44	description	1	Download payment CSV
59	50	description	1	Create product category
59	51	description	1	Edit product category
59	52	description	1	Delete product category
59	60	description	1	Create plan
59	61	description	1	Edit plan
59	62	description	1	Delete plan
59	63	description	1	View plan details
59	70	description	1	Delete invoice
59	71	description	1	Send invoice notification
59	72	description	1	View invoice details
59	73	description	1	Download invoice CSV
59	74	description	1	View all customers
59	80	description	1	Approve / Disapprove review
59	90	description	1	Show customer menu
59	91	description	1	Show invoices menu
59	94	description	1	Show billing menu
59	95	description	1	Show mediation menu
59	96	description	1	Show reports menu
59	97	description	1	Show products menu
59	98	description	1	Show plans menu
59	99	description	1	Show configuration menu
59	120	description	1	Web Service API access
60	60	description	1	The super user of an entity
60	60	title	1	Super user
60	61	description	1	A billing clerk
60	61	title	1	Clerk
60	62	description	1	A customer that will query his/her account
60	62	title	1	Customer
28	20	description	1	Primary
17	200	description	1	Monthly
69	100	welcome_message	1	<div> <br/> <p style=font-size:19px; font-weight: bold;>Welcome to [Fantoft] Billing!</p> <br/> <p style=font-size:14px; text-align=left; padding-left: 15;>From here, you can review your latest invoice and get it paid instantly. You can also view all your previous invoices and payments, and set up the system for automatic payment with your credit card.</p> <p style=font-size:14px; text-align=left; padding-left: 15;>What would you like to do today? </p> <ul style=font-size:13px; text-align=left; padding-left: 25;> <li >To submit a credit card payment, follow the link on the left bar.</li> <li >To view a list of your invoices, click on the Invoices menu option. The first invoice on the list is your latest invoice. Click on it to see its details.</li> <li>To view a list of your payments, click on the Payments menu option. The first payment on the list is your latest payment. Click on it to see its details.</li> <li>To provide a credit card to enable automatic payment, click on the menu option Account, and then on Edit Credit Card.</li> </ul> </div>
4	110	description	1	Norwegian Krone
17	300	description	1	Yearly
99	100	description	1	Taxes
14	1300	description	1	VAT
14	1400	description	1	API Installation fee
14	1403	description	1	VES Maintenance & Support
14	1500	description	1	A
14	1600	description	1	A
14	1700	description	1	OLAP Cube Definition
14	1701	description	1	Advanced Reporting and Analytics Tool Hosted
14	1702	description	1	Advanced Reporting and Analytics Tool Installed
14	1401	description	1	API Maintenance & Support
14	1705	description	1	Agency System Setup Fee
14	1706	description	1	Agency System Maintenance & Support
14	1405	description	1	Vessel Reports Maintenance & support
14	1404	description	1	Vessel Reports Setup fee
14	1703	description	1	Accounting System Setup Fee
14	1704	description	1	Accounting System Maintenance & Support
14	1402	description	1	VES Software License
14	1200	description	1	VMS Software License
14	1201	description	1	VMS Maintenance & Support
\.


--
-- Data for Name: invoice; Type: TABLE DATA; Schema: public; Owner: jbilling
--

COPY invoice (id, create_datetime, billing_process_id, user_id, status_id, delegated_invoice_id, due_date, total, payment_attempts, balance, carried_balance, in_process_payment, is_review, currency_id, deleted, paper_invoice_batch_id, customer_notes, public_number, last_reminder, overdue_step, create_timestamp, optlock) FROM stdin;
\.


--
-- Data for Name: invoice_delivery_method; Type: TABLE DATA; Schema: public; Owner: jbilling
--

COPY invoice_delivery_method (id) FROM stdin;
1
2
3
\.


--
-- Data for Name: invoice_line; Type: TABLE DATA; Schema: public; Owner: jbilling
--

COPY invoice_line (id, invoice_id, type_id, amount, quantity, price, deleted, item_id, description, source_user_id, is_percentage, optlock) FROM stdin;
\.


--
-- Data for Name: invoice_line_type; Type: TABLE DATA; Schema: public; Owner: jbilling
--

COPY invoice_line_type (id, description, order_position) FROM stdin;
1	item recurring	2
2	tax	6
3	due invoice	1
4	interests	4
5	sub account	5
6	item one-time	3
\.


--
-- Data for Name: item; Type: TABLE DATA; Schema: public; Owner: jbilling
--

COPY item (id, internal_number, entity_id, percentage, price_manual, deleted, has_decimals, gl_code, optlock) FROM stdin;
1300	t1	10	25.0000000000	0	0	1		1
1402	vesl	10	\N	1	0	1		5
1403	vesms	10	\N	1	0	1		5
1401	api	10	\N	1	0	1		9
1201	vmsms	10	\N	1	0	1		44
1600	ww	10	\N	1	1	1	ss	9
1500	ww	10	\N	1	1	1	ss	8
1404	vrcif	10	\N	1	0	1		9
1703	acd	10	\N	1	0	1		6
1705	assf	10	\N	1	0	1		4
1400	api	10	\N	1	1	1		3
1700	olap	10	\N	1	0	1		4
1200	vmssl	10	\N	1	0	1		8
1704	acdm	10	\N	1	0	1		9
1405	vrcms	10	\N	1	0	1		12
1706	asms	10	\N	1	0	1		6
1702	arati	10	\N	1	0	1		7
1701	arat	10	\N	1	0	1		7
\.


--
-- Data for Name: item_dependency; Type: TABLE DATA; Schema: public; Owner: jbilling
--

COPY item_dependency (item_id, child_item_id, double_linked, min_items) FROM stdin;
1402	1403	1	\N
1201	1401	0	\N
1200	1201	1	\N
1201	1404	0	\N
1401	1703	0	\N
1401	1705	0	\N
1201	1700	0	\N
1700	1700	0	5
1200	1200	0	0
1703	1704	1	\N
1401	1704	0	\N
1704	1704	0	0
1404	1405	1	\N
1201	1405	0	\N
1405	1405	0	0
1705	1706	1	\N
1201	1706	0	\N
1706	1706	0	0
1201	1702	0	\N
1700	1702	0	\N
1702	1702	0	0
1201	1701	0	\N
1700	1701	0	\N
1701	1701	0	0
\.


--
-- Data for Name: item_period; Type: TABLE DATA; Schema: public; Owner: postgres
--

COPY item_period (item_id, period, quantity_invoice_one) FROM stdin;
1401	Yearly	1
1201	Yearly	0
1404	One time	1
1703	One time	1
1705	One time	1
1402	One time	0
1403	Yearly	0
1700	Yearly	0
1200	One time	0
1704	Yearly	0
1405	Yearly	0
1706	Yearly	0
1702	Yearly	0
1701	Yearly	0
\.


--
-- Data for Name: item_price; Type: TABLE DATA; Schema: public; Owner: jbilling
--

COPY item_price (id, item_id, currency_id, price, optlock) FROM stdin;
1100	1200	110	8950	0
1101	1201	110	8950	0
1200	1400	110	15000	0
1201	1401	110	25000	0
1202	1402	110	4500	0
1203	1403	110	4500	0
1204	1404	110	15000	0
1205	1405	110	25000	0
1300	1500	110	222	0
1400	1600	110	333	0
1500	1700	110	750	0
1501	1701	110	2750	0
1502	1702	110	2250	0
1503	1703	110	75000	0
1504	1704	110	25000	0
1505	1705	110	25000	0
1506	1706	110	25000	0
\.


--
-- Data for Name: item_type; Type: TABLE DATA; Schema: public; Owner: jbilling
--

COPY item_type (id, entity_id, description, order_line_type_id, optlock) FROM stdin;
700	10	VMS	1	0
800	10	Tax	2	0
901	10	VES	1	0
900	10	ADD-ON: INTEGRATIONS	1	1
1000	10	ADD-ON: ADVANCED REPORTING AND ANALYTICS	1	2
\.


--
-- Data for Name: item_type_exclude_map; Type: TABLE DATA; Schema: public; Owner: jbilling
--

COPY item_type_exclude_map (item_id, type_id) FROM stdin;
\.


--
-- Data for Name: item_type_map; Type: TABLE DATA; Schema: public; Owner: jbilling
--

COPY item_type_map (item_id, type_id) FROM stdin;
1200	700
1201	700
1300	800
1400	900
1401	900
1402	901
1403	901
1500	700
1600	700
1700	1000
1701	1000
1702	1000
1703	900
1704	900
1705	900
1706	900
1405	900
1404	900
\.


--
-- Data for Name: item_users; Type: TABLE DATA; Schema: public; Owner: jbilling
--

COPY item_users (item_id, user_id, users) FROM stdin;
\.


--
-- Data for Name: jbilling_seqs; Type: TABLE DATA; Schema: public; Owner: jbilling
--

COPY jbilling_seqs (name, next_id) FROM stdin;
entity_delivery_method_map	4
user_role_map	13
entity_payment_method_map	26
currency_entity_map	10
user_credit_card_map	5
permission_role_map	1
permission_user	1
permission_type	9
period_unit	5
invoice_delivery_method	4
user_status	9
order_line_type	4
order_billing_type	3
order_status	5
pluggable_task_type_category	22
pluggable_task_type	91
invoice_line_type	6
payment_method	9
payment_result	5
event_log_module	10
event_log_message	17
preference_type	37
notification_message_type	20
country	238
permission	120
partner_range	1
partner	1
promotion	1
ach	1
partner_payout	1
process_run_total_pm	1
payment_authorization	1
paper_invoice_batch	1
credit_card	1
language	2
subscriber_status	7
mediation_cfg	1
mediation_process	1
blacklist	1
mediation_record_line	1
generic_status	26
order_line_provisioning_status	1
balance_type	0
mediation_record	0
filter	0
filter_set	0
shortcut	0
report	0
report_type	0
report_parameter	0
entity	2
role	7
contact_type	3
ageing_entity_step	2
billing_process_configuration	2
notification_message_line	2
pluggable_task_parameter	10
currency_exchange	26
billing_process	11
process_run	11
process_run_user	10
contact_field_type	11
notification_message	3
notification_message_section	3
process_run_total	9
contact_field	3
currency	12
order_period	4
preference	5
notification_message_arch_line	24
notification_message_arch	24
base_user	7
customer	6
payment	18
payment_info_cheque	18
payment_invoice	21
item_type	11
item	18
item_price	16
pluggable_task	20
purchase_order	117
order_line	185
invoice	70
contact_map	6852
contact	73
invoice_line	71
order_process	71
recent_item	3646
breadcrumb	8199
event_log	205
\.


--
-- Data for Name: jbilling_table; Type: TABLE DATA; Schema: public; Owner: jbilling
--

COPY jbilling_table (id, name) FROM stdin;
8	entity_delivery_method_map
99	contact_field_type
62	user_role_map
36	entity_payment_method_map
68	currency_entity_map
45	user_credit_card_map
61	permission_role_map
29	contact_map
58	permission_type
6	period_unit
7	invoice_delivery_method
9	user_status
18	order_line_type
19	order_billing_type
20	order_status
23	pluggable_task_type_category
24	pluggable_task_type
30	invoice_line_type
4	currency
35	payment_method
41	payment_result
46	event_log_module
47	event_log_message
50	preference_type
52	notification_message_type
60	role
64	country
59	permission
67	currency_exchange
26	pluggable_task_parameter
34	billing_process_configuration
17	order_period
79	partner_range
15	item_price
11	partner
5	entity
28	contact_type
65	promotion
25	pluggable_task
75	ach
43	payment_info_cheque
70	partner_payout
38	process_run_total_pm
66	payment_authorization
32	billing_process
33	process_run
37	process_run_total
31	paper_invoice_batch
51	preference
53	notification_message
54	notification_message_section
55	notification_message_line
69	ageing_entity_step
13	item_type
14	item
48	event_log
21	purchase_order
22	order_line
39	invoice
40	invoice_line
49	order_process
42	payment
56	notification_message_arch
57	notification_message_arch_line
10	base_user
12	customer
27	contact
76	contact_field
44	credit_card
3	language
80	payment_invoice
81	subscriber_status
82	mediation_cfg
83	mediation_process
85	blacklist
86	mediation_record_line
87	generic_status
88	order_line_provisioning_status
89	balance_type
90	invoice_status
91	mediation_record_status
92	process_run_status
100	report
101	report_type
102	report_parameter
104	notification_category
\.


--
-- Data for Name: language; Type: TABLE DATA; Schema: public; Owner: jbilling
--

COPY language (id, code, description) FROM stdin;
1	en	English
\.


--
-- Data for Name: mediation_cfg; Type: TABLE DATA; Schema: public; Owner: jbilling
--

COPY mediation_cfg (id, entity_id, create_datetime, name, order_value, pluggable_task_id, optlock) FROM stdin;
\.


--
-- Data for Name: mediation_order_map; Type: TABLE DATA; Schema: public; Owner: jbilling
--

COPY mediation_order_map (mediation_process_id, order_id) FROM stdin;
\.


--
-- Data for Name: mediation_process; Type: TABLE DATA; Schema: public; Owner: jbilling
--

COPY mediation_process (id, configuration_id, start_datetime, end_datetime, orders_affected, optlock) FROM stdin;
\.


--
-- Data for Name: mediation_record; Type: TABLE DATA; Schema: public; Owner: jbilling
--

COPY mediation_record (id, id_key, start_datetime, mediation_process_id, status_id, optlock) FROM stdin;
\.


--
-- Data for Name: mediation_record_line; Type: TABLE DATA; Schema: public; Owner: jbilling
--

COPY mediation_record_line (id, mediation_record_id, order_line_id, event_date, amount, quantity, description, optlock) FROM stdin;
\.


--
-- Data for Name: notification_category; Type: TABLE DATA; Schema: public; Owner: jbilling
--

COPY notification_category (id) FROM stdin;
1
2
3
4
\.


--
-- Data for Name: notification_message; Type: TABLE DATA; Schema: public; Owner: jbilling
--

COPY notification_message (id, type_id, entity_id, language_id, use_flag, optlock) FROM stdin;
100	1	10	1	1	0
101	2	10	1	1	0
102	3	10	1	1	0
103	13	10	1	1	0
104	16	10	1	1	0
105	17	10	1	1	0
106	18	10	1	1	0
107	19	10	1	1	0
200	12	10	1	1	1
\.


--
-- Data for Name: notification_message_arch; Type: TABLE DATA; Schema: public; Owner: jbilling
--

COPY notification_message_arch (id, type_id, create_datetime, user_id, result_message, optlock) FROM stdin;
100	16	2013-02-15 14:09:26.216	30	\N	1
101	16	2013-02-15 14:09:26.262	30	\N	1
102	16	2013-02-15 14:47:50.33	40	\N	1
103	16	2013-02-15 14:47:50.338	40	\N	1
104	16	2013-02-15 14:49:50.881	40	\N	1
105	16	2013-02-15 14:49:50.888	40	\N	1
200	16	2013-02-25 14:39:43.239	30	\N	1
201	16	2013-02-25 14:39:43.318	30	\N	1
300	1	2013-03-07 09:39:24.879	50	\N	1
301	1	2013-03-07 09:39:24.924	50	\N	1
400	1	2013-03-08 13:19:23.081	50	\N	1
401	1	2013-03-08 13:19:23.143	50	\N	1
500	16	2013-03-12 10:52:15.599	50	\N	1
501	16	2013-03-12 10:52:15.636	50	\N	1
502	16	2013-03-12 10:55:25.454	40	\N	1
503	16	2013-03-12 10:55:25.461	40	\N	1
504	16	2013-03-12 11:37:16.274	50	\N	1
505	16	2013-03-12 11:37:16.286	50	\N	1
506	16	2013-03-12 11:39:01.023	50	\N	1
507	16	2013-03-12 11:39:01.029	50	\N	1
600	1	2013-03-13 16:46:34.84	40	\N	1
601	1	2013-03-13 16:46:34.871	40	\N	1
602	1	2013-03-13 16:46:35.201	30	\N	1
603	1	2013-03-13 16:46:35.21	30	\N	1
700	1	2013-03-14 14:50:02.799	40	\N	1
701	1	2013-03-14 14:50:02.837	40	\N	1
702	1	2013-03-14 14:50:04.284	30	\N	1
703	1	2013-03-14 14:50:04.327	30	\N	1
800	1	2013-03-14 15:05:01.005	40	\N	1
801	1	2013-03-14 15:05:01.147	40	\N	1
802	1	2013-03-14 15:05:01.479	30	\N	1
803	1	2013-03-14 15:05:01.489	30	\N	1
804	1	2013-03-14 15:05:01.864	50	\N	1
805	1	2013-03-14 15:05:01.872	50	\N	1
900	1	2013-03-14 15:20:00.439	40	\N	1
901	1	2013-03-14 15:20:00.458	40	\N	1
902	1	2013-03-14 15:20:00.722	30	\N	1
903	1	2013-03-14 15:20:00.729	30	\N	1
904	1	2013-03-14 15:20:01.032	50	\N	1
905	1	2013-03-14 15:20:01.038	50	\N	1
1000	1	2013-03-18 13:13:54.05	50	\N	1
1001	1	2013-03-18 13:13:54.1	50	\N	1
1100	1	2013-03-18 14:15:02.714	50	\N	1
1101	1	2013-03-18 14:15:02.754	50	\N	1
1200	16	2013-03-18 17:48:50.042	50	\N	1
1201	16	2013-03-18 17:48:50.214	50	\N	1
1300	16	2013-03-19 11:12:40.55	50	\N	1
1301	16	2013-03-19 11:12:40.61	50	\N	1
1400	1	2013-03-21 15:32:00.738	50	\N	1
1401	1	2013-03-21 15:32:00.769	50	\N	1
1500	1	2013-03-21 15:40:26.834	50	\N	1
1501	1	2013-03-21 15:40:26.891	50	\N	1
1600	1	2013-03-21 15:45:17.218	50	\N	1
1601	1	2013-03-21 15:45:17.385	50	\N	1
1700	1	2013-03-21 15:47:29.653	50	Setting addresses	1
1701	1	2013-03-21 15:47:29.672	50	\N	1
1800	1	2013-03-21 15:55:12.025	50	\N	1
1801	1	2013-03-21 15:55:12.042	50	\N	1
1802	1	2013-03-21 16:00:48.292	50	\N	1
1803	1	2013-03-21 16:00:48.306	50	\N	1
1900	1	2013-03-21 16:03:30.4	50	\N	1
1901	1	2013-03-21 16:03:30.416	50	\N	1
1902	1	2013-03-21 16:07:45.991	50	Exception sending the message.Mail server connection failed; nested exception is javax.mail.MessagingException: Connection error (java.net.ConnectException: Connection refused: connect). Failed messag	1
1903	1	2013-03-21 16:07:47.529	50	\N	1
2000	1	2013-03-21 16:15:48.251	50	Exception sending the message.Mail server connection failed; nested exception is javax.mail.MessagingException: Connection error (java.net.ConnectException: Connection refused: connect). Failed messag	1
2001	1	2013-03-21 16:15:49.639	50	\N	1
2100	1	2013-03-21 16:21:18.591	50	Exception sending the message.Mail server connection failed; nested exception is javax.mail.MessagingException: Connection error (java.net.ConnectException: Connection refused: connect). Failed messag	1
2101	1	2013-03-21 16:21:19.868	50	\N	1
2102	1	2013-03-21 16:25:31.288	50	Exception sending the message.Mail server connection failed; nested exception is javax.mail.MessagingException: Unable to obtain SASL authenticator. Failed messages: javax.mail.MessagingException: Una	1
2103	1	2013-03-21 16:25:31.576	50	\N	1
2200	1	2013-03-21 16:29:02.042	50	Exception sending the message.Mail server connection failed; nested exception is javax.mail.MessagingException: Unable to obtain SASL authenticator. Failed messages: javax.mail.MessagingException: Una	1
2201	1	2013-03-21 16:29:02.524	50	\N	1
2301	1	2013-03-21 16:31:09.865	50	Exception sending the message.Mail server connection failed; nested exception is javax.mail.MessagingException: javax.net.ssl.SSLException: Unrecognized SSL message, plaintext connection?. Failed mess	1
2302	1	2013-03-21 16:31:12.184	50	\N	1
2300	1	2013-03-21 16:31:09.524	50	Exception sending the message.Mail server connection failed; nested exception is javax.mail.MessagingException: javax.net.ssl.SSLException: Unrecognized SSL message, plaintext connection?. Failed mess	1
2303	1	2013-03-21 16:31:12.209	50	\N	1
2304	1	2013-03-21 16:31:28.686	50	Exception sending the message.Mail server connection failed; nested exception is javax.mail.MessagingException: javax.net.ssl.SSLException: Unrecognized SSL message, plaintext connection?. Failed mess	1
2305	1	2013-03-21 16:31:28.892	50	\N	1
2306	1	2013-03-21 16:33:59.997	50	Exception sending the message.Mail server connection failed; nested exception is javax.mail.MessagingException: javax.net.ssl.SSLException: Unrecognized SSL message, plaintext connection?. Failed mess	1
2307	1	2013-03-21 16:34:00.195	50	\N	1
2308	1	2013-03-21 16:38:47.227	50	Exception sending the message.Mail server connection failed; nested exception is javax.mail.MessagingException: javax.net.ssl.SSLException: Unrecognized SSL message, plaintext connection?. Failed mess	1
2309	1	2013-03-21 16:38:47.5	50	\N	1
2310	1	2013-03-21 16:41:09.163	50	Exception sending the message.Mail server connection failed; nested exception is javax.mail.MessagingException: javax.net.ssl.SSLException: Unrecognized SSL message, plaintext connection?. Failed mess	1
2311	1	2013-03-21 16:41:09.364	50	\N	1
2312	1	2013-03-21 16:41:13.182	50	Exception sending the message.Mail server connection failed; nested exception is javax.mail.MessagingException: javax.net.ssl.SSLException: Unrecognized SSL message, plaintext connection?. Failed mess	1
2313	1	2013-03-21 16:41:13.381	50	\N	1
2314	1	2013-03-21 16:48:24.385	50	Exception sending the message.Mail server connection failed; nested exception is javax.mail.MessagingException: Server doesn't support required transport level security. Failed messages: javax.mail.Me	1
2315	1	2013-03-21 16:48:25.019	50	\N	1
2316	1	2013-03-21 16:50:41.542	50	Exception sending the message.Mail server connection failed; nested exception is javax.mail.MessagingException: Connection error (java.io.IOException: Error connecting to ssl://smtp.gmail.com, 465). F	1
2317	1	2013-03-21 16:50:41.7	50	\N	1
2318	1	2013-03-21 16:54:30.276	50	\N	1
2319	1	2013-03-21 16:54:33.607	50	\N	1
\.


--
-- Data for Name: notification_message_arch_line; Type: TABLE DATA; Schema: public; Owner: jbilling
--

COPY notification_message_arch_line (id, message_archive_id, section, content, optlock) FROM stdin;
100	100	1	Thank you for your payment	1
101	101	1	Thank you for your payment	1
102	102	1	Thank you for your payment	1
103	103	1	Thank you for your payment	1
104	104	1	Thank you for your payment	1
105	105	1	Thank you for your payment	1
200	200	1	Thank you for your payment	1
201	201	1	Thank you for your payment	1
300	300	1	Billing Statement from Fantoft	1
301	301	1	Billing Statement from Fantoft	1
400	400	1	Billing Statement from Fantoft	1
401	401	1	Billing Statement from Fantoft	1
500	500	1	Thank you for your payment	1
501	501	1	Thank you for your payment	1
502	502	1	Thank you for your payment	1
503	503	1	Thank you for your payment	1
504	504	1	Thank you for your payment	1
505	505	1	Thank you for your payment	1
506	506	1	Thank you for your payment	1
507	507	1	Thank you for your payment	1
600	600	1	Billing Statement from Fantoft	1
601	601	1	Billing Statement from Fantoft	1
602	602	1	Billing Statement from Fantoft	1
603	603	1	Billing Statement from Fantoft	1
700	700	1	Billing Statement from Fantoft	1
701	701	1	Billing Statement from Fantoft	1
702	702	1	Billing Statement from Fantoft	1
703	703	1	Billing Statement from Fantoft	1
800	800	1	Billing Statement from Fantoft	1
801	801	1	Billing Statement from Fantoft	1
802	802	1	Billing Statement from Fantoft	1
803	803	1	Billing Statement from Fantoft	1
804	804	1	Billing Statement from Fantoft	1
805	805	1	Billing Statement from Fantoft	1
900	900	1	Billing Statement from Fantoft	1
901	901	1	Billing Statement from Fantoft	1
902	902	1	Billing Statement from Fantoft	1
903	903	1	Billing Statement from Fantoft	1
904	904	1	Billing Statement from Fantoft	1
905	905	1	Billing Statement from Fantoft	1
1000	1000	1	Billing Statement from Fantoft	1
1001	1001	1	Billing Statement from Fantoft	1
1100	1100	1	Billing Statement from Fantoft	1
1101	1101	1	Billing Statement from Fantoft	1
1200	1200	1	Thank you for your payment	1
1201	1201	1	Thank you for your payment	1
1300	1300	1	Thank you for your payment	1
1301	1301	1	Thank you for your payment	1
1400	1400	1	Billing Statement from Fantoft	1
1401	1401	1	Billing Statement from Fantoft	1
1500	1500	1	Billing Statement from Fantoft	1
1501	1501	1	Billing Statement from Fantoft	1
1600	1600	1	Billing Statement from Fantoft	1
1601	1601	1	Billing Statement from Fantoft	1
1700	1700	1	Billing Statement from Fantoft	1
1701	1701	1	Billing Statement from Fantoft	1
1800	1800	1	Billing Statement from Fantoft	1
1801	1801	1	Billing Statement from Fantoft	1
1802	1802	1	Billing Statement from Fantoft	1
1803	1803	1	Billing Statement from Fantoft	1
1900	1900	1	Billing Statement from Fantoft	1
1901	1901	1	Billing Statement from Fantoft	1
1902	1902	1	Billing Statement from Fantoft	1
1903	1903	1	Billing Statement from Fantoft	1
2000	2000	1	Billing Statement from Fantoft	1
2001	2001	1	Billing Statement from Fantoft	1
2100	2100	1	Billing Statement from Fantoft	1
2101	2101	1	Billing Statement from Fantoft	1
2102	2102	1	Billing Statement from Fantoft	1
2103	2103	1	Billing Statement from Fantoft	1
2200	2200	1	Billing Statement from Fantoft	1
2201	2201	1	Billing Statement from Fantoft	1
2301	2301	1	Billing Statement from Fantoft	1
2302	2302	1	Billing Statement from Fantoft	1
2300	2300	1	Billing Statement from Fantoft	1
2303	2303	1	Billing Statement from Fantoft	1
2304	2304	1	Billing Statement from Fantoft	1
2305	2305	1	Billing Statement from Fantoft	1
2306	2306	1	Billing Statement from Fantoft	1
2307	2307	1	Billing Statement from Fantoft	1
2308	2308	1	Billing Statement from Fantoft	1
2309	2309	1	Billing Statement from Fantoft	1
2310	2310	1	Billing Statement from Fantoft	1
2311	2311	1	Billing Statement from Fantoft	1
2312	2312	1	Billing Statement from Fantoft	1
2313	2313	1	Billing Statement from Fantoft	1
2314	2314	1	Billing Statement from Fantoft	1
2315	2315	1	Billing Statement from Fantoft	1
2316	2316	1	Billing Statement from Fantoft	1
2317	2317	1	Billing Statement from Fantoft	1
2318	2318	1	Billing Statement from Fantoft	1
2319	2319	1	Billing Statement from Fantoft	1
\.


--
-- Data for Name: notification_message_line; Type: TABLE DATA; Schema: public; Owner: jbilling
--

COPY notification_message_line (id, message_section_id, content, optlock) FROM stdin;
100	\N	Dear $first_name $last_name,\n\n This is to notify you that your latest invoice (number $number) is now available. The total amount due is: $total. You can view it by login in to:\n\n" + Util.getSysProp("url") + "/billing/user/login.jsp?entityId=$company_id\n\nFor security reasons, your statement is password protected.\nTo login in, you will need your user name: $username and your account password: $password\n \n After logging in, please click on the menu option  List, to see all your invoices.  You can also see your payment history, your current purchase orders, as well as update your payment information and submit online payments.\n\n\nThank you for choosing $company_name, we appreciate your business,\n\nBilling Department\n$company_name	0
101	101	Billing Statement from $company_name	0
102	\N	Dear $first_name $last_name,\n\n  This email is to notify you that we have received your latest payment and your account no longer has an overdue balance.\n\n  Thank you for keeping your account up to date,\n\n\nBilling Department\n$company_name	0
103	103	You account is now up to date	0
104	\N	Dear $first_name $last_name,\n\nOur records show that you have an overdue balance on your account. Please submit a payment as soon as possible.\n\nBest regards,\n\nBilling Department\n$company_name	0
105	105	Overdue Balance	0
106	106	Your service from $company_name is about to expire	0
107	\N	Dear $first_name $last_name,\n\nYour service with us will expire on $period_end. Please make sure to contact customer service for a renewal.\n\nRegards,\n\nBilling Department\n$company_name	0
108	\N	Dear $first_name $last_name\n\n   We have received your payment made with $method for a total of $total.\n\n   Thank you, we appreciate your business,\n\nBilling Department\n$company_name	0
109	109	Thank you for your payment	0
110	\N	Dear $first_name $last_name\n\n   A payment with $method was attempted for a total of $total, but it has been rejected by the payment processor.\nYou can update your payment information and submit an online payment by login into :\n" + Util.getSysProp("url") + "/billing/user/login.jsp?entityId=$company_id\n\nFor security reasons, your statement is password protected.\nTo login in, you will need your user name: $username and your account password: $password\n\nThank you,\n\nBilling Department\n$company_name	0
111	111	Payment failed	0
112	112	Invoice remainder	0
113	\N	Dear $first_name $last_name\n\n   This is a reminder that the invoice number $number remains unpaid. It was sent to you on $date, and its total is $total. Although you still have $days days to pay it (its due date is $dueDate), we would greatly appreciate if you can pay it at your earliest convenience.\n\nYours truly,\n\nBilling Department\n$company_name	0
114	114	It is time to update your credit card	0
115	\N	Dear $first_name $last_name,\n\nWe want to remind you that the credit card that we have in our records for your account is about to expire. Its expiration date is $expiry_date.\n\nUpdating your credit card is easy. Just login into " + Util.getSysProp("url") + "/billing/user/login.jsp?entityId=$company_id. using your user name: $username and password: $password. After logging in, click on 'Account' and then 'Edit Credit Card'. \nThank you for keeping your account up to date.\n\nBilling Department\n$company_name	0
\.


--
-- Data for Name: notification_message_section; Type: TABLE DATA; Schema: public; Owner: jbilling
--

COPY notification_message_section (id, message_id, section, optlock) FROM stdin;
100	100	2	0
101	100	1	0
102	101	2	0
103	101	1	0
104	102	2	0
105	102	1	0
106	103	1	0
107	103	2	0
108	104	2	0
109	104	1	0
110	105	2	0
111	105	1	0
112	106	1	0
113	106	2	0
114	107	1	0
115	107	2	0
200	200	1	1
201	200	2	1
202	200	3	1
\.


--
-- Data for Name: notification_message_type; Type: TABLE DATA; Schema: public; Owner: jbilling
--

COPY notification_message_type (id, category_id, optlock) FROM stdin;
1	1	1
2	4	1
3	4	1
4	4	1
5	4	1
6	4	1
7	4	1
8	4	1
9	4	1
10	3	1
11	3	1
12	1	1
13	2	1
14	2	1
15	2	1
16	3	1
17	3	1
18	1	1
19	4	1
20	4	1
\.


--
-- Data for Name: order_billing_type; Type: TABLE DATA; Schema: public; Owner: jbilling
--

COPY order_billing_type (id) FROM stdin;
1
2
\.


--
-- Data for Name: order_line; Type: TABLE DATA; Schema: public; Owner: jbilling
--

COPY order_line (id, order_id, item_id, type_id, amount, quantity, price, item_price, create_datetime, deleted, use_item, description, provisioning_status, provisioning_request_id, optlock) FROM stdin;
\.


--
-- Data for Name: order_line_type; Type: TABLE DATA; Schema: public; Owner: jbilling
--

COPY order_line_type (id, editable) FROM stdin;
1	1
2	0
3	0
\.


--
-- Data for Name: order_period; Type: TABLE DATA; Schema: public; Owner: jbilling
--

COPY order_period (id, entity_id, value, unit_id, optlock) FROM stdin;
1	\N	\N	\N	1
200	10	1	1	0
300	10	1	4	0
\.


--
-- Data for Name: order_process; Type: TABLE DATA; Schema: public; Owner: jbilling
--

COPY order_process (id, order_id, invoice_id, billing_process_id, periods_included, period_start, period_end, is_review, origin, optlock) FROM stdin;
\.


--
-- Data for Name: paper_invoice_batch; Type: TABLE DATA; Schema: public; Owner: jbilling
--

COPY paper_invoice_batch (id, total_invoices, delivery_date, is_self_managed, optlock) FROM stdin;
\.


--
-- Data for Name: partner; Type: TABLE DATA; Schema: public; Owner: jbilling
--

COPY partner (id, user_id, balance, total_payments, total_refunds, total_payouts, percentage_rate, referral_fee, fee_currency_id, one_time, period_unit_id, period_value, next_payout_date, due_payout, automatic_process, related_clerk, optlock) FROM stdin;
\.


--
-- Data for Name: partner_payout; Type: TABLE DATA; Schema: public; Owner: jbilling
--

COPY partner_payout (id, starting_date, ending_date, payments_amount, refunds_amount, balance_left, payment_id, partner_id, optlock) FROM stdin;
\.


--
-- Data for Name: partner_range; Type: TABLE DATA; Schema: public; Owner: jbilling
--

COPY partner_range (id, partner_id, percentage_rate, referral_fee, range_from, range_to, optlock) FROM stdin;
\.


--
-- Data for Name: payment; Type: TABLE DATA; Schema: public; Owner: jbilling
--

COPY payment (id, user_id, attempt, result_id, amount, create_datetime, update_datetime, payment_date, method_id, credit_card_id, deleted, is_refund, is_preauth, payment_id, currency_id, payout_id, ach_id, balance, payment_period, payment_notes, optlock) FROM stdin;
1200	50	1	4	79312.5000000000	2013-03-18 15:30:23.926	2013-03-19 17:37:02.534	2013-03-18	1	\N	1	0	0	\N	110	\N	\N	79312.5000000000	\N		7
1300	50	1	4	6250.0000000000	2013-04-03 06:12:55.514	2013-04-03 23:03:04.343	2013-04-03	1	\N	1	0	0	\N	110	\N	\N	6250.0000000000	\N		3
1600	40	1	4	22375.0000000000	2013-04-09 14:33:15.982	2013-04-09 14:53:38.158	2013-04-09	1	\N	1	0	0	\N	110	\N	\N	0.0000000000	\N		2
1500	60	1	4	89500.0000000000	2013-04-04 13:02:07.172	2013-04-09 14:53:41.883	2013-04-04	1	\N	1	0	0	\N	110	\N	\N	0.0000000000	\N		2
1400	50	1	4	133625.0000000000	2013-04-03 23:14:05.341	2013-04-09 14:53:47.947	2013-04-03	1	\N	1	0	0	\N	110	\N	\N	0.0000000000	\N		2
1700	60	1	4	67900.0000000000	2013-04-09 14:56:50.759	\N	2013-04-09	1	\N	0	0	0	\N	110	\N	\N	0.0000000000	\N		1
\.


--
-- Data for Name: payment_authorization; Type: TABLE DATA; Schema: public; Owner: jbilling
--

COPY payment_authorization (id, payment_id, processor, code1, code2, code3, approval_code, avs, transaction_id, md5, card_code, create_datetime, response_message, optlock) FROM stdin;
\.


--
-- Data for Name: payment_info_cheque; Type: TABLE DATA; Schema: public; Owner: jbilling
--

COPY payment_info_cheque (id, payment_id, bank, cheque_number, cheque_date, optlock) FROM stdin;
1200	1200	A	1111	2013-03-18	0
1300	1300	mk	l	2013-04-02	0
1400	1400	j	j	2013-04-03	0
1500	1500	s	22	2013-04-01	0
1600	1600	s	s	2013-04-01	0
1700	1700	w	w	2013-04-01	0
\.


--
-- Data for Name: payment_invoice; Type: TABLE DATA; Schema: public; Owner: jbilling
--

COPY payment_invoice (id, payment_id, invoice_id, amount, create_datetime, optlock) FROM stdin;
\.


--
-- Data for Name: payment_method; Type: TABLE DATA; Schema: public; Owner: jbilling
--

COPY payment_method (id) FROM stdin;
1
2
3
4
5
6
7
8
9
\.


--
-- Data for Name: payment_result; Type: TABLE DATA; Schema: public; Owner: jbilling
--

COPY payment_result (id) FROM stdin;
1
2
3
4
\.


--
-- Data for Name: period_unit; Type: TABLE DATA; Schema: public; Owner: jbilling
--

COPY period_unit (id) FROM stdin;
1
2
3
4
\.


--
-- Data for Name: permission; Type: TABLE DATA; Schema: public; Owner: jbilling
--

COPY permission (id, type_id, foreign_id) FROM stdin;
10	1	\N
11	1	\N
12	1	\N
13	1	\N
14	1	\N
15	1	\N
16	1	\N
20	2	\N
21	2	\N
22	2	\N
23	2	\N
24	2	\N
25	2	\N
26	2	\N
27	2	\N
28	2	\N
30	3	\N
31	3	\N
32	3	\N
33	3	\N
34	3	\N
35	3	\N
36	3	\N
40	4	\N
41	4	\N
42	4	\N
43	4	\N
44	4	\N
50	5	\N
51	5	\N
52	5	\N
60	6	\N
61	6	\N
62	6	\N
63	6	\N
70	7	\N
71	7	\N
72	7	\N
73	7	\N
74	7	\N
80	8	\N
90	9	\N
91	9	\N
92	9	\N
93	9	\N
94	9	\N
95	9	\N
96	9	\N
97	9	\N
98	9	\N
99	9	\N
120	10	\N
\.


--
-- Data for Name: permission_role_map; Type: TABLE DATA; Schema: public; Owner: jbilling
--

COPY permission_role_map (permission_id, role_id) FROM stdin;
10	2
11	2
12	2
13	2
14	2
15	2
16	2
20	2
21	2
22	2
23	2
24	2
25	2
26	2
27	2
28	2
30	2
31	2
32	2
33	2
34	2
35	2
36	2
40	2
41	2
42	2
43	2
44	2
50	2
51	2
52	2
60	2
61	2
62	2
63	2
70	2
71	2
72	2
73	2
74	2
80	2
90	2
91	2
92	2
93	2
94	2
95	2
96	2
97	2
98	2
99	2
120	2
10	3
11	3
12	3
13	3
14	3
15	3
20	3
21	3
22	3
23	3
24	3
28	3
30	3
31	3
32	3
33	3
34	3
36	3
40	3
41	3
42	3
43	3
50	3
51	3
52	3
60	3
61	3
62	3
63	3
70	3
71	3
72	3
74	3
90	3
91	3
92	3
93	3
94	3
95	3
96	3
97	3
98	3
24	5
30	5
34	5
72	5
91	5
92	5
93	5
21	60
94	60
70	60
72	60
40	60
20	60
12	60
11	60
93	60
23	60
10	60
92	60
95	60
71	60
22	60
41	60
96	60
24	60
63	60
120	60
80	60
97	60
50	60
60	60
43	60
52	60
61	60
14	60
51	60
62	60
73	60
74	60
13	60
98	60
44	60
27	60
99	60
31	60
15	60
32	60
90	60
28	60
26	60
16	60
25	60
42	60
91	60
34	60
33	60
30	60
36	60
35	60
21	61
31	61
15	61
94	61
32	61
70	61
40	61
72	61
90	61
28	61
20	61
12	61
93	61
11	61
23	61
92	61
10	61
42	61
95	61
71	61
22	61
41	61
96	61
24	61
63	61
91	61
34	61
97	61
50	61
33	61
60	61
43	61
52	61
61	61
14	61
51	61
62	61
30	61
36	61
74	61
13	61
98	61
72	62
24	62
91	62
34	62
30	62
93	62
92	62
\.


--
-- Data for Name: permission_type; Type: TABLE DATA; Schema: public; Owner: jbilling
--

COPY permission_type (id, description) FROM stdin;
1	Customer
2	Order
3	Payment
4	Product
5	Product Category
6	Plan
7	Invoice
8	Billing
9	Menu
10	API
\.


--
-- Data for Name: permission_user; Type: TABLE DATA; Schema: public; Owner: jbilling
--

COPY permission_user (permission_id, user_id, is_grant, id) FROM stdin;
\.


--
-- Data for Name: pluggable_task; Type: TABLE DATA; Schema: public; Owner: jbilling
--

COPY pluggable_task (id, entity_id, type_id, processing_order, notes, optlock) FROM stdin;
10	10	21	1	\N	0
12	10	12	2	\N	0
13	10	1	1	\N	0
14	10	3	1	\N	0
15	10	4	2	\N	0
16	10	5	1	\N	0
17	10	6	1	\N	0
18	10	7	1	\N	0
19	10	10	1	\N	0
20	10	25	1	\N	0
21	10	28	1	\N	0
22	10	33	1	\N	0
23	10	54	1	\N	0
26	10	87	1	\N	0
27	10	88	2	\N	0
140	10	91	1		1
170	10	92	3	25% VAT (itemId 1300)\r\nField "Taxes" in contact (100)	7
180	10	93	3		1
25	10	82	1		3
11	10	9	1		6
190	10	94	4		1
\.


--
-- Data for Name: pluggable_task_parameter; Type: TABLE DATA; Schema: public; Owner: jbilling
--

COPY pluggable_task_parameter (id, task_id, name, int_value, str_value, float_value, optlock) FROM stdin;
100	10	all	\N	yes	\N	0
107	12	design	\N	simple_invoice_b2b	\N	0
500	170	tax_item_id	\N	1300	\N	1
700	180	cron_exp	\N	0 30 15 * * ?	\N	0
104	11	tls	\N	true	\N	1
105	11	username	\N	psalaberria002@gmail.com	\N	2
106	11	password	\N	efesltkskhspxvxf	\N	2
900	11	from_name	\N	Dataloy Systems AS	\N	0
901	11	from	\N	psalaberria002@gmail.com	\N	0
103	11	ssl_auth	\N	false	\N	2
102	11	port	\N	587	\N	4
101	11	smtp_server	\N	smtp.gmail.com	\N	3
\.


--
-- Data for Name: pluggable_task_type; Type: TABLE DATA; Schema: public; Owner: jbilling
--

COPY pluggable_task_type (id, category_id, class_name, min_parameters) FROM stdin;
1	1	com.sapienter.jbilling.server.pluggableTask.BasicLineTotalTask	0
13	4	com.sapienter.jbilling.server.pluggableTask.CalculateDueDateDfFm	0
3	4	com.sapienter.jbilling.server.pluggableTask.CalculateDueDate	0
4	4	com.sapienter.jbilling.server.pluggableTask.BasicCompositionTask	0
5	2	com.sapienter.jbilling.server.pluggableTask.BasicOrderFilterTask	0
6	3	com.sapienter.jbilling.server.pluggableTask.BasicInvoiceFilterTask	0
7	5	com.sapienter.jbilling.server.pluggableTask.BasicOrderPeriodTask	0
8	6	com.sapienter.jbilling.server.pluggableTask.PaymentAuthorizeNetTask	2
14	3	com.sapienter.jbilling.server.pluggableTask.NoInvoiceFilterTask	0
10	8	com.sapienter.jbilling.server.pluggableTask.BasicPaymentInfoTask	0
11	6	com.sapienter.jbilling.server.pluggableTask.PaymentPartnerTestTask	0
12	7	com.sapienter.jbilling.server.pluggableTask.PaperInvoiceNotificationTask	1
2	1	com.sapienter.jbilling.server.pluggableTask.GSTTaxTask	2
15	9	com.sapienter.jbilling.server.pluggableTask.BasicPenaltyTask	1
16	2	com.sapienter.jbilling.server.pluggableTask.OrderFilterAnticipatedTask	0
9	7	com.sapienter.jbilling.server.pluggableTask.BasicEmailNotificationTask	6
17	5	com.sapienter.jbilling.server.pluggableTask.OrderPeriodAnticipateTask	0
19	6	com.sapienter.jbilling.server.pluggableTask.PaymentEmailAuthorizeNetTask	1
20	10	com.sapienter.jbilling.server.pluggableTask.ProcessorEmailAlarmTask	3
21	6	com.sapienter.jbilling.server.pluggableTask.PaymentFakeTask	0
22	6	com.sapienter.jbilling.server.payment.tasks.PaymentRouterCCFTask	2
23	11	com.sapienter.jbilling.server.user.tasks.BasicSubscriptionStatusManagerTask	0
24	6	com.sapienter.jbilling.server.user.tasks.PaymentACHCommerceTask	5
25	12	com.sapienter.jbilling.server.payment.tasks.NoAsyncParameters	0
26	12	com.sapienter.jbilling.server.payment.tasks.RouterAsyncParameters	0
28	13	com.sapienter.jbilling.server.item.tasks.BasicItemManager	0
29	13	com.sapienter.jbilling.server.item.tasks.RulesItemManager	0
30	1	com.sapienter.jbilling.server.order.task.RulesLineTotalTask	0
31	14	com.sapienter.jbilling.server.item.tasks.RulesPricingTask	0
32	15	com.sapienter.jbilling.server.mediation.task.SeparatorFileReader	2
33	16	com.sapienter.jbilling.server.mediation.task.RulesMediationTask	0
34	15	com.sapienter.jbilling.server.mediation.task.FixedFileReader	2
35	8	com.sapienter.jbilling.server.user.tasks.PaymentInfoNoValidateTask	0
36	7	com.sapienter.jbilling.server.notification.task.TestNotificationTask	0
37	5	com.sapienter.jbilling.server.process.task.ProRateOrderPeriodTask	0
38	4	com.sapienter.jbilling.server.process.task.DailyProRateCompositionTask	0
39	6	com.sapienter.jbilling.server.payment.tasks.PaymentAtlasTask	5
40	17	com.sapienter.jbilling.server.order.task.RefundOnCancelTask	0
41	17	com.sapienter.jbilling.server.order.task.CancellationFeeRulesTask	1
42	6	com.sapienter.jbilling.server.payment.tasks.PaymentFilterTask	0
43	17	com.sapienter.jbilling.server.payment.blacklist.tasks.BlacklistUserStatusTask	0
44	15	com.sapienter.jbilling.server.mediation.task.JDBCReader	0
45	15	com.sapienter.jbilling.server.mediation.task.MySQLReader	0
46	17	com.sapienter.jbilling.server.provisioning.task.ProvisioningCommandsRulesTask	0
47	18	com.sapienter.jbilling.server.provisioning.task.TestExternalProvisioningTask	0
48	18	com.sapienter.jbilling.server.provisioning.task.CAIProvisioningTask	2
49	6	com.sapienter.jbilling.server.payment.tasks.PaymentRouterCurrencyTask	2
50	18	com.sapienter.jbilling.server.provisioning.task.MMSCProvisioningTask	5
51	3	com.sapienter.jbilling.server.invoice.task.NegativeBalanceInvoiceFilterTask	0
52	17	com.sapienter.jbilling.server.invoice.task.FileInvoiceExportTask	1
53	17	com.sapienter.jbilling.server.system.event.task.InternalEventsRulesTask	0
54	17	com.sapienter.jbilling.server.user.balance.DynamicBalanceManagerTask	0
55	19	com.sapienter.jbilling.server.user.tasks.UserBalanceValidatePurchaseTask	0
56	19	com.sapienter.jbilling.server.user.tasks.RulesValidatePurchaseTask	0
57	6	com.sapienter.jbilling.server.payment.tasks.PaymentsGatewayTask	4
58	17	com.sapienter.jbilling.server.payment.tasks.SaveCreditCardExternallyTask	1
59	13	com.sapienter.jbilling.server.order.task.RulesItemManager2	0
60	1	com.sapienter.jbilling.server.order.task.RulesLineTotalTask2	0
61	14	com.sapienter.jbilling.server.item.tasks.RulesPricingTask2	0
62	17	com.sapienter.jbilling.server.payment.tasks.SaveCreditCardExternallyTask	1
63	6	com.sapienter.jbilling.server.pluggableTask.PaymentFakeExternalStorage	0
64	6	com.sapienter.jbilling.server.payment.tasks.PaymentWorldPayTask	3
65	6	com.sapienter.jbilling.server.payment.tasks.PaymentWorldPayExternalTask	3
66	17	com.sapienter.jbilling.server.user.tasks.AutoRechargeTask	0
67	6	com.sapienter.jbilling.server.payment.tasks.PaymentBeanstreamTask	3
68	6	com.sapienter.jbilling.server.payment.tasks.PaymentSageTask	2
69	20	com.sapienter.jbilling.server.process.task.BasicBillingProcessFilterTask	0
70	20	com.sapienter.jbilling.server.process.task.BillableUsersBillingProcessFilterTask	0
71	21	com.sapienter.jbilling.server.mediation.task.SaveToFileMediationErrorHandler	0
73	21	com.sapienter.jbilling.server.mediation.task.SaveToJDBCMediationErrorHandler	1
75	6	com.sapienter.jbilling.server.payment.tasks.PaymentPaypalExternalTask	3
76	6	com.sapienter.jbilling.server.payment.tasks.PaymentAuthorizeNetCIMTask	2
77	6	com.sapienter.jbilling.server.payment.tasks.PaymentMethodRouterTask	4
78	23	com.sapienter.jbilling.server.rule.task.VelocityRulesGeneratorTask	2
81	22	com.sapienter.jbilling.server.mediation.task.MediationProcessTask	0
82	22	com.sapienter.jbilling.server.billing.task.BillingProcessTask	0
83	22	com.sapienter.jbilling.server.process.task.ScpUploadTask	4
84	17	com.sapienter.jbilling.server.payment.tasks.SaveACHExternallyTask	1
85	20	com.sapienter.jbilling.server.process.task.BillableUserOrdersBillingProcessFilterTask	0
87	24	com.sapienter.jbilling.server.process.task.BasicAgeingTask	0
88	22	com.sapienter.jbilling.server.process.task.AgeingProcessTask	0
89	24	com.sapienter.jbilling.server.process.task.BusinessDayAgeingTask	0
90	4	com.sapienter.jbilling.server.process.task.SimpleTaxCompositionTask	1
91	14	com.sapienter.jbilling.server.item.tasks.DataloyPricingTask	0
92	4	com.sapienter.jbilling.server.process.task.NorwegianTaxCompositionTask	1
93	22	com.sapienter.jbilling.server.exchange.tasks.UpdateExchangeRatesTask	0
94	4	com.sapienter.jbilling.server.pluggableTask.SetQuantityToOneTask	0
\.


--
-- Data for Name: pluggable_task_type_category; Type: TABLE DATA; Schema: public; Owner: jbilling
--

COPY pluggable_task_type_category (id, interface_name) FROM stdin;
1	com.sapienter.jbilling.server.pluggableTask.OrderProcessingTask
2	com.sapienter.jbilling.server.pluggableTask.OrderFilterTask
3	com.sapienter.jbilling.server.pluggableTask.InvoiceFilterTask
4	com.sapienter.jbilling.server.pluggableTask.InvoiceCompositionTask
5	com.sapienter.jbilling.server.pluggableTask.OrderPeriodTask
6	com.sapienter.jbilling.server.pluggableTask.PaymentTask
7	com.sapienter.jbilling.server.pluggableTask.NotificationTask
8	com.sapienter.jbilling.server.pluggableTask.PaymentInfoTask
9	com.sapienter.jbilling.server.pluggableTask.PenaltyTask
10	com.sapienter.jbilling.server.pluggableTask.ProcessorAlarm
11	com.sapienter.jbilling.server.user.tasks.ISubscriptionStatusManager
12	com.sapienter.jbilling.server.payment.tasks.IAsyncPaymentParameters
13	com.sapienter.jbilling.server.item.tasks.IItemPurchaseManager
14	com.sapienter.jbilling.server.item.tasks.IPricing
15	com.sapienter.jbilling.server.mediation.task.IMediationReader
16	com.sapienter.jbilling.server.mediation.task.IMediationProcess
17	com.sapienter.jbilling.server.system.event.task.IInternalEventsTask
18	com.sapienter.jbilling.server.provisioning.task.IExternalProvisioning
19	com.sapienter.jbilling.server.user.tasks.IValidatePurchaseTask
20	com.sapienter.jbilling.server.process.task.IBillingProcessFilterTask
21	com.sapienter.jbilling.server.mediation.task.IMediationErrorHandler
22	com.sapienter.jbilling.server.process.task.IScheduledTask
23	com.sapienter.jbilling.server.rule.task.IRulesGenerator
24	com.sapienter.jbilling.server.process.task.IAgeingTask
\.


--
-- Data for Name: preference; Type: TABLE DATA; Schema: public; Owner: jbilling
--

COPY preference (id, type_id, table_id, foreign_id, value) FROM stdin;
10	4	5	10	5
11	14	5	10	1
21	18	5	10	
40	32	5	10	1
30	44	5	10	1
22	31	5	10	2013-4-16
20	19	5	10	156
\.


--
-- Data for Name: preference_type; Type: TABLE DATA; Schema: public; Owner: jbilling
--

COPY preference_type (id, def_value) FROM stdin;
4	\N
5	\N
6	\N
7	\N
8	\N
9	\N
10	\N
11	\N
12	\N
13	\N
14	\N
15	\N
16	\N
17	\N
18	\N
19	1
20	1
21	0
22	\N
23	\N
24	0
25	0
27	0
28	\N
29	https://www.paypal.com/en_US/i/btn/x-click-but6.gif
30	\N
31	2000-01-01
32	0
33	0
35	0
36	1
37	0
38	1
39	0
40	0
41	0
42	0
43	0
44	0
45	0
46	0
47	0
48	1
49	\N
50	2
\.


--
-- Data for Name: process_run; Type: TABLE DATA; Schema: public; Owner: jbilling
--

COPY process_run (id, process_id, run_date, started, finished, payment_finished, invoices_generated, optlock, status_id) FROM stdin;
\.


--
-- Data for Name: process_run_total; Type: TABLE DATA; Schema: public; Owner: jbilling
--

COPY process_run_total (id, process_run_id, currency_id, total_invoiced, total_paid, total_not_paid, optlock) FROM stdin;
\.


--
-- Data for Name: process_run_total_pm; Type: TABLE DATA; Schema: public; Owner: jbilling
--

COPY process_run_total_pm (id, process_run_total_id, payment_method_id, total, optlock) FROM stdin;
\.


--
-- Data for Name: process_run_user; Type: TABLE DATA; Schema: public; Owner: jbilling
--

COPY process_run_user (id, process_run_id, user_id, status, created, optlock) FROM stdin;
\.


--
-- Data for Name: promotion; Type: TABLE DATA; Schema: public; Owner: jbilling
--

COPY promotion (id, item_id, code, notes, once, since, until) FROM stdin;
\.


--
-- Data for Name: purchase_order; Type: TABLE DATA; Schema: public; Owner: jbilling
--

COPY purchase_order (id, user_id, period_id, billing_type_id, active_since, active_until, cycle_start, create_datetime, next_billable_day, created_by, status_id, currency_id, deleted, notify, last_notified, notification_step, due_date_unit_id, due_date_value, df_fm, anticipate_periods, own_invoice, notes, notes_in_invoice, is_current, optlock, is_master, add_to_master, pay_plan) FROM stdin;
\.


--
-- Data for Name: purchase_order_master; Type: TABLE DATA; Schema: public; Owner: jbilling
--

COPY purchase_order_master (order_id, master) FROM stdin;
\.


--
-- Data for Name: recent_item; Type: TABLE DATA; Schema: public; Owner: jbilling
--

COPY recent_item (id, type, object_id, user_id, version) FROM stdin;
3641	ORDER	11603	10	0
3642	ORDER	11604	10	0
3643	ORDER	11605	10	0
3644	ORDER	11606	10	0
3645	CUSTOMER	60	10	0
\.


--
-- Data for Name: report; Type: TABLE DATA; Schema: public; Owner: jbilling
--

COPY report (id, type_id, name, file_name, optlock) FROM stdin;
1	1	total_invoiced	total_invoiced.jasper	0
2	1	ageing_balance	ageing_balance.jasper	0
3	2	product_subscribers	product_subscribers.jasper	0
4	3	total_payments	total_payments.jasper	0
5	4	user_signups	user_signups.jasper	0
6	4	top_customers	top_customers.jasper	0
7	1	accounts_receivable	accounts_receivable.jasper	0
8	1	gl_detail	gl_detail.jasper	0
9	1	gl_summary	gl_summary.jasper	0
\.


--
-- Data for Name: report_parameter; Type: TABLE DATA; Schema: public; Owner: jbilling
--

COPY report_parameter (id, report_id, dtype, name) FROM stdin;
1	1	date	start_date
2	1	date	end_date
3	1	integer	period
4	3	integer	item_id
5	4	date	start_date
6	4	date	end_date
7	4	integer	period
8	5	date	start_date
9	5	date	end_date
10	5	integer	period
11	6	date	start_date
12	6	date	end_date
13	8	date	date
14	9	date	date
\.


--
-- Data for Name: report_type; Type: TABLE DATA; Schema: public; Owner: jbilling
--

COPY report_type (id, name, optlock) FROM stdin;
1	invoice	0
2	order	0
3	payment	0
4	user	0
\.


--
-- Data for Name: role; Type: TABLE DATA; Schema: public; Owner: jbilling
--

COPY role (id, entity_id, role_type_id) FROM stdin;
2	10	2
3	10	3
5	10	5
60	10	2
61	10	3
62	10	5
\.


--
-- Data for Name: shortcut; Type: TABLE DATA; Schema: public; Owner: jbilling
--

COPY shortcut (id, user_id, controller, action, name, object_id, version) FROM stdin;
\.


--
-- Data for Name: user_credit_card_map; Type: TABLE DATA; Schema: public; Owner: jbilling
--

COPY user_credit_card_map (user_id, credit_card_id) FROM stdin;
\.


--
-- Data for Name: user_role_map; Type: TABLE DATA; Schema: public; Owner: jbilling
--

COPY user_role_map (user_id, role_id) FROM stdin;
10	60
30	5
40	5
50	5
60	5
\.


--
-- Name: ach_pkey; Type: CONSTRAINT; Schema: public; Owner: jbilling; Tablespace: 
--

ALTER TABLE ONLY ach
    ADD CONSTRAINT ach_pkey PRIMARY KEY (id);


--
-- Name: ageing_entity_step_pkey; Type: CONSTRAINT; Schema: public; Owner: jbilling; Tablespace: 
--

ALTER TABLE ONLY ageing_entity_step
    ADD CONSTRAINT ageing_entity_step_pkey PRIMARY KEY (id);


--
-- Name: base_user_pkey; Type: CONSTRAINT; Schema: public; Owner: jbilling; Tablespace: 
--

ALTER TABLE ONLY base_user
    ADD CONSTRAINT base_user_pkey PRIMARY KEY (id);


--
-- Name: billing_process_configuration_pkey; Type: CONSTRAINT; Schema: public; Owner: jbilling; Tablespace: 
--

ALTER TABLE ONLY billing_process_configuration
    ADD CONSTRAINT billing_process_configuration_pkey PRIMARY KEY (id);


--
-- Name: billing_process_pkey; Type: CONSTRAINT; Schema: public; Owner: jbilling; Tablespace: 
--

ALTER TABLE ONLY billing_process
    ADD CONSTRAINT billing_process_pkey PRIMARY KEY (id);


--
-- Name: blacklist_pkey; Type: CONSTRAINT; Schema: public; Owner: jbilling; Tablespace: 
--

ALTER TABLE ONLY blacklist
    ADD CONSTRAINT blacklist_pkey PRIMARY KEY (id);


--
-- Name: breadcrumb_pkey; Type: CONSTRAINT; Schema: public; Owner: jbilling; Tablespace: 
--

ALTER TABLE ONLY breadcrumb
    ADD CONSTRAINT breadcrumb_pkey PRIMARY KEY (id);


--
-- Name: contact_field_pkey; Type: CONSTRAINT; Schema: public; Owner: jbilling; Tablespace: 
--

ALTER TABLE ONLY contact_field
    ADD CONSTRAINT contact_field_pkey PRIMARY KEY (id);


--
-- Name: contact_field_type_pkey; Type: CONSTRAINT; Schema: public; Owner: jbilling; Tablespace: 
--

ALTER TABLE ONLY contact_field_type
    ADD CONSTRAINT contact_field_type_pkey PRIMARY KEY (id);


--
-- Name: contact_map_pkey; Type: CONSTRAINT; Schema: public; Owner: jbilling; Tablespace: 
--

ALTER TABLE ONLY contact_map
    ADD CONSTRAINT contact_map_pkey PRIMARY KEY (id);


--
-- Name: contact_pkey; Type: CONSTRAINT; Schema: public; Owner: jbilling; Tablespace: 
--

ALTER TABLE ONLY contact
    ADD CONSTRAINT contact_pkey PRIMARY KEY (id);


--
-- Name: contact_type_pkey; Type: CONSTRAINT; Schema: public; Owner: jbilling; Tablespace: 
--

ALTER TABLE ONLY contact_type
    ADD CONSTRAINT contact_type_pkey PRIMARY KEY (id);


--
-- Name: country_pkey; Type: CONSTRAINT; Schema: public; Owner: jbilling; Tablespace: 
--

ALTER TABLE ONLY country
    ADD CONSTRAINT country_pkey PRIMARY KEY (id);


--
-- Name: credit_card_pkey; Type: CONSTRAINT; Schema: public; Owner: jbilling; Tablespace: 
--

ALTER TABLE ONLY credit_card
    ADD CONSTRAINT credit_card_pkey PRIMARY KEY (id);


--
-- Name: currency_exchange_pkey; Type: CONSTRAINT; Schema: public; Owner: jbilling; Tablespace: 
--

ALTER TABLE ONLY currency_exchange
    ADD CONSTRAINT currency_exchange_pkey PRIMARY KEY (id);


--
-- Name: currency_pkey; Type: CONSTRAINT; Schema: public; Owner: jbilling; Tablespace: 
--

ALTER TABLE ONLY currency
    ADD CONSTRAINT currency_pkey PRIMARY KEY (id);


--
-- Name: customer_pkey; Type: CONSTRAINT; Schema: public; Owner: jbilling; Tablespace: 
--

ALTER TABLE ONLY customer
    ADD CONSTRAINT customer_pkey PRIMARY KEY (id);


--
-- Name: entity_pkey; Type: CONSTRAINT; Schema: public; Owner: jbilling; Tablespace: 
--

ALTER TABLE ONLY entity
    ADD CONSTRAINT entity_pkey PRIMARY KEY (id);


--
-- Name: entity_report_map_pkey; Type: CONSTRAINT; Schema: public; Owner: jbilling; Tablespace: 
--

ALTER TABLE ONLY entity_report_map
    ADD CONSTRAINT entity_report_map_pkey PRIMARY KEY (report_id, entity_id);


--
-- Name: event_log_message_pkey; Type: CONSTRAINT; Schema: public; Owner: jbilling; Tablespace: 
--

ALTER TABLE ONLY event_log_message
    ADD CONSTRAINT event_log_message_pkey PRIMARY KEY (id);


--
-- Name: event_log_module_pkey; Type: CONSTRAINT; Schema: public; Owner: jbilling; Tablespace: 
--

ALTER TABLE ONLY event_log_module
    ADD CONSTRAINT event_log_module_pkey PRIMARY KEY (id);


--
-- Name: event_log_pkey; Type: CONSTRAINT; Schema: public; Owner: jbilling; Tablespace: 
--

ALTER TABLE ONLY event_log
    ADD CONSTRAINT event_log_pkey PRIMARY KEY (id);


--
-- Name: filter_pkey; Type: CONSTRAINT; Schema: public; Owner: jbilling; Tablespace: 
--

ALTER TABLE ONLY filter
    ADD CONSTRAINT filter_pkey PRIMARY KEY (id);


--
-- Name: filter_set_pkey; Type: CONSTRAINT; Schema: public; Owner: jbilling; Tablespace: 
--

ALTER TABLE ONLY filter_set
    ADD CONSTRAINT filter_set_pkey PRIMARY KEY (id);


--
-- Name: generic_status_pkey; Type: CONSTRAINT; Schema: public; Owner: jbilling; Tablespace: 
--

ALTER TABLE ONLY generic_status
    ADD CONSTRAINT generic_status_pkey PRIMARY KEY (id);


--
-- Name: generic_status_type_pkey; Type: CONSTRAINT; Schema: public; Owner: jbilling; Tablespace: 
--

ALTER TABLE ONLY generic_status_type
    ADD CONSTRAINT generic_status_type_pkey PRIMARY KEY (id);


--
-- Name: international_description_pkey; Type: CONSTRAINT; Schema: public; Owner: jbilling; Tablespace: 
--

ALTER TABLE ONLY international_description
    ADD CONSTRAINT international_description_pkey PRIMARY KEY (table_id, foreign_id, psudo_column, language_id);


--
-- Name: invoice_delivery_method_pkey; Type: CONSTRAINT; Schema: public; Owner: jbilling; Tablespace: 
--

ALTER TABLE ONLY invoice_delivery_method
    ADD CONSTRAINT invoice_delivery_method_pkey PRIMARY KEY (id);


--
-- Name: invoice_line_pkey; Type: CONSTRAINT; Schema: public; Owner: jbilling; Tablespace: 
--

ALTER TABLE ONLY invoice_line
    ADD CONSTRAINT invoice_line_pkey PRIMARY KEY (id);


--
-- Name: invoice_line_type_pkey; Type: CONSTRAINT; Schema: public; Owner: jbilling; Tablespace: 
--

ALTER TABLE ONLY invoice_line_type
    ADD CONSTRAINT invoice_line_type_pkey PRIMARY KEY (id);


--
-- Name: invoice_pkey; Type: CONSTRAINT; Schema: public; Owner: jbilling; Tablespace: 
--

ALTER TABLE ONLY invoice
    ADD CONSTRAINT invoice_pkey PRIMARY KEY (id);


--
-- Name: item_period_pkey; Type: CONSTRAINT; Schema: public; Owner: postgres; Tablespace: 
--

ALTER TABLE ONLY item_period
    ADD CONSTRAINT item_period_pkey PRIMARY KEY (item_id);


--
-- Name: item_pkey; Type: CONSTRAINT; Schema: public; Owner: jbilling; Tablespace: 
--

ALTER TABLE ONLY item
    ADD CONSTRAINT item_pkey PRIMARY KEY (id);


--
-- Name: item_price_pkey; Type: CONSTRAINT; Schema: public; Owner: jbilling; Tablespace: 
--

ALTER TABLE ONLY item_price
    ADD CONSTRAINT item_price_pkey PRIMARY KEY (id);


--
-- Name: item_type_pkey; Type: CONSTRAINT; Schema: public; Owner: jbilling; Tablespace: 
--

ALTER TABLE ONLY item_type
    ADD CONSTRAINT item_type_pkey PRIMARY KEY (id);


--
-- Name: item_user; Type: CONSTRAINT; Schema: public; Owner: jbilling; Tablespace: 
--

ALTER TABLE ONLY item_users
    ADD CONSTRAINT item_user PRIMARY KEY (item_id, user_id);


--
-- Name: item_user_dependency; Type: CONSTRAINT; Schema: public; Owner: jbilling; Tablespace: 
--

ALTER TABLE ONLY item_dependency
    ADD CONSTRAINT item_user_dependency PRIMARY KEY (item_id, child_item_id);


--
-- Name: jbilling_table_pkey; Type: CONSTRAINT; Schema: public; Owner: jbilling; Tablespace: 
--

ALTER TABLE ONLY jbilling_table
    ADD CONSTRAINT jbilling_table_pkey PRIMARY KEY (id);


--
-- Name: language_pkey; Type: CONSTRAINT; Schema: public; Owner: jbilling; Tablespace: 
--

ALTER TABLE ONLY language
    ADD CONSTRAINT language_pkey PRIMARY KEY (id);


--
-- Name: mediation_cfg_pkey; Type: CONSTRAINT; Schema: public; Owner: jbilling; Tablespace: 
--

ALTER TABLE ONLY mediation_cfg
    ADD CONSTRAINT mediation_cfg_pkey PRIMARY KEY (id);


--
-- Name: mediation_process_pkey; Type: CONSTRAINT; Schema: public; Owner: jbilling; Tablespace: 
--

ALTER TABLE ONLY mediation_process
    ADD CONSTRAINT mediation_process_pkey PRIMARY KEY (id);


--
-- Name: mediation_record_line_pkey; Type: CONSTRAINT; Schema: public; Owner: jbilling; Tablespace: 
--

ALTER TABLE ONLY mediation_record_line
    ADD CONSTRAINT mediation_record_line_pkey PRIMARY KEY (id);


--
-- Name: mediation_record_pkey; Type: CONSTRAINT; Schema: public; Owner: jbilling; Tablespace: 
--

ALTER TABLE ONLY mediation_record
    ADD CONSTRAINT mediation_record_pkey PRIMARY KEY (id);


--
-- Name: notification_category_pkey; Type: CONSTRAINT; Schema: public; Owner: jbilling; Tablespace: 
--

ALTER TABLE ONLY notification_category
    ADD CONSTRAINT notification_category_pkey PRIMARY KEY (id);


--
-- Name: notification_message_arch_line_pkey; Type: CONSTRAINT; Schema: public; Owner: jbilling; Tablespace: 
--

ALTER TABLE ONLY notification_message_arch_line
    ADD CONSTRAINT notification_message_arch_line_pkey PRIMARY KEY (id);


--
-- Name: notification_message_arch_pkey; Type: CONSTRAINT; Schema: public; Owner: jbilling; Tablespace: 
--

ALTER TABLE ONLY notification_message_arch
    ADD CONSTRAINT notification_message_arch_pkey PRIMARY KEY (id);


--
-- Name: notification_message_line_pkey; Type: CONSTRAINT; Schema: public; Owner: jbilling; Tablespace: 
--

ALTER TABLE ONLY notification_message_line
    ADD CONSTRAINT notification_message_line_pkey PRIMARY KEY (id);


--
-- Name: notification_message_pkey; Type: CONSTRAINT; Schema: public; Owner: jbilling; Tablespace: 
--

ALTER TABLE ONLY notification_message
    ADD CONSTRAINT notification_message_pkey PRIMARY KEY (id);


--
-- Name: notification_message_section_pkey; Type: CONSTRAINT; Schema: public; Owner: jbilling; Tablespace: 
--

ALTER TABLE ONLY notification_message_section
    ADD CONSTRAINT notification_message_section_pkey PRIMARY KEY (id);


--
-- Name: notification_message_type_pkey; Type: CONSTRAINT; Schema: public; Owner: jbilling; Tablespace: 
--

ALTER TABLE ONLY notification_message_type
    ADD CONSTRAINT notification_message_type_pkey PRIMARY KEY (id);


--
-- Name: order_billing_type_pkey; Type: CONSTRAINT; Schema: public; Owner: jbilling; Tablespace: 
--

ALTER TABLE ONLY order_billing_type
    ADD CONSTRAINT order_billing_type_pkey PRIMARY KEY (id);


--
-- Name: order_line_pkey; Type: CONSTRAINT; Schema: public; Owner: jbilling; Tablespace: 
--

ALTER TABLE ONLY order_line
    ADD CONSTRAINT order_line_pkey PRIMARY KEY (id);


--
-- Name: order_line_type_pkey; Type: CONSTRAINT; Schema: public; Owner: jbilling; Tablespace: 
--

ALTER TABLE ONLY order_line_type
    ADD CONSTRAINT order_line_type_pkey PRIMARY KEY (id);


--
-- Name: order_period_pkey; Type: CONSTRAINT; Schema: public; Owner: jbilling; Tablespace: 
--

ALTER TABLE ONLY order_period
    ADD CONSTRAINT order_period_pkey PRIMARY KEY (id);


--
-- Name: order_process_pkey; Type: CONSTRAINT; Schema: public; Owner: jbilling; Tablespace: 
--

ALTER TABLE ONLY order_process
    ADD CONSTRAINT order_process_pkey PRIMARY KEY (id);


--
-- Name: paper_invoice_batch_pkey; Type: CONSTRAINT; Schema: public; Owner: jbilling; Tablespace: 
--

ALTER TABLE ONLY paper_invoice_batch
    ADD CONSTRAINT paper_invoice_batch_pkey PRIMARY KEY (id);


--
-- Name: partner_payout_pkey; Type: CONSTRAINT; Schema: public; Owner: jbilling; Tablespace: 
--

ALTER TABLE ONLY partner_payout
    ADD CONSTRAINT partner_payout_pkey PRIMARY KEY (id);


--
-- Name: partner_pkey; Type: CONSTRAINT; Schema: public; Owner: jbilling; Tablespace: 
--

ALTER TABLE ONLY partner
    ADD CONSTRAINT partner_pkey PRIMARY KEY (id);


--
-- Name: partner_range_pkey; Type: CONSTRAINT; Schema: public; Owner: jbilling; Tablespace: 
--

ALTER TABLE ONLY partner_range
    ADD CONSTRAINT partner_range_pkey PRIMARY KEY (id);


--
-- Name: payment_authorization_pkey; Type: CONSTRAINT; Schema: public; Owner: jbilling; Tablespace: 
--

ALTER TABLE ONLY payment_authorization
    ADD CONSTRAINT payment_authorization_pkey PRIMARY KEY (id);


--
-- Name: payment_info_cheque_pkey; Type: CONSTRAINT; Schema: public; Owner: jbilling; Tablespace: 
--

ALTER TABLE ONLY payment_info_cheque
    ADD CONSTRAINT payment_info_cheque_pkey PRIMARY KEY (id);


--
-- Name: payment_invoice_pkey; Type: CONSTRAINT; Schema: public; Owner: jbilling; Tablespace: 
--

ALTER TABLE ONLY payment_invoice
    ADD CONSTRAINT payment_invoice_pkey PRIMARY KEY (id);


--
-- Name: payment_method_pkey; Type: CONSTRAINT; Schema: public; Owner: jbilling; Tablespace: 
--

ALTER TABLE ONLY payment_method
    ADD CONSTRAINT payment_method_pkey PRIMARY KEY (id);


--
-- Name: payment_pkey; Type: CONSTRAINT; Schema: public; Owner: jbilling; Tablespace: 
--

ALTER TABLE ONLY payment
    ADD CONSTRAINT payment_pkey PRIMARY KEY (id);


--
-- Name: payment_result_pkey; Type: CONSTRAINT; Schema: public; Owner: jbilling; Tablespace: 
--

ALTER TABLE ONLY payment_result
    ADD CONSTRAINT payment_result_pkey PRIMARY KEY (id);


--
-- Name: period_unit_pkey; Type: CONSTRAINT; Schema: public; Owner: jbilling; Tablespace: 
--

ALTER TABLE ONLY period_unit
    ADD CONSTRAINT period_unit_pkey PRIMARY KEY (id);


--
-- Name: permission_pkey; Type: CONSTRAINT; Schema: public; Owner: jbilling; Tablespace: 
--

ALTER TABLE ONLY permission
    ADD CONSTRAINT permission_pkey PRIMARY KEY (id);


--
-- Name: permission_type_pkey; Type: CONSTRAINT; Schema: public; Owner: jbilling; Tablespace: 
--

ALTER TABLE ONLY permission_type
    ADD CONSTRAINT permission_type_pkey PRIMARY KEY (id);


--
-- Name: permission_user_pkey; Type: CONSTRAINT; Schema: public; Owner: jbilling; Tablespace: 
--

ALTER TABLE ONLY permission_user
    ADD CONSTRAINT permission_user_pkey PRIMARY KEY (id);


--
-- Name: pluggable_task_parameter_pkey; Type: CONSTRAINT; Schema: public; Owner: jbilling; Tablespace: 
--

ALTER TABLE ONLY pluggable_task_parameter
    ADD CONSTRAINT pluggable_task_parameter_pkey PRIMARY KEY (id);


--
-- Name: pluggable_task_pkey; Type: CONSTRAINT; Schema: public; Owner: jbilling; Tablespace: 
--

ALTER TABLE ONLY pluggable_task
    ADD CONSTRAINT pluggable_task_pkey PRIMARY KEY (id);


--
-- Name: pluggable_task_type_category_pkey; Type: CONSTRAINT; Schema: public; Owner: jbilling; Tablespace: 
--

ALTER TABLE ONLY pluggable_task_type_category
    ADD CONSTRAINT pluggable_task_type_category_pkey PRIMARY KEY (id);


--
-- Name: pluggable_task_type_pkey; Type: CONSTRAINT; Schema: public; Owner: jbilling; Tablespace: 
--

ALTER TABLE ONLY pluggable_task_type
    ADD CONSTRAINT pluggable_task_type_pkey PRIMARY KEY (id);


--
-- Name: preference_pkey; Type: CONSTRAINT; Schema: public; Owner: jbilling; Tablespace: 
--

ALTER TABLE ONLY preference
    ADD CONSTRAINT preference_pkey PRIMARY KEY (id);


--
-- Name: preference_type_pkey; Type: CONSTRAINT; Schema: public; Owner: jbilling; Tablespace: 
--

ALTER TABLE ONLY preference_type
    ADD CONSTRAINT preference_type_pkey PRIMARY KEY (id);


--
-- Name: process_run_pkey; Type: CONSTRAINT; Schema: public; Owner: jbilling; Tablespace: 
--

ALTER TABLE ONLY process_run
    ADD CONSTRAINT process_run_pkey PRIMARY KEY (id);


--
-- Name: process_run_total_pkey; Type: CONSTRAINT; Schema: public; Owner: jbilling; Tablespace: 
--

ALTER TABLE ONLY process_run_total
    ADD CONSTRAINT process_run_total_pkey PRIMARY KEY (id);


--
-- Name: process_run_total_pm_pkey; Type: CONSTRAINT; Schema: public; Owner: jbilling; Tablespace: 
--

ALTER TABLE ONLY process_run_total_pm
    ADD CONSTRAINT process_run_total_pm_pkey PRIMARY KEY (id);


--
-- Name: process_run_user_pkey; Type: CONSTRAINT; Schema: public; Owner: jbilling; Tablespace: 
--

ALTER TABLE ONLY process_run_user
    ADD CONSTRAINT process_run_user_pkey PRIMARY KEY (id);


--
-- Name: promotion_pkey; Type: CONSTRAINT; Schema: public; Owner: jbilling; Tablespace: 
--

ALTER TABLE ONLY promotion
    ADD CONSTRAINT promotion_pkey PRIMARY KEY (id);


--
-- Name: purchase_order_master_pkey; Type: CONSTRAINT; Schema: public; Owner: jbilling; Tablespace: 
--

ALTER TABLE ONLY purchase_order_master
    ADD CONSTRAINT purchase_order_master_pkey PRIMARY KEY (order_id);


--
-- Name: purchase_order_pkey; Type: CONSTRAINT; Schema: public; Owner: jbilling; Tablespace: 
--

ALTER TABLE ONLY purchase_order
    ADD CONSTRAINT purchase_order_pkey PRIMARY KEY (id);


--
-- Name: recent_item_pkey; Type: CONSTRAINT; Schema: public; Owner: jbilling; Tablespace: 
--

ALTER TABLE ONLY recent_item
    ADD CONSTRAINT recent_item_pkey PRIMARY KEY (id);


--
-- Name: report_parameter_pkey; Type: CONSTRAINT; Schema: public; Owner: jbilling; Tablespace: 
--

ALTER TABLE ONLY report_parameter
    ADD CONSTRAINT report_parameter_pkey PRIMARY KEY (id);


--
-- Name: report_pkey; Type: CONSTRAINT; Schema: public; Owner: jbilling; Tablespace: 
--

ALTER TABLE ONLY report
    ADD CONSTRAINT report_pkey PRIMARY KEY (id);


--
-- Name: report_type_pkey; Type: CONSTRAINT; Schema: public; Owner: jbilling; Tablespace: 
--

ALTER TABLE ONLY report_type
    ADD CONSTRAINT report_type_pkey PRIMARY KEY (id);


--
-- Name: role_pkey; Type: CONSTRAINT; Schema: public; Owner: jbilling; Tablespace: 
--

ALTER TABLE ONLY role
    ADD CONSTRAINT role_pkey PRIMARY KEY (id);


--
-- Name: shortcut_pkey; Type: CONSTRAINT; Schema: public; Owner: jbilling; Tablespace: 
--

ALTER TABLE ONLY shortcut
    ADD CONSTRAINT shortcut_pkey PRIMARY KEY (id);


--
-- Name: unique_username; Type: CONSTRAINT; Schema: public; Owner: jbilling; Tablespace: 
--

ALTER TABLE ONLY base_user
    ADD CONSTRAINT unique_username UNIQUE (entity_id, user_name, status_id);


--
-- Name: ach_i_2; Type: INDEX; Schema: public; Owner: jbilling; Tablespace: 
--

CREATE INDEX ach_i_2 ON ach USING btree (user_id);


--
-- Name: bp_pm_index_total; Type: INDEX; Schema: public; Owner: jbilling; Tablespace: 
--

CREATE INDEX bp_pm_index_total ON process_run_total_pm USING btree (process_run_total_id);


--
-- Name: bp_run_process_ix; Type: INDEX; Schema: public; Owner: jbilling; Tablespace: 
--

CREATE INDEX bp_run_process_ix ON process_run USING btree (process_id);


--
-- Name: bp_run_total_run_ix; Type: INDEX; Schema: public; Owner: jbilling; Tablespace: 
--

CREATE INDEX bp_run_total_run_ix ON process_run_total USING btree (process_run_id);


--
-- Name: bp_run_user_run_ix; Type: INDEX; Schema: public; Owner: jbilling; Tablespace: 
--

CREATE INDEX bp_run_user_run_ix ON process_run_user USING btree (process_run_id, user_id);


--
-- Name: contact_i_del; Type: INDEX; Schema: public; Owner: jbilling; Tablespace: 
--

CREATE INDEX contact_i_del ON contact USING btree (deleted);


--
-- Name: contact_map_i_1; Type: INDEX; Schema: public; Owner: jbilling; Tablespace: 
--

CREATE INDEX contact_map_i_1 ON contact_map USING btree (table_id, foreign_id, type_id);


--
-- Name: contact_map_i_3; Type: INDEX; Schema: public; Owner: jbilling; Tablespace: 
--

CREATE INDEX contact_map_i_3 ON contact_map USING btree (contact_id);


--
-- Name: create_datetime; Type: INDEX; Schema: public; Owner: jbilling; Tablespace: 
--

CREATE INDEX create_datetime ON payment_authorization USING btree (create_datetime);


--
-- Name: currency_entity_map_i_2; Type: INDEX; Schema: public; Owner: jbilling; Tablespace: 
--

CREATE INDEX currency_entity_map_i_2 ON currency_entity_map USING btree (currency_id, entity_id);


--
-- Name: customer_i_2; Type: INDEX; Schema: public; Owner: jbilling; Tablespace: 
--

CREATE INDEX customer_i_2 ON customer USING btree (user_id);


--
-- Name: int_description_i_lan; Type: INDEX; Schema: public; Owner: jbilling; Tablespace: 
--

CREATE INDEX int_description_i_lan ON international_description USING btree (language_id);


--
-- Name: international_description_i_2; Type: INDEX; Schema: public; Owner: jbilling; Tablespace: 
--

CREATE INDEX international_description_i_2 ON international_description USING btree (table_id, foreign_id, language_id);


--
-- Name: ix_base_user_un; Type: INDEX; Schema: public; Owner: jbilling; Tablespace: 
--

CREATE INDEX ix_base_user_un ON base_user USING btree (entity_id, user_name);


--
-- Name: ix_blacklist_entity_type; Type: INDEX; Schema: public; Owner: jbilling; Tablespace: 
--

CREATE INDEX ix_blacklist_entity_type ON blacklist USING btree (entity_id, type);


--
-- Name: ix_blacklist_user_type; Type: INDEX; Schema: public; Owner: jbilling; Tablespace: 
--

CREATE INDEX ix_blacklist_user_type ON blacklist USING btree (user_id, type);


--
-- Name: ix_cc_number; Type: INDEX; Schema: public; Owner: jbilling; Tablespace: 
--

CREATE INDEX ix_cc_number ON credit_card USING btree (cc_number_plain);


--
-- Name: ix_cc_number_encrypted; Type: INDEX; Schema: public; Owner: jbilling; Tablespace: 
--

CREATE INDEX ix_cc_number_encrypted ON credit_card USING btree (cc_number);


--
-- Name: ix_cf_type_entity; Type: INDEX; Schema: public; Owner: jbilling; Tablespace: 
--

CREATE INDEX ix_cf_type_entity ON contact_field_type USING btree (entity_id);


--
-- Name: ix_contact_address; Type: INDEX; Schema: public; Owner: jbilling; Tablespace: 
--

CREATE INDEX ix_contact_address ON contact USING btree (street_addres1, city, postal_code, street_addres2, state_province, country_code);


--
-- Name: ix_contact_field_cid; Type: INDEX; Schema: public; Owner: jbilling; Tablespace: 
--

CREATE INDEX ix_contact_field_cid ON contact_field USING btree (contact_id);


--
-- Name: ix_contact_field_content; Type: INDEX; Schema: public; Owner: jbilling; Tablespace: 
--

CREATE INDEX ix_contact_field_content ON contact_field USING btree (content);


--
-- Name: ix_contact_fname; Type: INDEX; Schema: public; Owner: jbilling; Tablespace: 
--

CREATE INDEX ix_contact_fname ON contact USING btree (first_name);


--
-- Name: ix_contact_fname_lname; Type: INDEX; Schema: public; Owner: jbilling; Tablespace: 
--

CREATE INDEX ix_contact_fname_lname ON contact USING btree (first_name, last_name);


--
-- Name: ix_contact_lname; Type: INDEX; Schema: public; Owner: jbilling; Tablespace: 
--

CREATE INDEX ix_contact_lname ON contact USING btree (last_name);


--
-- Name: ix_contact_orgname; Type: INDEX; Schema: public; Owner: jbilling; Tablespace: 
--

CREATE INDEX ix_contact_orgname ON contact USING btree (organization_name);


--
-- Name: ix_contact_phone; Type: INDEX; Schema: public; Owner: jbilling; Tablespace: 
--

CREATE INDEX ix_contact_phone ON contact USING btree (phone_phone_number, phone_area_code, phone_country_code);


--
-- Name: ix_el_main; Type: INDEX; Schema: public; Owner: jbilling; Tablespace: 
--

CREATE INDEX ix_el_main ON event_log USING btree (module_id, message_id, create_datetime);


--
-- Name: ix_invoice_date; Type: INDEX; Schema: public; Owner: jbilling; Tablespace: 
--

CREATE INDEX ix_invoice_date ON invoice USING btree (create_datetime);


--
-- Name: ix_invoice_due_date; Type: INDEX; Schema: public; Owner: jbilling; Tablespace: 
--

CREATE INDEX ix_invoice_due_date ON invoice USING btree (user_id, due_date);


--
-- Name: ix_invoice_line_invoice_id; Type: INDEX; Schema: public; Owner: jbilling; Tablespace: 
--

CREATE INDEX ix_invoice_line_invoice_id ON invoice_line USING btree (invoice_id);


--
-- Name: ix_invoice_number; Type: INDEX; Schema: public; Owner: jbilling; Tablespace: 
--

CREATE INDEX ix_invoice_number ON invoice USING btree (user_id, public_number);


--
-- Name: ix_invoice_process; Type: INDEX; Schema: public; Owner: jbilling; Tablespace: 
--

CREATE INDEX ix_invoice_process ON invoice USING btree (billing_process_id);


--
-- Name: ix_invoice_ts; Type: INDEX; Schema: public; Owner: jbilling; Tablespace: 
--

CREATE INDEX ix_invoice_ts ON invoice USING btree (create_timestamp, user_id);


--
-- Name: ix_invoice_user_id; Type: INDEX; Schema: public; Owner: jbilling; Tablespace: 
--

CREATE INDEX ix_invoice_user_id ON invoice USING btree (user_id, deleted);


--
-- Name: ix_item_ent; Type: INDEX; Schema: public; Owner: jbilling; Tablespace: 
--

CREATE INDEX ix_item_ent ON item USING btree (entity_id, internal_number);


--
-- Name: ix_mrl_order_line; Type: INDEX; Schema: public; Owner: jbilling; Tablespace: 
--

CREATE INDEX ix_mrl_order_line ON mediation_record_line USING btree (order_line_id);


--
-- Name: ix_order_line_item_id; Type: INDEX; Schema: public; Owner: jbilling; Tablespace: 
--

CREATE INDEX ix_order_line_item_id ON order_line USING btree (item_id);


--
-- Name: ix_order_line_order_id; Type: INDEX; Schema: public; Owner: jbilling; Tablespace: 
--

CREATE INDEX ix_order_line_order_id ON order_line USING btree (order_id);


--
-- Name: ix_order_process_in; Type: INDEX; Schema: public; Owner: jbilling; Tablespace: 
--

CREATE INDEX ix_order_process_in ON order_process USING btree (invoice_id);


--
-- Name: ix_pa_payment; Type: INDEX; Schema: public; Owner: jbilling; Tablespace: 
--

CREATE INDEX ix_pa_payment ON payment_authorization USING btree (payment_id);


--
-- Name: ix_promotion_code; Type: INDEX; Schema: public; Owner: jbilling; Tablespace: 
--

CREATE INDEX ix_promotion_code ON promotion USING btree (code);


--
-- Name: ix_purchase_order_date; Type: INDEX; Schema: public; Owner: jbilling; Tablespace: 
--

CREATE INDEX ix_purchase_order_date ON purchase_order USING btree (user_id, create_datetime);


--
-- Name: ix_uq_order_process_or_bp; Type: INDEX; Schema: public; Owner: jbilling; Tablespace: 
--

CREATE INDEX ix_uq_order_process_or_bp ON order_process USING btree (order_id, billing_process_id);


--
-- Name: ix_uq_order_process_or_in; Type: INDEX; Schema: public; Owner: jbilling; Tablespace: 
--

CREATE INDEX ix_uq_order_process_or_in ON order_process USING btree (order_id, invoice_id);


--
-- Name: ix_uq_payment_inv_map_pa_in; Type: INDEX; Schema: public; Owner: jbilling; Tablespace: 
--

CREATE INDEX ix_uq_payment_inv_map_pa_in ON payment_invoice USING btree (payment_id, invoice_id);


--
-- Name: ix_user; Type: INDEX; Schema: public; Owner: jbilling; Tablespace: 
--

CREATE INDEX ix_user ON contact USING btree (user_id);


--
-- Name: mediation_record_i; Type: INDEX; Schema: public; Owner: jbilling; Tablespace: 
--

CREATE INDEX mediation_record_i ON mediation_record USING btree (id, status_id);


--
-- Name: partner_i_3; Type: INDEX; Schema: public; Owner: jbilling; Tablespace: 
--

CREATE INDEX partner_i_3 ON partner USING btree (user_id);


--
-- Name: partner_payout_i_2; Type: INDEX; Schema: public; Owner: jbilling; Tablespace: 
--

CREATE INDEX partner_payout_i_2 ON partner_payout USING btree (partner_id);


--
-- Name: partner_range_p; Type: INDEX; Schema: public; Owner: jbilling; Tablespace: 
--

CREATE INDEX partner_range_p ON partner_range USING btree (partner_id);


--
-- Name: payment_i_2; Type: INDEX; Schema: public; Owner: jbilling; Tablespace: 
--

CREATE INDEX payment_i_2 ON payment USING btree (user_id, create_datetime);


--
-- Name: payment_i_3; Type: INDEX; Schema: public; Owner: jbilling; Tablespace: 
--

CREATE INDEX payment_i_3 ON payment USING btree (user_id, balance);


--
-- Name: permission_role_map_i_2; Type: INDEX; Schema: public; Owner: jbilling; Tablespace: 
--

CREATE INDEX permission_role_map_i_2 ON permission_role_map USING btree (permission_id, role_id);


--
-- Name: permission_user_map_i_2; Type: INDEX; Schema: public; Owner: jbilling; Tablespace: 
--

CREATE INDEX permission_user_map_i_2 ON permission_user USING btree (permission_id, user_id);


--
-- Name: purchase_order_i_notif; Type: INDEX; Schema: public; Owner: jbilling; Tablespace: 
--

CREATE INDEX purchase_order_i_notif ON purchase_order USING btree (active_until, notification_step);


--
-- Name: purchase_order_i_user; Type: INDEX; Schema: public; Owner: jbilling; Tablespace: 
--

CREATE INDEX purchase_order_i_user ON purchase_order USING btree (user_id, deleted);


--
-- Name: transaction_id; Type: INDEX; Schema: public; Owner: jbilling; Tablespace: 
--

CREATE INDEX transaction_id ON payment_authorization USING btree (transaction_id);


--
-- Name: user_credit_card_map_i_2; Type: INDEX; Schema: public; Owner: jbilling; Tablespace: 
--

CREATE INDEX user_credit_card_map_i_2 ON user_credit_card_map USING btree (user_id, credit_card_id);


--
-- Name: user_role_map_i_2; Type: INDEX; Schema: public; Owner: jbilling; Tablespace: 
--

CREATE INDEX user_role_map_i_2 ON user_role_map USING btree (user_id, role_id);


--
-- Name: user_role_map_i_role; Type: INDEX; Schema: public; Owner: jbilling; Tablespace: 
--

CREATE INDEX user_role_map_i_role ON user_role_map USING btree (role_id);


--
-- Name: ach_fk_1; Type: FK CONSTRAINT; Schema: public; Owner: jbilling
--

ALTER TABLE ONLY ach
    ADD CONSTRAINT ach_fk_1 FOREIGN KEY (user_id) REFERENCES base_user(id);


--
-- Name: ageing_entity_step_fk_1; Type: FK CONSTRAINT; Schema: public; Owner: jbilling
--

ALTER TABLE ONLY ageing_entity_step
    ADD CONSTRAINT ageing_entity_step_fk_1 FOREIGN KEY (status_id) REFERENCES generic_status(id);


--
-- Name: ageing_entity_step_fk_2; Type: FK CONSTRAINT; Schema: public; Owner: jbilling
--

ALTER TABLE ONLY ageing_entity_step
    ADD CONSTRAINT ageing_entity_step_fk_2 FOREIGN KEY (entity_id) REFERENCES entity(id);


--
-- Name: base_user_fk_1; Type: FK CONSTRAINT; Schema: public; Owner: jbilling
--

ALTER TABLE ONLY base_user
    ADD CONSTRAINT base_user_fk_1 FOREIGN KEY (status_id) REFERENCES generic_status(id);


--
-- Name: base_user_fk_2; Type: FK CONSTRAINT; Schema: public; Owner: jbilling
--

ALTER TABLE ONLY base_user
    ADD CONSTRAINT base_user_fk_2 FOREIGN KEY (subscriber_status) REFERENCES generic_status(id);


--
-- Name: base_user_fk_3; Type: FK CONSTRAINT; Schema: public; Owner: jbilling
--

ALTER TABLE ONLY base_user
    ADD CONSTRAINT base_user_fk_3 FOREIGN KEY (entity_id) REFERENCES entity(id);


--
-- Name: base_user_fk_4; Type: FK CONSTRAINT; Schema: public; Owner: jbilling
--

ALTER TABLE ONLY base_user
    ADD CONSTRAINT base_user_fk_4 FOREIGN KEY (language_id) REFERENCES language(id);


--
-- Name: base_user_fk_5; Type: FK CONSTRAINT; Schema: public; Owner: jbilling
--

ALTER TABLE ONLY base_user
    ADD CONSTRAINT base_user_fk_5 FOREIGN KEY (currency_id) REFERENCES currency(id);


--
-- Name: billing_process_configuration_fk_1; Type: FK CONSTRAINT; Schema: public; Owner: jbilling
--

ALTER TABLE ONLY billing_process_configuration
    ADD CONSTRAINT billing_process_configuration_fk_1 FOREIGN KEY (period_unit_id) REFERENCES period_unit(id);


--
-- Name: billing_process_configuration_fk_2; Type: FK CONSTRAINT; Schema: public; Owner: jbilling
--

ALTER TABLE ONLY billing_process_configuration
    ADD CONSTRAINT billing_process_configuration_fk_2 FOREIGN KEY (entity_id) REFERENCES entity(id);


--
-- Name: billing_process_fk_1; Type: FK CONSTRAINT; Schema: public; Owner: jbilling
--

ALTER TABLE ONLY billing_process
    ADD CONSTRAINT billing_process_fk_1 FOREIGN KEY (period_unit_id) REFERENCES period_unit(id);


--
-- Name: billing_process_fk_2; Type: FK CONSTRAINT; Schema: public; Owner: jbilling
--

ALTER TABLE ONLY billing_process
    ADD CONSTRAINT billing_process_fk_2 FOREIGN KEY (entity_id) REFERENCES entity(id);


--
-- Name: billing_process_fk_3; Type: FK CONSTRAINT; Schema: public; Owner: jbilling
--

ALTER TABLE ONLY billing_process
    ADD CONSTRAINT billing_process_fk_3 FOREIGN KEY (paper_invoice_batch_id) REFERENCES paper_invoice_batch(id);


--
-- Name: blacklist_fk_1; Type: FK CONSTRAINT; Schema: public; Owner: jbilling
--

ALTER TABLE ONLY blacklist
    ADD CONSTRAINT blacklist_fk_1 FOREIGN KEY (entity_id) REFERENCES entity(id);


--
-- Name: blacklist_fk_2; Type: FK CONSTRAINT; Schema: public; Owner: jbilling
--

ALTER TABLE ONLY blacklist
    ADD CONSTRAINT blacklist_fk_2 FOREIGN KEY (user_id) REFERENCES base_user(id);


--
-- Name: contact_field_fk_1; Type: FK CONSTRAINT; Schema: public; Owner: jbilling
--

ALTER TABLE ONLY contact_field
    ADD CONSTRAINT contact_field_fk_1 FOREIGN KEY (contact_id) REFERENCES contact(id);


--
-- Name: contact_field_fk_2; Type: FK CONSTRAINT; Schema: public; Owner: jbilling
--

ALTER TABLE ONLY contact_field
    ADD CONSTRAINT contact_field_fk_2 FOREIGN KEY (type_id) REFERENCES contact_field_type(id);


--
-- Name: contact_field_type_fk_1; Type: FK CONSTRAINT; Schema: public; Owner: jbilling
--

ALTER TABLE ONLY contact_field_type
    ADD CONSTRAINT contact_field_type_fk_1 FOREIGN KEY (entity_id) REFERENCES entity(id);


--
-- Name: contact_map_fk_1; Type: FK CONSTRAINT; Schema: public; Owner: jbilling
--

ALTER TABLE ONLY contact_map
    ADD CONSTRAINT contact_map_fk_1 FOREIGN KEY (table_id) REFERENCES jbilling_table(id);


--
-- Name: contact_map_fk_2; Type: FK CONSTRAINT; Schema: public; Owner: jbilling
--

ALTER TABLE ONLY contact_map
    ADD CONSTRAINT contact_map_fk_2 FOREIGN KEY (type_id) REFERENCES contact_type(id);


--
-- Name: contact_map_fk_3; Type: FK CONSTRAINT; Schema: public; Owner: jbilling
--

ALTER TABLE ONLY contact_map
    ADD CONSTRAINT contact_map_fk_3 FOREIGN KEY (contact_id) REFERENCES contact(id);


--
-- Name: contact_type_fk_1; Type: FK CONSTRAINT; Schema: public; Owner: jbilling
--

ALTER TABLE ONLY contact_type
    ADD CONSTRAINT contact_type_fk_1 FOREIGN KEY (entity_id) REFERENCES entity(id);


--
-- Name: currency_entity_map_fk_1; Type: FK CONSTRAINT; Schema: public; Owner: jbilling
--

ALTER TABLE ONLY currency_entity_map
    ADD CONSTRAINT currency_entity_map_fk_1 FOREIGN KEY (entity_id) REFERENCES entity(id);


--
-- Name: currency_entity_map_fk_2; Type: FK CONSTRAINT; Schema: public; Owner: jbilling
--

ALTER TABLE ONLY currency_entity_map
    ADD CONSTRAINT currency_entity_map_fk_2 FOREIGN KEY (currency_id) REFERENCES currency(id);


--
-- Name: currency_exchange_fk_1; Type: FK CONSTRAINT; Schema: public; Owner: jbilling
--

ALTER TABLE ONLY currency_exchange
    ADD CONSTRAINT currency_exchange_fk_1 FOREIGN KEY (currency_id) REFERENCES currency(id);


--
-- Name: customer_fk_1; Type: FK CONSTRAINT; Schema: public; Owner: jbilling
--

ALTER TABLE ONLY customer
    ADD CONSTRAINT customer_fk_1 FOREIGN KEY (invoice_delivery_method_id) REFERENCES invoice_delivery_method(id);


--
-- Name: customer_fk_2; Type: FK CONSTRAINT; Schema: public; Owner: jbilling
--

ALTER TABLE ONLY customer
    ADD CONSTRAINT customer_fk_2 FOREIGN KEY (partner_id) REFERENCES partner(id);


--
-- Name: customer_fk_3; Type: FK CONSTRAINT; Schema: public; Owner: jbilling
--

ALTER TABLE ONLY customer
    ADD CONSTRAINT customer_fk_3 FOREIGN KEY (user_id) REFERENCES base_user(id);


--
-- Name: entity_delivery_method_map_fk_1; Type: FK CONSTRAINT; Schema: public; Owner: jbilling
--

ALTER TABLE ONLY entity_delivery_method_map
    ADD CONSTRAINT entity_delivery_method_map_fk_1 FOREIGN KEY (entity_id) REFERENCES entity(id);


--
-- Name: entity_delivery_method_map_fk_2; Type: FK CONSTRAINT; Schema: public; Owner: jbilling
--

ALTER TABLE ONLY entity_delivery_method_map
    ADD CONSTRAINT entity_delivery_method_map_fk_2 FOREIGN KEY (method_id) REFERENCES invoice_delivery_method(id);


--
-- Name: entity_fk_1; Type: FK CONSTRAINT; Schema: public; Owner: jbilling
--

ALTER TABLE ONLY entity
    ADD CONSTRAINT entity_fk_1 FOREIGN KEY (currency_id) REFERENCES currency(id);


--
-- Name: entity_fk_2; Type: FK CONSTRAINT; Schema: public; Owner: jbilling
--

ALTER TABLE ONLY entity
    ADD CONSTRAINT entity_fk_2 FOREIGN KEY (language_id) REFERENCES language(id);


--
-- Name: entity_payment_method_map_fk_1; Type: FK CONSTRAINT; Schema: public; Owner: jbilling
--

ALTER TABLE ONLY entity_payment_method_map
    ADD CONSTRAINT entity_payment_method_map_fk_1 FOREIGN KEY (payment_method_id) REFERENCES payment_method(id);


--
-- Name: entity_payment_method_map_fk_2; Type: FK CONSTRAINT; Schema: public; Owner: jbilling
--

ALTER TABLE ONLY entity_payment_method_map
    ADD CONSTRAINT entity_payment_method_map_fk_2 FOREIGN KEY (entity_id) REFERENCES entity(id);


--
-- Name: entity_report_map_fk_1; Type: FK CONSTRAINT; Schema: public; Owner: jbilling
--

ALTER TABLE ONLY entity_report_map
    ADD CONSTRAINT entity_report_map_fk_1 FOREIGN KEY (report_id) REFERENCES report(id);


--
-- Name: entity_report_map_fk_2; Type: FK CONSTRAINT; Schema: public; Owner: jbilling
--

ALTER TABLE ONLY entity_report_map
    ADD CONSTRAINT entity_report_map_fk_2 FOREIGN KEY (entity_id) REFERENCES entity(id);


--
-- Name: event_log_fk_1; Type: FK CONSTRAINT; Schema: public; Owner: jbilling
--

ALTER TABLE ONLY event_log
    ADD CONSTRAINT event_log_fk_1 FOREIGN KEY (module_id) REFERENCES event_log_module(id);


--
-- Name: event_log_fk_2; Type: FK CONSTRAINT; Schema: public; Owner: jbilling
--

ALTER TABLE ONLY event_log
    ADD CONSTRAINT event_log_fk_2 FOREIGN KEY (entity_id) REFERENCES entity(id);


--
-- Name: event_log_fk_3; Type: FK CONSTRAINT; Schema: public; Owner: jbilling
--

ALTER TABLE ONLY event_log
    ADD CONSTRAINT event_log_fk_3 FOREIGN KEY (user_id) REFERENCES base_user(id);


--
-- Name: event_log_fk_4; Type: FK CONSTRAINT; Schema: public; Owner: jbilling
--

ALTER TABLE ONLY event_log
    ADD CONSTRAINT event_log_fk_4 FOREIGN KEY (affected_user_id) REFERENCES base_user(id);


--
-- Name: event_log_fk_5; Type: FK CONSTRAINT; Schema: public; Owner: jbilling
--

ALTER TABLE ONLY event_log
    ADD CONSTRAINT event_log_fk_5 FOREIGN KEY (table_id) REFERENCES jbilling_table(id);


--
-- Name: event_log_fk_6; Type: FK CONSTRAINT; Schema: public; Owner: jbilling
--

ALTER TABLE ONLY event_log
    ADD CONSTRAINT event_log_fk_6 FOREIGN KEY (message_id) REFERENCES event_log_message(id);


--
-- Name: filter_fk_1; Type: FK CONSTRAINT; Schema: public; Owner: jbilling
--

ALTER TABLE ONLY filter
    ADD CONSTRAINT filter_fk_1 FOREIGN KEY (filter_set_id) REFERENCES filter_set(id);


--
-- Name: generic_status_fk_1; Type: FK CONSTRAINT; Schema: public; Owner: jbilling
--

ALTER TABLE ONLY generic_status
    ADD CONSTRAINT generic_status_fk_1 FOREIGN KEY (dtype) REFERENCES generic_status_type(id);


--
-- Name: international_description_fk_2; Type: FK CONSTRAINT; Schema: public; Owner: jbilling
--

ALTER TABLE ONLY international_description
    ADD CONSTRAINT international_description_fk_2 FOREIGN KEY (table_id) REFERENCES jbilling_table(id);


--
-- Name: invoice_fk_1; Type: FK CONSTRAINT; Schema: public; Owner: jbilling
--

ALTER TABLE ONLY invoice
    ADD CONSTRAINT invoice_fk_1 FOREIGN KEY (billing_process_id) REFERENCES billing_process(id);


--
-- Name: invoice_fk_2; Type: FK CONSTRAINT; Schema: public; Owner: jbilling
--

ALTER TABLE ONLY invoice
    ADD CONSTRAINT invoice_fk_2 FOREIGN KEY (paper_invoice_batch_id) REFERENCES paper_invoice_batch(id);


--
-- Name: invoice_fk_3; Type: FK CONSTRAINT; Schema: public; Owner: jbilling
--

ALTER TABLE ONLY invoice
    ADD CONSTRAINT invoice_fk_3 FOREIGN KEY (currency_id) REFERENCES currency(id);


--
-- Name: invoice_fk_4; Type: FK CONSTRAINT; Schema: public; Owner: jbilling
--

ALTER TABLE ONLY invoice
    ADD CONSTRAINT invoice_fk_4 FOREIGN KEY (delegated_invoice_id) REFERENCES invoice(id);


--
-- Name: invoice_fk_5; Type: FK CONSTRAINT; Schema: public; Owner: jbilling
--

ALTER TABLE ONLY invoice
    ADD CONSTRAINT invoice_fk_5 FOREIGN KEY (status_id) REFERENCES generic_status(id);


--
-- Name: invoice_line_fk_1; Type: FK CONSTRAINT; Schema: public; Owner: jbilling
--

ALTER TABLE ONLY invoice_line
    ADD CONSTRAINT invoice_line_fk_1 FOREIGN KEY (invoice_id) REFERENCES invoice(id);


--
-- Name: invoice_line_fk_2; Type: FK CONSTRAINT; Schema: public; Owner: jbilling
--

ALTER TABLE ONLY invoice_line
    ADD CONSTRAINT invoice_line_fk_2 FOREIGN KEY (item_id) REFERENCES item(id);


--
-- Name: invoice_line_fk_3; Type: FK CONSTRAINT; Schema: public; Owner: jbilling
--

ALTER TABLE ONLY invoice_line
    ADD CONSTRAINT invoice_line_fk_3 FOREIGN KEY (type_id) REFERENCES invoice_line_type(id);


--
-- Name: item_dependency_child_item_id_fkey; Type: FK CONSTRAINT; Schema: public; Owner: jbilling
--

ALTER TABLE ONLY item_dependency
    ADD CONSTRAINT item_dependency_child_item_id_fkey FOREIGN KEY (child_item_id) REFERENCES item(id) ON DELETE CASCADE;


--
-- Name: item_dependency_item_id_fkey; Type: FK CONSTRAINT; Schema: public; Owner: jbilling
--

ALTER TABLE ONLY item_dependency
    ADD CONSTRAINT item_dependency_item_id_fkey FOREIGN KEY (item_id) REFERENCES item(id) ON DELETE CASCADE;


--
-- Name: item_fk_1; Type: FK CONSTRAINT; Schema: public; Owner: jbilling
--

ALTER TABLE ONLY item
    ADD CONSTRAINT item_fk_1 FOREIGN KEY (entity_id) REFERENCES entity(id);


--
-- Name: item_price_fk_1; Type: FK CONSTRAINT; Schema: public; Owner: jbilling
--

ALTER TABLE ONLY item_price
    ADD CONSTRAINT item_price_fk_1 FOREIGN KEY (currency_id) REFERENCES currency(id);


--
-- Name: item_price_fk_2; Type: FK CONSTRAINT; Schema: public; Owner: jbilling
--

ALTER TABLE ONLY item_price
    ADD CONSTRAINT item_price_fk_2 FOREIGN KEY (item_id) REFERENCES item(id);


--
-- Name: item_type_exclude_map_fk_1; Type: FK CONSTRAINT; Schema: public; Owner: jbilling
--

ALTER TABLE ONLY item_type_exclude_map
    ADD CONSTRAINT item_type_exclude_map_fk_1 FOREIGN KEY (item_id) REFERENCES item(id);


--
-- Name: item_type_exclude_map_fk_2; Type: FK CONSTRAINT; Schema: public; Owner: jbilling
--

ALTER TABLE ONLY item_type_exclude_map
    ADD CONSTRAINT item_type_exclude_map_fk_2 FOREIGN KEY (type_id) REFERENCES item_type(id);


--
-- Name: item_type_fk_1; Type: FK CONSTRAINT; Schema: public; Owner: jbilling
--

ALTER TABLE ONLY item_type
    ADD CONSTRAINT item_type_fk_1 FOREIGN KEY (entity_id) REFERENCES entity(id);


--
-- Name: item_type_map_fk_1; Type: FK CONSTRAINT; Schema: public; Owner: jbilling
--

ALTER TABLE ONLY item_type_map
    ADD CONSTRAINT item_type_map_fk_1 FOREIGN KEY (item_id) REFERENCES item(id);


--
-- Name: item_type_map_fk_2; Type: FK CONSTRAINT; Schema: public; Owner: jbilling
--

ALTER TABLE ONLY item_type_map
    ADD CONSTRAINT item_type_map_fk_2 FOREIGN KEY (type_id) REFERENCES item_type(id);


--
-- Name: item_users_item_id_fkey; Type: FK CONSTRAINT; Schema: public; Owner: jbilling
--

ALTER TABLE ONLY item_users
    ADD CONSTRAINT item_users_item_id_fkey FOREIGN KEY (item_id) REFERENCES item(id) ON DELETE CASCADE;


--
-- Name: item_users_user_id_fkey; Type: FK CONSTRAINT; Schema: public; Owner: jbilling
--

ALTER TABLE ONLY item_users
    ADD CONSTRAINT item_users_user_id_fkey FOREIGN KEY (user_id) REFERENCES base_user(id) ON DELETE CASCADE;


--
-- Name: mediation_cfg_fk_1; Type: FK CONSTRAINT; Schema: public; Owner: jbilling
--

ALTER TABLE ONLY mediation_cfg
    ADD CONSTRAINT mediation_cfg_fk_1 FOREIGN KEY (pluggable_task_id) REFERENCES pluggable_task(id);


--
-- Name: mediation_order_map_fk_1; Type: FK CONSTRAINT; Schema: public; Owner: jbilling
--

ALTER TABLE ONLY mediation_order_map
    ADD CONSTRAINT mediation_order_map_fk_1 FOREIGN KEY (mediation_process_id) REFERENCES mediation_process(id);


--
-- Name: mediation_order_map_fk_2; Type: FK CONSTRAINT; Schema: public; Owner: jbilling
--

ALTER TABLE ONLY mediation_order_map
    ADD CONSTRAINT mediation_order_map_fk_2 FOREIGN KEY (order_id) REFERENCES purchase_order(id);


--
-- Name: mediation_process_fk_1; Type: FK CONSTRAINT; Schema: public; Owner: jbilling
--

ALTER TABLE ONLY mediation_process
    ADD CONSTRAINT mediation_process_fk_1 FOREIGN KEY (configuration_id) REFERENCES mediation_cfg(id);


--
-- Name: mediation_record_fk_1; Type: FK CONSTRAINT; Schema: public; Owner: jbilling
--

ALTER TABLE ONLY mediation_record
    ADD CONSTRAINT mediation_record_fk_1 FOREIGN KEY (mediation_process_id) REFERENCES mediation_process(id);


--
-- Name: mediation_record_fk_2; Type: FK CONSTRAINT; Schema: public; Owner: jbilling
--

ALTER TABLE ONLY mediation_record
    ADD CONSTRAINT mediation_record_fk_2 FOREIGN KEY (status_id) REFERENCES generic_status(id);


--
-- Name: mediation_record_line_fk_1; Type: FK CONSTRAINT; Schema: public; Owner: jbilling
--

ALTER TABLE ONLY mediation_record_line
    ADD CONSTRAINT mediation_record_line_fk_1 FOREIGN KEY (mediation_record_id) REFERENCES mediation_record(id);


--
-- Name: mediation_record_line_fk_2; Type: FK CONSTRAINT; Schema: public; Owner: jbilling
--

ALTER TABLE ONLY mediation_record_line
    ADD CONSTRAINT mediation_record_line_fk_2 FOREIGN KEY (order_line_id) REFERENCES order_line(id);


--
-- Name: notif_mess_arch_line_fk_1; Type: FK CONSTRAINT; Schema: public; Owner: jbilling
--

ALTER TABLE ONLY notification_message_arch_line
    ADD CONSTRAINT notif_mess_arch_line_fk_1 FOREIGN KEY (message_archive_id) REFERENCES notification_message_arch(id);


--
-- Name: notification_message_fk_1; Type: FK CONSTRAINT; Schema: public; Owner: jbilling
--

ALTER TABLE ONLY notification_message
    ADD CONSTRAINT notification_message_fk_1 FOREIGN KEY (language_id) REFERENCES language(id);


--
-- Name: notification_message_fk_2; Type: FK CONSTRAINT; Schema: public; Owner: jbilling
--

ALTER TABLE ONLY notification_message
    ADD CONSTRAINT notification_message_fk_2 FOREIGN KEY (type_id) REFERENCES notification_message_type(id);


--
-- Name: notification_message_fk_3; Type: FK CONSTRAINT; Schema: public; Owner: jbilling
--

ALTER TABLE ONLY notification_message
    ADD CONSTRAINT notification_message_fk_3 FOREIGN KEY (entity_id) REFERENCES entity(id);


--
-- Name: notification_message_line_fk_1; Type: FK CONSTRAINT; Schema: public; Owner: jbilling
--

ALTER TABLE ONLY notification_message_line
    ADD CONSTRAINT notification_message_line_fk_1 FOREIGN KEY (message_section_id) REFERENCES notification_message_section(id);


--
-- Name: notification_message_section_fk_1; Type: FK CONSTRAINT; Schema: public; Owner: jbilling
--

ALTER TABLE ONLY notification_message_section
    ADD CONSTRAINT notification_message_section_fk_1 FOREIGN KEY (message_id) REFERENCES notification_message(id);


--
-- Name: notification_message_type_fk_1; Type: FK CONSTRAINT; Schema: public; Owner: jbilling
--

ALTER TABLE ONLY notification_message_type
    ADD CONSTRAINT notification_message_type_fk_1 FOREIGN KEY (category_id) REFERENCES notification_category(id);


--
-- Name: order_line_fk_1; Type: FK CONSTRAINT; Schema: public; Owner: jbilling
--

ALTER TABLE ONLY order_line
    ADD CONSTRAINT order_line_fk_1 FOREIGN KEY (item_id) REFERENCES item(id);


--
-- Name: order_line_fk_2; Type: FK CONSTRAINT; Schema: public; Owner: jbilling
--

ALTER TABLE ONLY order_line
    ADD CONSTRAINT order_line_fk_2 FOREIGN KEY (order_id) REFERENCES purchase_order(id);


--
-- Name: order_line_fk_3; Type: FK CONSTRAINT; Schema: public; Owner: jbilling
--

ALTER TABLE ONLY order_line
    ADD CONSTRAINT order_line_fk_3 FOREIGN KEY (type_id) REFERENCES order_line_type(id);


--
-- Name: order_period_fk_1; Type: FK CONSTRAINT; Schema: public; Owner: jbilling
--

ALTER TABLE ONLY order_period
    ADD CONSTRAINT order_period_fk_1 FOREIGN KEY (entity_id) REFERENCES entity(id);


--
-- Name: order_period_fk_2; Type: FK CONSTRAINT; Schema: public; Owner: jbilling
--

ALTER TABLE ONLY order_period
    ADD CONSTRAINT order_period_fk_2 FOREIGN KEY (unit_id) REFERENCES period_unit(id);


--
-- Name: order_process_fk_1; Type: FK CONSTRAINT; Schema: public; Owner: jbilling
--

ALTER TABLE ONLY order_process
    ADD CONSTRAINT order_process_fk_1 FOREIGN KEY (order_id) REFERENCES purchase_order(id);


--
-- Name: partner_fk_1; Type: FK CONSTRAINT; Schema: public; Owner: jbilling
--

ALTER TABLE ONLY partner
    ADD CONSTRAINT partner_fk_1 FOREIGN KEY (period_unit_id) REFERENCES period_unit(id);


--
-- Name: partner_fk_2; Type: FK CONSTRAINT; Schema: public; Owner: jbilling
--

ALTER TABLE ONLY partner
    ADD CONSTRAINT partner_fk_2 FOREIGN KEY (fee_currency_id) REFERENCES currency(id);


--
-- Name: partner_fk_3; Type: FK CONSTRAINT; Schema: public; Owner: jbilling
--

ALTER TABLE ONLY partner
    ADD CONSTRAINT partner_fk_3 FOREIGN KEY (related_clerk) REFERENCES base_user(id);


--
-- Name: partner_fk_4; Type: FK CONSTRAINT; Schema: public; Owner: jbilling
--

ALTER TABLE ONLY partner
    ADD CONSTRAINT partner_fk_4 FOREIGN KEY (user_id) REFERENCES base_user(id);


--
-- Name: partner_payout_fk_1; Type: FK CONSTRAINT; Schema: public; Owner: jbilling
--

ALTER TABLE ONLY partner_payout
    ADD CONSTRAINT partner_payout_fk_1 FOREIGN KEY (partner_id) REFERENCES partner(id);


--
-- Name: payment_authorization_fk_1; Type: FK CONSTRAINT; Schema: public; Owner: jbilling
--

ALTER TABLE ONLY payment_authorization
    ADD CONSTRAINT payment_authorization_fk_1 FOREIGN KEY (payment_id) REFERENCES payment(id);


--
-- Name: payment_fk_1; Type: FK CONSTRAINT; Schema: public; Owner: jbilling
--

ALTER TABLE ONLY payment
    ADD CONSTRAINT payment_fk_1 FOREIGN KEY (ach_id) REFERENCES ach(id);


--
-- Name: payment_fk_2; Type: FK CONSTRAINT; Schema: public; Owner: jbilling
--

ALTER TABLE ONLY payment
    ADD CONSTRAINT payment_fk_2 FOREIGN KEY (currency_id) REFERENCES currency(id);


--
-- Name: payment_fk_3; Type: FK CONSTRAINT; Schema: public; Owner: jbilling
--

ALTER TABLE ONLY payment
    ADD CONSTRAINT payment_fk_3 FOREIGN KEY (payment_id) REFERENCES payment(id);


--
-- Name: payment_fk_4; Type: FK CONSTRAINT; Schema: public; Owner: jbilling
--

ALTER TABLE ONLY payment
    ADD CONSTRAINT payment_fk_4 FOREIGN KEY (credit_card_id) REFERENCES credit_card(id);


--
-- Name: payment_fk_5; Type: FK CONSTRAINT; Schema: public; Owner: jbilling
--

ALTER TABLE ONLY payment
    ADD CONSTRAINT payment_fk_5 FOREIGN KEY (result_id) REFERENCES payment_result(id);


--
-- Name: payment_fk_6; Type: FK CONSTRAINT; Schema: public; Owner: jbilling
--

ALTER TABLE ONLY payment
    ADD CONSTRAINT payment_fk_6 FOREIGN KEY (method_id) REFERENCES payment_method(id);


--
-- Name: payment_info_cheque_fk_1; Type: FK CONSTRAINT; Schema: public; Owner: jbilling
--

ALTER TABLE ONLY payment_info_cheque
    ADD CONSTRAINT payment_info_cheque_fk_1 FOREIGN KEY (payment_id) REFERENCES payment(id);


--
-- Name: payment_invoice_fk_1; Type: FK CONSTRAINT; Schema: public; Owner: jbilling
--

ALTER TABLE ONLY payment_invoice
    ADD CONSTRAINT payment_invoice_fk_1 FOREIGN KEY (invoice_id) REFERENCES invoice(id);


--
-- Name: payment_invoice_fk_2; Type: FK CONSTRAINT; Schema: public; Owner: jbilling
--

ALTER TABLE ONLY payment_invoice
    ADD CONSTRAINT payment_invoice_fk_2 FOREIGN KEY (payment_id) REFERENCES payment(id);


--
-- Name: permission_fk_1; Type: FK CONSTRAINT; Schema: public; Owner: jbilling
--

ALTER TABLE ONLY permission
    ADD CONSTRAINT permission_fk_1 FOREIGN KEY (type_id) REFERENCES permission_type(id);


--
-- Name: permission_role_map_fk_1; Type: FK CONSTRAINT; Schema: public; Owner: jbilling
--

ALTER TABLE ONLY permission_role_map
    ADD CONSTRAINT permission_role_map_fk_1 FOREIGN KEY (role_id) REFERENCES role(id);


--
-- Name: permission_role_map_fk_2; Type: FK CONSTRAINT; Schema: public; Owner: jbilling
--

ALTER TABLE ONLY permission_role_map
    ADD CONSTRAINT permission_role_map_fk_2 FOREIGN KEY (permission_id) REFERENCES permission(id);


--
-- Name: permission_user_fk_1; Type: FK CONSTRAINT; Schema: public; Owner: jbilling
--

ALTER TABLE ONLY permission_user
    ADD CONSTRAINT permission_user_fk_1 FOREIGN KEY (user_id) REFERENCES base_user(id);


--
-- Name: permission_user_fk_2; Type: FK CONSTRAINT; Schema: public; Owner: jbilling
--

ALTER TABLE ONLY permission_user
    ADD CONSTRAINT permission_user_fk_2 FOREIGN KEY (permission_id) REFERENCES permission(id);


--
-- Name: pluggable_task_fk_1; Type: FK CONSTRAINT; Schema: public; Owner: jbilling
--

ALTER TABLE ONLY pluggable_task
    ADD CONSTRAINT pluggable_task_fk_1 FOREIGN KEY (type_id) REFERENCES pluggable_task_type(id);


--
-- Name: pluggable_task_fk_2; Type: FK CONSTRAINT; Schema: public; Owner: jbilling
--

ALTER TABLE ONLY pluggable_task
    ADD CONSTRAINT pluggable_task_fk_2 FOREIGN KEY (entity_id) REFERENCES entity(id);


--
-- Name: pluggable_task_parameter_fk_1; Type: FK CONSTRAINT; Schema: public; Owner: jbilling
--

ALTER TABLE ONLY pluggable_task_parameter
    ADD CONSTRAINT pluggable_task_parameter_fk_1 FOREIGN KEY (task_id) REFERENCES pluggable_task(id);


--
-- Name: pluggable_task_type_fk_1; Type: FK CONSTRAINT; Schema: public; Owner: jbilling
--

ALTER TABLE ONLY pluggable_task_type
    ADD CONSTRAINT pluggable_task_type_fk_1 FOREIGN KEY (category_id) REFERENCES pluggable_task_type_category(id);


--
-- Name: preference_fk_1; Type: FK CONSTRAINT; Schema: public; Owner: jbilling
--

ALTER TABLE ONLY preference
    ADD CONSTRAINT preference_fk_1 FOREIGN KEY (type_id) REFERENCES preference_type(id);


--
-- Name: preference_fk_2; Type: FK CONSTRAINT; Schema: public; Owner: jbilling
--

ALTER TABLE ONLY preference
    ADD CONSTRAINT preference_fk_2 FOREIGN KEY (table_id) REFERENCES jbilling_table(id);


--
-- Name: process_run_fk_1; Type: FK CONSTRAINT; Schema: public; Owner: jbilling
--

ALTER TABLE ONLY process_run
    ADD CONSTRAINT process_run_fk_1 FOREIGN KEY (process_id) REFERENCES billing_process(id);


--
-- Name: process_run_fk_2; Type: FK CONSTRAINT; Schema: public; Owner: jbilling
--

ALTER TABLE ONLY process_run
    ADD CONSTRAINT process_run_fk_2 FOREIGN KEY (status_id) REFERENCES generic_status(id);


--
-- Name: process_run_total_fk_1; Type: FK CONSTRAINT; Schema: public; Owner: jbilling
--

ALTER TABLE ONLY process_run_total
    ADD CONSTRAINT process_run_total_fk_1 FOREIGN KEY (currency_id) REFERENCES currency(id);


--
-- Name: process_run_total_fk_2; Type: FK CONSTRAINT; Schema: public; Owner: jbilling
--

ALTER TABLE ONLY process_run_total
    ADD CONSTRAINT process_run_total_fk_2 FOREIGN KEY (process_run_id) REFERENCES process_run(id);


--
-- Name: process_run_total_pm_fk_1; Type: FK CONSTRAINT; Schema: public; Owner: jbilling
--

ALTER TABLE ONLY process_run_total_pm
    ADD CONSTRAINT process_run_total_pm_fk_1 FOREIGN KEY (payment_method_id) REFERENCES payment_method(id);


--
-- Name: process_run_user_fk_1; Type: FK CONSTRAINT; Schema: public; Owner: jbilling
--

ALTER TABLE ONLY process_run_user
    ADD CONSTRAINT process_run_user_fk_1 FOREIGN KEY (user_id) REFERENCES base_user(id);


--
-- Name: process_run_user_fk_2; Type: FK CONSTRAINT; Schema: public; Owner: jbilling
--

ALTER TABLE ONLY process_run_user
    ADD CONSTRAINT process_run_user_fk_2 FOREIGN KEY (process_run_id) REFERENCES process_run(id);


--
-- Name: promotion_fk_1; Type: FK CONSTRAINT; Schema: public; Owner: jbilling
--

ALTER TABLE ONLY promotion
    ADD CONSTRAINT promotion_fk_1 FOREIGN KEY (item_id) REFERENCES item(id);


--
-- Name: purchase_order_fk_1; Type: FK CONSTRAINT; Schema: public; Owner: jbilling
--

ALTER TABLE ONLY purchase_order
    ADD CONSTRAINT purchase_order_fk_1 FOREIGN KEY (currency_id) REFERENCES currency(id);


--
-- Name: purchase_order_fk_2; Type: FK CONSTRAINT; Schema: public; Owner: jbilling
--

ALTER TABLE ONLY purchase_order
    ADD CONSTRAINT purchase_order_fk_2 FOREIGN KEY (billing_type_id) REFERENCES order_billing_type(id);


--
-- Name: purchase_order_fk_3; Type: FK CONSTRAINT; Schema: public; Owner: jbilling
--

ALTER TABLE ONLY purchase_order
    ADD CONSTRAINT purchase_order_fk_3 FOREIGN KEY (period_id) REFERENCES order_period(id);


--
-- Name: purchase_order_fk_4; Type: FK CONSTRAINT; Schema: public; Owner: jbilling
--

ALTER TABLE ONLY purchase_order
    ADD CONSTRAINT purchase_order_fk_4 FOREIGN KEY (user_id) REFERENCES base_user(id);


--
-- Name: purchase_order_fk_5; Type: FK CONSTRAINT; Schema: public; Owner: jbilling
--

ALTER TABLE ONLY purchase_order
    ADD CONSTRAINT purchase_order_fk_5 FOREIGN KEY (created_by) REFERENCES base_user(id);


--
-- Name: purchase_order_fk_6; Type: FK CONSTRAINT; Schema: public; Owner: jbilling
--

ALTER TABLE ONLY purchase_order
    ADD CONSTRAINT purchase_order_fk_6 FOREIGN KEY (status_id) REFERENCES generic_status(id);


--
-- Name: purchase_order_master_order_id_fkey; Type: FK CONSTRAINT; Schema: public; Owner: jbilling
--

ALTER TABLE ONLY purchase_order_master
    ADD CONSTRAINT purchase_order_master_order_id_fkey FOREIGN KEY (order_id) REFERENCES purchase_order(id) ON DELETE CASCADE;


--
-- Name: report_fk_1; Type: FK CONSTRAINT; Schema: public; Owner: jbilling
--

ALTER TABLE ONLY report
    ADD CONSTRAINT report_fk_1 FOREIGN KEY (type_id) REFERENCES report_type(id);


--
-- Name: report_parameter_fk_1; Type: FK CONSTRAINT; Schema: public; Owner: jbilling
--

ALTER TABLE ONLY report_parameter
    ADD CONSTRAINT report_parameter_fk_1 FOREIGN KEY (report_id) REFERENCES report(id);


--
-- Name: role_entity_id_fk; Type: FK CONSTRAINT; Schema: public; Owner: jbilling
--

ALTER TABLE ONLY role
    ADD CONSTRAINT role_entity_id_fk FOREIGN KEY (entity_id) REFERENCES entity(id);


--
-- Name: user_role_map_fk_1; Type: FK CONSTRAINT; Schema: public; Owner: jbilling
--

ALTER TABLE ONLY user_role_map
    ADD CONSTRAINT user_role_map_fk_1 FOREIGN KEY (role_id) REFERENCES role(id);


--
-- Name: user_role_map_fk_2; Type: FK CONSTRAINT; Schema: public; Owner: jbilling
--

ALTER TABLE ONLY user_role_map
    ADD CONSTRAINT user_role_map_fk_2 FOREIGN KEY (user_id) REFERENCES base_user(id);


--
-- Name: public; Type: ACL; Schema: -; Owner: postgres
--

REVOKE ALL ON SCHEMA public FROM PUBLIC;
REVOKE ALL ON SCHEMA public FROM postgres;
GRANT ALL ON SCHEMA public TO postgres;
GRANT ALL ON SCHEMA public TO PUBLIC;


--
-- Name: item_period; Type: ACL; Schema: public; Owner: postgres
--

REVOKE ALL ON TABLE item_period FROM PUBLIC;
REVOKE ALL ON TABLE item_period FROM postgres;
GRANT ALL ON TABLE item_period TO postgres;
GRANT ALL ON TABLE item_period TO PUBLIC;


--
-- Name: DEFAULT PRIVILEGES FOR TABLES; Type: DEFAULT ACL; Schema: -; Owner: postgres
--

ALTER DEFAULT PRIVILEGES FOR ROLE postgres REVOKE ALL ON TABLES  FROM PUBLIC;
ALTER DEFAULT PRIVILEGES FOR ROLE postgres REVOKE ALL ON TABLES  FROM postgres;
ALTER DEFAULT PRIVILEGES FOR ROLE postgres GRANT ALL ON TABLES  TO postgres;
ALTER DEFAULT PRIVILEGES FOR ROLE postgres GRANT ALL ON TABLES  TO PUBLIC;


--
-- PostgreSQL database dump complete
--

